## Northumbria University, Release r32 (SWID 119)
## 01-01-2024 10:00:00
## -1071 377 -592 257 1618 -697 605 -251 0
## Dockable table = FALSE
# v1raw v2raw  v1 v2  ppu resp  gx gy gz mark
41 16 1 0 -280 27 -4 -3 2 0000
-17 -16 0 0 -285 25 1 1 -1 0000
11 10 0 0 -305 4 -1 2 -2 0000
19 -46 0 0 -311 48 1 1 0 0000
12 40 0 0 -294 11 0 4 -2 0000
-3 12 0 0 -299 62 0 -2 1 0000
46 24 1 1 -328 1 4 -2 -5 0000
-2 35 0 0 -301 39 -2 -3 1 0000
61 51 1 1 -299 19 -2 2 1 0000
-1 5 0 0 -279 22 -2 3 1 0000
40 -2 1 0 -296 13 -5 -2 1 0000
69 73 1 1 -311 57 1 2 -1 0000
-41 -25 -1 0 -314 72 -5 0 2 0000
-8 1 0 0 -301 39 0 -2 2 0000
-3 39 0 0 -315 74 -2 0 -1 0000
20 22 0 0 -319 80 -1 1 0 0000
-8 -2 0 0 -301 52 0 -1 3 0000
-79 -68 -2 -1 -273 74 -2 4 2 0000
-72 -46 -1 -1 -286 81 0 1 -1 0000
41 12 1 0 -294 78 -2 0 -2 0000
-8 -18 0 0 -289 101 -3 4 4 0000
-52 -37 -1 -1 -333 122 4 1 0 0000
-4 13 0 0 -296 107 -3 -4 1 0000
38 48 1 0 -318 85 1 1 0 0000
58 35 1 1 -304 71 -4 0 -4 0000
-11 -14 0 0 -321 143 0 2 -1 0000
-6 12 0 0 -284 99 1 -2 -1 0000
-51 -47 -1 -1 -290 100 2 1 -3 0000
16 -24 0 0 -313 115 3 1 0 0000
-17 1 0 0 -278 120 -1 -2 2 0000
16 7 0 0 -312 91 2 -2 -1 0000
23 -34 0 0 -312 139 -2 0 -2 0000
33 -24 1 0 -293 151 -1 1 0 0000
-16 -4 0 0 -309 130 0 -2 0 0000
17 31 0 0 -285 148 -2 -1 -1 0000
-49 -18 -1 -1 -302 163 -2 1 -1 0000
-21 -19 0 0 -309 150 -2 2 2 0000
-23 18 0 0 -293 197 1 3 1 0000
-70 -61 -1 -1 -287 165 0 2 0 0000
4 -6 0 0 -285 160 1 -3 0 0000
9 -10 0 0 -305 195 2 -3 3 0000
-8 4 0 0 -286 172 -2 -2 2 0000
25 -19 1 0 -305 168 3 4 2 0000
-19 -44 0 0 -291 145 -2 -1 2 0000
-38 -65 -1 0 -284 196 1 1 1 0000
16 8 0 0 -301 165 0 2 3 0000
-21 14 0 0 -288 214 1 1 1 0000
46 61 1 1 -304 179 -3 0 0 0000
-10 -25 0 0 -280 208 -1 -1 0 0000
23 3 0 0 -333 197 1 -3 -1 0000
13 -12 0 0 -290 203 0 3 -1 0000
-20 -6 0 0 -326 236 2 1 0 0000
51 37 1 1 -308 201 0 -2 1 0000
23 29 0 0 -275 213 2 -1 -1 0000
6 -34 0 0 -311 219 -2 1 4 0000
12 -22 0 0 -308 224 -1 2 -3 0000
24 4 0 0 -346 207 -2 -1 -3 0000
6 -11 0 0 -311 237 -1 0 -5 0000
-86 -41 -2 -1 -291 268 -1 -2 -2 0000
12 4 0 0 -288 279 0 -3 2 0000
-7 -37 0 0 -316 272 2 2 1 0000
9 29 0 0 -331 258 0 -2 1 0000
21 21 0 0 -302 254 0 2 3 0000
46 11 1 1 -302 258 -5 2 -1 0000
-18 -36 0 0 -301 275 1 1 -1 0000
43 16 1 1 -292 261 0 3 4 0000
14 -13 0 0 -314 282 -3 7 3 0000
35 50 1 0 -283 294 -2 -2 -3 0000
32 13 1 0 -311 276 -1 -2 -2 0000
26 16 1 0 -279 272 1 -2 3 0000
-27 -1 -1 0 -289 262 2 -3 0 0000
2 11 0 0 -309 303 -2 1 -2 0000
23 49 0 0 -312 273 0 -1 2 0000
-24 -4 0 0 -299 347 -2 0 -2 0000
-12 32 0 0 -294 309 1 0 0 0000
22 2 0 0 -290 253 -4 1 -2 0000
28 -13 1 0 -303 306 -2 0 0 0000
19 5 0 0 -314 281 2 1 -1 0000
-22 -9 0 0 -334 346 0 1 4 0000
-28 -1 -1 0 -300 325 1 2 -2 0000
50 54 1 1 -330 316 3 -4 0 0000
13 4 0 0 -303 299 -2 1 0 0000
8 -1 0 0 -287 291 -1 0 0 0000
2 -7 0 0 -263 336 -1 -1 -1 0000
-31 -4 -1 0 -299 300 1 -1 -1 0000
24 -18 0 0 -278 327 0 -1 -5 0000
-1 15 0 0 -272 322 -2 1 2 0000
0 -26 0 0 -310 369 0 0 -2 0000
34 38 1 0 -294 302 1 -2 5 0000
30 15 1 0 -319 354 -2 -2 2 0000
47 63 1 1 -325 334 -1 1 0 0000
-9 -31 0 0 -289 333 -2 -4 1 0000
25 5 1 0 -276 348 -1 1 0 0000
48 33 1 1 -292 370 2 -3 -3 0000
-27 -11 -1 0 -293 362 1 4 2 0000
-20 -40 0 0 -324 372 1 -1 -2 0000
-28 -18 -1 0 -287 391 0 2 -1 0000
-38 -54 -1 0 -287 358 -1 2 -2 0000
9 16 0 0 -289 394 -3 -4 1 0000
26 5 1 0 -277 362 0 2 2 0000
42 33 1 1 -290 373 0 3 0 0000
38 45 1 0 -291 393 2 1 0 0000
-24 -11 0 0 -280 361 4 -1 -1 0000
62 53 1 1 -296 381 0 1 0 0000
-13 -10 0 0 -289 386 2 -1 2 0000
10 7 0 0 -305 423 1 -4 0 0000
-6 8 0 0 -304 403 3 1 -5 0000
3 2 0 0 -284 379 -2 0 2 0000
12 1 0 0 -296 378 -1 1 -3 0000
10 -14 0 0 -281 441 0 1 -5 0000
6 24 0 0 -294 393 0 1 -1 0000
10 46 0 0 -291 388 4 3 -2 0000
-7 15 0 0 -306 391 1 1 3 0000
-8 16 0 0 -291 430 -2 1 0 0000
-43 -38 -1 -1 -277 404 -1 3 2 0000
-4 0 0 0 -297 429 -2 -1 -1 0000
-8 -3 0 0 -298 410 3 -3 0 0000
88 65 2 1 -288 406 3 -1 2 0000
-33 -26 -1 0 -318 429 0 -2 -2 0000
12 -9 0 0 -318 385 -5 3 -2 0000
-37 -25 -1 0 -274 392 0 1 -2 0000
-36 34 -1 0 -320 444 0 2 2 0000
11 0 0 0 -304 402 2 3 2 0000
-22 6 0 0 -296 414 -2 -3 2 0000
8 -29 0 0 -294 451 -1 -1 0 0000
-5 56 0 0 -290 405 -1 -1 3 0000
-10 -36 0 0 -292 406 1 0 -3 0000
-53 -29 -1 -1 -293 461 5 -4 -1 0000
-29 -16 -1 0 -277 467 -4 2 -1 0000
14 5 0 0 -274 406 -1 -2 1 0000
25 -18 1 0 -314 456 0 2 -1 0000
-7 -24 0 0 -296 475 -5 0 0 0000
8 27 0 0 -287 475 -3 2 0 0000
42 28 1 1 -307 413 -4 1 -1 0000
52 30 1 1 -289 460 -1 1 -2 0000
-24 -8 0 0 -315 446 -1 -3 -2 0000
5 7 0 0 -270 440 1 1 -5 0000
45 30 1 1 -313 441 1 0 -1 0000
-5 12 0 0 -280 441 -4 0 2 0000
7 17 0 0 -283 459 2 3 2 0000
6 30 0 0 -278 467 -1 0 -2 0000
-18 -12 0 0 -327 452 0 2 4 0000
-4 4 0 0 -297 478 0 -3 0 0000
8 -38 0 0 -281 465 0 -1 0 0000
-3 25 0 0 -309 455 1 -1 -2 0000
43 43 1 1 -301 474 -1 -5 -1 0000
-5 -7 0 0 -297 449 -3 0 -1 0000
-4 36 0 0 -268 487 -2 0 -2 0000
30 13 1 0 -305 472 -1 -1 0 0000
-22 -6 0 0 -296 463 4 1 -3 0000
8 -25 0 0 -305 489 1 2 -3 0000
-37 -18 -1 0 -311 454 -1 1 1 0000
45 11 1 1 -303 467 -2 1 1 0000
1 -12 0 0 -283 488 -2 -2 2 0000
-4 35 0 0 -299 473 1 1 1 0000
-27 7 -1 0 -291 458 2 0 0 0000
10 -8 0 0 -297 504 -3 -4 -1 0000
-14 11 0 0 -292 525 0 -2 1 0000
-6 17 0 0 -278 488 1 1 0 0000
49 41 1 1 -280 518 4 -2 -1 0000
5 3 0 0 -309 499 -1 -2 -1 0000
-22 -8 0 0 -303 480 -4 1 2 0000
15 26 0 0 -299 478 0 -1 -2 0000
-1 -8 0 0 -292 498 0 -1 0 0000
28 48 1 0 -289 468 1 4 -1 0000
53 30 1 1 -301 499 -1 1 -1 0000
-19 11 0 0 -293 468 -3 -1 4 0000
24 20 0 0 -272 538 0 -2 0 0000
13 -5 0 0 -292 496 -1 -2 0 0000
38 21 1 0 -306 481 1 1 1 0000
4 13 0 0 -300 485 5 -1 -2 0000
35 10 1 0 -274 505 -1 -2 -1 0000
-43 -38 -1 -1 -308 496 0 0 2 0000
59 47 1 1 -279 502 1 2 2 0000
31 31 1 0 -330 492 -2 2 0 0000
-4 19 0 0 -282 492 0 -2 3 0000
-52 -20 -1 -1 -307 523 1 -1 1 0000
-3 17 0 0 -288 500 0 0 -2 0000
-28 -27 -1 0 -296 508 -1 1 2 0000
-69 -8 -1 -1 -286 471 -2 1 0 0000
-98 -45 -2 -1 -283 510 -4 -1 -1 0000
-157 -99 -3 -2 -272 477 -5 2 -4 0000
-165 -108 -3 -2 -302 492 0 0 0 0000
-198 -146 -4 -2 -279 502 0 -4 -1 0000
-237 -126 -5 -3 -304 491 1 0 -1 0000
-275 -196 -6 -3 -294 522 0 -2 2 0000
-204 -95 -4 -2 -284 486 -1 3 -1 0000
-182 -114 -4 -2 -298 507 0 0 -2 0000
-178 -99 -4 -2 -276 495 2 -1 2 0000
-131 -98 -3 -2 -302 526 -2 1 1 0000
28 33 1 0 -305 515 0 1 0 0000
171 131 3 2 -311 498 3 0 2 0000
423 249 8 5 -275 473 1 2 -1 0000
689 441 14 8 -309 490 0 -2 -1 0000
1065 650 21 13 -299 474 -1 0 -2 0000
1485 901 30 18 -280 496 2 -2 4 0000
1730 1050 35 21 -290 534 1 -3 -5 0000
1832 1085 37 22 -295 491 -1 0 -1 0001
1765 1051 35 21 -260 511 -2 -4 -3 0000
1440 834 29 17 -256 512 0 -2 0 0000
1005 572 20 12 -294 507 3 0 -1 0000
695 421 14 8 -284 466 0 2 1 0000
393 209 8 5 -256 507 4 1 0 0000
174 101 3 2 -266 502 -3 -2 1 0000
-94 -89 -2 -1 -270 492 0 3 -3 0000
-187 -89 -4 -2 -252 473 -2 -3 2 0000
-225 -125 -4 -3 -241 509 -1 2 -2 0000
-251 -168 -5 -3 -238 472 2 -2 2 0000
-228 -129 -5 -3 -260 496 -1 0 2 0000
-182 -92 -4 -2 -245 468 -1 0 1 0000
-167 -133 -3 -2 -256 482 -1 1 -3 0000
-17 -14 0 0 -246 441 -1 3 -3 0000
-21 -15 0 0 -249 475 2 1 0 0000
23 22 0 0 -244 515 -2 -2 1 0000
83 35 2 1 -220 507 -4 1 0 0000
104 76 2 1 -223 472 -1 1 1 0000
127 71 3 2 -239 531 1 1 3 0000
197 107 4 2 -227 459 4 3 4 0000
165 72 3 2 -208 489 -2 -1 2 0000
149 40 3 2 -168 492 0 1 2 0000
213 119 4 3 -176 448 2 2 -2 0000
205 159 4 2 -189 491 1 -3 4 0000
214 142 4 3 -171 502 1 -2 2 0000
211 109 4 3 -181 504 -1 -5 -2 0000
269 167 5 3 -180 517 0 0 0 0000
265 122 5 3 -150 465 0 1 2 0000
299 195 6 4 -147 486 -1 -1 1 0000
290 164 6 3 -141 484 0 -1 -3 0000
290 150 6 3 -102 485 -2 2 -2 0000
360 188 7 4 -127 449 0 0 1 0000
327 228 7 4 -125 507 1 3 1 0000
375 217 7 4 -97 462 -4 1 0 0000
321 192 6 4 -84 433 1 1 1 0000
354 188 7 4 -60 458 -1 0 -1 0000
369 216 7 4 -28 470 1 3 1 0000
374 250 7 4 -18 434 3 3 -2 0000
434 238 9 5 19 496 -2 -1 1 0000
399 236 8 5 15 436 -3 5 -4 0000
412 284 8 5 1 381 -3 -1 1 0000
381 217 8 5 14 449 -4 0 2 0000
391 266 8 5 25 463 0 -2 3 0000
444 262 9 5 45 467 2 2 0 0000
453 258 9 5 45 445 -1 3 1 0000
452 274 9 5 65 454 -1 2 2 0000
371 219 7 4 52 412 -1 4 2 0000
471 293 9 6 107 458 -2 0 4 0000
436 262 9 5 82 451 0 -1 1 0000
399 215 8 5 128 458 1 1 -1 0000
415 231 8 5 134 453 -2 1 -4 0000
357 208 7 4 106 438 -2 -1 0 0000
345 194 7 4 167 417 4 -3 0 0000
370 198 7 4 175 436 1 -2 0 0000
323 200 6 4 193 423 -2 2 0 0000
353 214 7 4 170 451 1 2 -2 0000
375 223 8 5 213 455 2 1 1 0000
293 206 6 4 189 432 0 -1 -2 0000
289 181 6 3 226 404 -1 0 1 0000
300 205 6 4 222 429 5 0 2 0000
255 134 5 3 239 417 0 1 1 0000
261 122 5 3 237 419 0 0 1 0000
285 162 6 3 253 402 -1 -1 -2 0000
274 171 5 3 274 349 -1 0 -1 0000
244 181 5 3 296 414 0 1 4 0000
163 97 3 2 261 405 0 0 -2 0000
204 126 4 2 265 383 2 -1 -1 0000
225 103 5 3 280 405 2 -2 -5 0000
205 156 4 2 294 410 -1 2 2 0000
163 49 3 2 300 369 -1 1 3 0000
77 49 2 1 305 355 -1 -3 0 0000
148 62 3 2 253 387 1 0 1 0000
153 119 3 2 315 369 0 -2 1 0000
127 83 3 2 302 370 -4 -1 2 0000
121 77 2 1 313 356 -3 -1 4 0000
121 82 2 1 295 374 1 2 2 0000
87 53 2 1 329 342 2 0 -3 0000
131 64 3 2 300 405 1 -2 1 0000
98 90 2 1 238 349 0 1 1 0000
40 51 1 0 253 345 1 -2 -2 0000
113 85 2 1 269 335 2 4 1 0000
102 69 2 1 235 332 -2 -1 0 0000
85 75 2 1 270 309 -1 -3 1 0000
6 0 0 0 253 356 1 -3 0 0000
34 -18 1 0 249 372 -2 1 -3 0000
66 30 1 1 230 339 -1 2 -2 0000
45 8 1 1 218 314 0 -1 0 0000
51 37 1 1 239 353 2 0 -1 0000
112 39 2 1 226 355 1 -2 0 0000
11 16 0 0 208 347 2 3 1 0000
-30 -9 -1 0 202 354 2 -1 0 0000
39 46 1 0 173 294 -1 2 -2 0000
9 30 0 0 179 303 -2 1 -1 0000
41 9 1 0 185 346 -3 2 2 0000
2 36 0 0 136 312 -2 0 -1 0000
92 60 2 1 120 302 0 -2 2 0000
21 -2 0 0 144 309 -1 0 2 0000
9 -23 0 0 104 345 1 -3 2 0000
18 52 0 0 75 250 -1 2 1 0000
48 45 1 1 105 304 -3 -3 0 0000
25 41 0 0 83 289 1 0 -5 0000
-28 -28 -1 0 42 282 -1 0 0 0000
21 29 0 0 45 302 -3 1 2 0000
43 -9 1 1 75 299 0 -1 -1 0000
21 -4 0 0 20 301 3 -3 -1 0000
42 17 1 1 15 268 2 -1 0 0000
15 -60 0 0 0 315 0 1 4 0000
18 -11 0 0 -29 320 2 -1 0 0000
34 33 1 0 -7 252 0 -1 1 0000
49 1 1 1 -69 270 0 -1 -1 0000
-18 -19 0 0 -46 243 -1 -3 2 0000
18 8 0 0 -52 251 1 2 4 0000
17 -7 0 0 -73 239 -1 2 1 0000
-3 -3 0 0 -69 285 3 1 -3 0000
-12 0 0 0 -64 237 3 0 -2 0000
1 -17 0 0 -92 246 0 2 -3 0000
37 7 1 0 -120 221 0 3 0 0000
7 12 0 0 -138 222 2 4 4 0000
-4 -30 0 0 -121 223 -1 0 3 0000
25 48 0 0 -182 199 -2 3 2 0000
-17 20 0 0 -153 214 0 2 1 0000
51 36 1 1 -159 236 3 -1 -2 0000
5 4 0 0 -194 205 1 -2 0 0000
25 -14 1 0 -157 180 -2 -2 0 0000
21 -34 0 0 -174 203 1 1 -2 0000
20 48 0 0 -178 188 1 0 0 0000
74 8 1 1 -222 174 0 4 1 0000
-5 38 0 0 -199 187 -2 2 0 0000
54 40 1 1 -193 175 -1 1 -2 0000
21 -4 0 0 -232 183 3 1 1 0000
-5 -1 0 0 -238 185 -1 2 -3 0000
18 -18 0 0 -226 191 2 0 2 0000
43 24 1 1 -245 202 3 0 3 0000
8 21 0 0 -241 165 0 -1 -2 0000
-3 -5 0 0 -230 209 -4 -2 0 0000
25 30 1 0 -248 155 -3 0 -1 0000
50 21 1 1 -246 132 -2 3 -2 0000
18 20 0 0 -243 136 0 -4 -3 0000
-21 -5 0 0 -265 167 2 -1 0 0000
-18 -5 0 0 -247 152 2 0 1 0000
-2 -41 0 0 -262 154 -2 1 -2 0000
5 23 0 0 -265 161 1 -5 -1 0000
20 14 0 0 -275 122 1 3 2 0000
41 49 1 0 -256 161 -2 1 4 0000
8 8 0 0 -251 144 1 1 -2 0000
-12 17 0 0 -296 119 2 1 1 0000
39 34 1 0 -297 110 1 -1 -2 0000
29 61 1 0 -276 110 2 -6 1 0000
56 49 1 1 -301 93 -2 0 -1 0000
-29 -6 -1 0 -284 90 -3 1 2 0000
24 27 0 0 -261 131 2 0 -1 0000
62 55 1 1 -263 97 -1 -4 0 0000
43 39 1 1 -300 107 -3 1 -2 0000
-3 -4 0 0 -297 115 0 0 4 0000
44 50 1 1 -304 109 3 -2 0 0000
-5 -12 0 0 -289 79 0 0 2 0000
8 36 0 0 -305 51 0 5 0 0000
57 63 1 1 -287 84 1 1 2 0000
13 19 0 0 -317 46 -2 1 1 0000
47 52 1 1 -295 73 2 -1 -2 0000
13 20 0 0 -294 18 2 3 1 0000
-25 -27 -1 0 -278 91 2 0 -1 0000
-3 -1 0 0 -326 78 -2 -3 2 0000
-11 9 0 0 -286 77 -3 1 -1 0000
8 -40 0 0 -286 74 2 0 0 0000
12 -19 0 0 -299 9 2 0 2 0000
18 -4 0 0 -297 14 2 -4 0 0000
15 40 0 0 -289 40 1 -2 1 0000
79 27 2 1 -302 22 3 -2 -1 0000
-19 -25 0 0 -286 11 1 -1 -3 0000
10 -18 0 0 -317 21 -1 -3 1 0000
33 -20 1 0 -313 33 -2 -3 2 0000
70 67 1 1 -282 9 0 3 -4 0000
23 24 0 0 -288 -3 1 -3 -5 0000
54 41 1 1 -320 -7 -2 -1 -3 0000
-37 -19 -1 0 -316 22 1 3 2 0000
47 30 1 1 -301 -24 -3 -2 2 0000
-31 -5 -1 0 -311 -20 2 0 0 0000
-39 -43 -1 0 -309 -18 1 4 -2 0000
-91 -82 -2 -1 -308 -82 1 -3 -2 0000
-86 -50 -2 -1 -309 -9 0 -3 -2 0000
-74 -44 -1 -1 -309 -14 0 -2 -1 0000
-91 -67 -2 -1 -302 -22 2 -1 -1 0000
-228 -133 -5 -3 -284 -64 -3 -5 1 0000
-202 -119 -4 -2 -287 -40 -1 3 -5 0000
-182 -141 -4 -2 -308 -65 4 0 1 0000
-219 -121 -4 -3 -288 -58 0 -1 -2 0000
-193 -121 -4 -2 -297 -59 0 1 -3 0000
-150 -111 -3 -2 -336 -74 0 1 1 0000
-54 -36 -1 -1 -280 -118 1 0 -2 0000
76 34 2 1 -289 -49 4 0 0 0000
214 133 4 3 -283 -73 3 -1 -1 0000
436 260 9 5 -284 -116 4 -2 2 0000
730 439 15 9 -260 -87 -1 1 1 0000
1121 662 22 13 -291 -69 3 4 -2 0000
1448 874 29 17 -287 -65 0 -3 0 0000
1721 1042 34 21 -313 -92 0 2 -2 0000
1858 1102 37 22 -295 -71 -1 2 1 0001
1735 995 35 21 -291 -132 1 1 0 0000
1455 870 29 17 -264 -40 -1 0 -1 0000
1069 653 21 13 -276 -123 -2 4 -1 0000
725 483 14 9 -259 -131 0 3 -3 0000
410 265 8 5 -287 -101 0 1 2 0000
98 20 2 1 -251 -116 0 -3 -1 0000
-39 7 -1 0 -267 -81 4 0 -1 0000
-139 -37 -3 -2 -265 -135 -2 0 -2 0000
-210 -96 -4 -3 -255 -135 0 -1 -2 0000
-238 -133 -5 -3 -253 -107 -2 0 2 0000
-197 -140 -4 -2 -263 -93 -2 3 -3 0000
-145 -100 -3 -2 -242 -113 1 2 0 0000
-75 -51 -1 -1 -265 -151 4 0 2 0000
-124 -55 -2 -1 -250 -87 -2 -3 0 0000
-34 -35 -1 0 -235 -169 -2 1 -5 0000
27 5 1 0 -254 -148 -1 -1 -1 0000
29 -1 1 0 -240 -216 1 1 2 0000
92 44 2 1 -225 -155 -3 1 -1 0000
119 49 2 1 -212 -144 -2 3 1 0000
143 125 3 2 -204 -146 2 0 -3 0000
117 65 2 1 -212 -188 2 -2 -3 0000
205 124 4 2 -192 -160 -1 3 -1 0000
194 111 4 2 -209 -150 0 5 0 0000
273 199 5 3 -161 -234 0 -1 4 0000
265 183 5 3 -191 -164 0 1 -1 0000
211 111 4 3 -146 -194 -4 -3 -3 0000
271 199 5 3 -163 -207 -2 0 -1 0000
264 152 5 3 -140 -186 -1 2 -1 0000
322 225 6 4 -106 -216 1 1 2 0000
310 181 6 4 -97 -211 0 -2 0 0000
305 170 6 4 -84 -240 0 1 0 0000
347 209 7 4 -119 -209 2 1 3 0000
351 193 7 4 -89 -222 0 -1 1 0000
353 224 7 4 -92 -250 3 1 -4 0000
429 253 9 5 -64 -198 -2 -1 -2 0000
363 216 7 4 -52 -231 0 1 -3 0000
374 220 7 4 -45 -250 0 2 -1 0000
351 246 7 4 -25 -221 1 1 2 0000
403 268 8 5 0 -316 3 1 -1 0000
438 264 9 5 -4 -228 1 1 2 0000
354 233 7 4 2 -241 1 -4 -1 0000
413 261 8 5 -9 -247 -3 0 -1 0000
388 245 8 5 14 -271 0 -1 -3 0000
469 239 9 6 34 -308 2 -1 -1 0000
467 310 9 6 44 -294 -2 -2 -2 0000
436 254 9 5 68 -275 -3 1 1 0000
467 299 9 6 84 -272 -1 -3 -1 0000
395 274 8 5 68 -294 -1 -3 2 0000
445 256 9 5 114 -293 4 2 -1 0000
394 206 8 5 114 -282 -3 -1 0 0000
415 284 8 5 111 -299 4 0 -2 0000
389 251 8 5 146 -285 -2 -2 3 0000
381 205 8 5 155 -322 1 2 -1 0000
396 228 8 5 145 -308 0 -2 1 0000
331 181 7 4 191 -303 -2 0 -2 0000
351 202 7 4 177 -311 -2 -1 -1 0000
353 232 7 4 208 -341 0 0 -1 0000
323 225 6 4 196 -362 0 -2 1 0000
326 210 7 4 235 -300 1 -3 0 0000
300 140 6 4 226 -299 0 -4 1 0000
345 188 7 4 221 -356 -1 -4 -4 0000
305 182 6 4 243 -322 -3 -1 -2 0000
359 201 7 4 241 -344 2 -1 -4 0000
233 116 5 3 265 -346 -2 -2 -4 0000
268 169 5 3 258 -323 0 0 0 0000
293 182 6 4 271 -322 -3 0 -1 0000
226 144 5 3 268 -335 2 3 1 0000
172 121 3 2 284 -339 3 3 -1 0000
162 128 3 2 293 -317 2 -1 -3 0000
179 91 4 2 282 -348 0 1 2 0000
208 131 4 2 300 -340 0 0 -2 0000
180 135 4 2 283 -384 2 1 -1 0000
83 46 2 1 298 -364 2 2 -3 0000
116 60 2 1 287 -355 3 1 -1 0000
128 79 3 2 294 -389 -1 -2 2 0000
75 19 2 1 318 -368 2 -3 1 0000
131 60 3 2 307 -386 0 -2 2 0000
29 17 1 0 296 -371 4 0 2 0000
100 63 2 1 303 -383 1 4 0 0000
77 41 2 1 278 -395 1 3 -1 0000
68 50 1 1 281 -435 0 -1 -1 0000
68 24 1 1 297 -368 1 -1 -2 0000
81 57 2 1 268 -386 0 -1 -1 0000
79 19 2 1 298 -390 2 -1 -3 0000
56 36 1 1 250 -390 3 5 1 0000
1 -11 0 0 252 -428 3 -1 1 0000
12 10 0 0 250 -389 -2 1 -1 0000
8 12 0 0 194 -407 3 1 -2 0000
72 22 1 1 206 -400 -2 0 0 0000
39 29 1 0 219 -437 0 1 -2 0000
52 43 1 1 173 -405 0 0 0 0000
-5 7 0 0 166 -433 0 -1 1 0000
24 51 0 0 174 -430 -3 0 -1 0000
56 58 1 1 167 -451 1 2 0 0000
32 26 1 0 147 -434 -2 0 0 0000
33 39 1 0 151 -426 -1 2 0 0000
33 60 1 0 121 -417 1 1 2 0000
71 37 1 1 125 -435 -1 -2 2 0000
15 -15 0 0 95 -431 -1 -2 -3 0000
53 20 1 1 95 -440 -2 -4 -3 0010
60 23 1 1 95 -434 0 1 1 0000
-4 38 0 0 74 -456 -3 0 1 0000
35 43 1 0 52 -419 3 -2 -2 0000
31 20 1 0 77 -460 0 2 0 0000
62 18 1 1 35 -466 -1 2 -1 0000
58 35 1 1 18 -469 1 1 0 0000
31 39 1 0 17 -439 -2 2 1 0000
35 -1 1 0 8 -420 0 -3 -1 0000
9 -35 0 0 -37 -406 0 1 2 0000
24 32 0 0 -30 -473 -3 -2 4 0000
0 -29 0 0 -48 -432 2 1 -2 0000
1 26 0 0 -53 -459 1 0 6 0000
-6 12 0 0 -75 -417 2 1 -2 0000
55 1 1 1 -83 -438 3 2 0 0000
64 36 1 1 -88 -422 -5 -3 -1 0000
18 -15 0 0 -98 -475 2 2 3 0000
-4 -39 0 0 -97 -459 -1 2 -2 0000
28 2 1 0 -123 -469 0 0 2 0000
98 47 2 1 -127 -461 -2 2 0 0000
92 79 2 1 -130 -458 -2 2 -2 0000
-21 -13 0 0 -178 -473 2 0 -1 0000
20 16 0 0 -167 -487 1 1 -3 0000
77 30 2 1 -185 -476 -4 -2 1 0000
29 15 1 0 -179 -482 1 1 1 0000
79 42 2 1 -155 -490 -1 -4 1 0000
21 8 0 0 -173 -448 0 2 -1 0000
49 36 1 1 -206 -458 -2 3 2 0000
37 27 1 0 -222 -477 -3 -2 1 0000
128 14 3 2 -215 -477 -1 -1 -2 0000
58 38 1 1 -205 -455 -2 0 1 0000
-5 1 0 0 -232 -481 2 1 -1 0000
13 -1 0 0 -234 -457 1 4 -1 0000
42 49 1 1 -237 -483 2 2 1 0000
-26 -30 -1 0 -238 -413 1 1 -2 0000
-23 -8 0 0 -238 -508 1 1 -4 0000
-3 15 0 0 -237 -461 1 0 1 0000
21 17 0 0 -245 -453 4 -4 1 0000
68 37 1 1 -245 -426 -3 -4 -3 0000
23 -10 0 0 -233 -467 0 3 -1 0000
36 43 1 0 -303 -463 2 1 4 0000
29 3 1 0 -276 -515 0 1 -2 0000
10 26 0 0 -275 -467 5 1 2 0000
72 58 1 1 -280 -492 0 -1 -5 0000
-1 13 0 0 -249 -492 0 -1 -3 0000
25 10 0 0 -267 -503 1 2 0 0000
21 -33 0 0 -292 -495 -2 -1 -2 0000
48 41 1 1 -278 -495 1 -2 -1 0000
80 39 2 1 -295 -490 2 0 0 0000
47 7 1 1 -300 -502 0 -1 -1 0000
73 21 1 1 -294 -470 3 2 -1 0000
55 22 1 1 -295 -516 -2 0 1 0000
13 0 0 0 -281 -499 1 1 2 0000
34 40 1 0 -285 -510 2 3 3 0000
73 50 1 1 -291 -500 -1 0 1 0000
-15 -19 0 0 -291 -495 -1 -2 -1 0000
42 28 1 1 -299 -444 -2 0 0 0000
27 35 1 0 -308 -460 -1 1 -3 0000
59 22 1 1 -313 -489 -1 1 -1 0000
55 59 1 1 -315 -505 2 -1 3 0000
41 13 1 0 -287 -490 0 -5 3 0000
77 42 2 1 -312 -517 -1 -2 1 0000
-13 -5 0 0 -264 -460 4 0 1 0000
60 55 1 1 -293 -524 -3 -1 5 0000
-15 26 0 0 -275 -510 -1 0 4 0000
50 47 1 1 -290 -536 -2 -1 0 0000
35 -16 1 0 -301 -509 2 0 0 0000
62 19 1 1 -285 -489 0 -2 -1 0000
35 19 1 0 -287 -521 -1 2 3 0000
-14 -21 0 0 -326 -513 1 -3 -2 0000
-27 -26 -1 0 -310 -478 -1 1 -1 0000
49 31 1 1 -300 -498 1 -1 -2 0000
30 0 1 0 -301 -493 1 -2 0 0000
15 -2 0 0 -283 -521 2 1 -2 0000
21 26 0 0 -300 -509 1 0 -1 0000
8 -60 0 0 -301 -487 0 2 -1 0000
18 13 0 0 -327 -500 3 -2 4 0000
-14 -26 0 0 -285 -532 1 1 -1 0000
-60 -29 -1 -1 -321 -515 0 0 -1 0000
-27 -31 -1 0 -313 -503 -1 1 -1 0000
-16 -15 0 0 -308 -522 2 -2 3 0000
-24 -1 0 0 -287 -536 -2 2 2 0000
-117 -51 -2 -1 -324 -497 3 1 2 0000
-156 -84 -3 -2 -293 -490 -2 -2 3 0000
-156 -123 -3 -2 -295 -476 -1 -1 -1 0000
-205 -104 -4 -2 -309 -490 -2 0 1 0000
-226 -155 -5 -3 -309 -499 1 0 0 0000
-255 -101 -5 -3 -299 -480 -2 -2 2 0000
-214 -106 -4 -3 -305 -481 0 1 0 0000
-118 -46 -2 -1 -294 -450 -1 -1 0 0000
-105 -27 -2 -1 -284 -486 1 2 -1 0000
75 44 2 1 -301 -502 -1 2 -1 0000
163 83 3 2 -289 -478 1 1 2 0000
431 252 9 5 -301 -501 3 1 3 0000
749 461 15 9 -293 -506 0 3 -1 0000
1115 683 22 13 -266 -470 0 -2 -4 0000
1479 888 30 18 -280 -458 -2 2 2 0000
1757 1062 35 21 -286 -435 0 -1 2 0000
1832 1120 37 22 -292 -497 4 0 1 0001
1724 1022 34 21 -284 -495 -1 -2 -2 0000
1462 885 29 18 -264 -507 -3 -3 0 0000
1074 607 21 13 -263 -472 -1 0 2 0000
753 458 15 9 -273 -500 0 1 -2 0000
315 210 6 4 -263 -468 -2 4 1 0000
165 113 3 2 -290 -465 4 -1 3 0000
-38 -25 -1 0 -277 -488 0 4 -2 0000
-118 -56 -2 -1 -277 -478 1 -1 0 0000
-152 -56 -3 -2 -257 -437 4 1 0 0000
-173 -105 -3 -2 -248 -451 2 2 4 0000
-207 -171 -4 -2 -221 -464 -3 0 -2 0000
-108 -56 -2 -1 -251 -446 5 2 1 0000
-158 -79 -3 -2 -223 -444 -3 1 -2 0000
-30 -9 -1 0 -205 -483 -1 0 -3 0000
-18 22 0 0 -213 -448 1 3 1 0000
-11 -18 0 0 -221 -461 1 1 -1 0000
33 24 1 0 -224 -466 0 0 0 0000
132 113 3 2 -197 -461 -2 -1 -1 0000
219 116 4 3 -200 -459 1 0 0 0000
183 95 4 2 -214 -450 -1 -2 0 0000
227 127 5 3 -191 -458 1 1 -1 0000
234 106 5 3 -206 -419 1 1 4 0000
204 121 4 2 -184 -436 -2 -1 4 0000
266 135 5 3 -184 -435 -2 -2 0 0000
261 121 5 3 -162 -431 3 2 -1 0000
271 177 5 3 -144 -496 0 -2 -1 0000
308 166 6 4 -181 -427 -3 1 3 0000
314 214 6 4 -161 -407 1 -4 3 0000
286 167 6 3 -135 -429 0 1 0 0000
330 201 7 4 -106 -458 2 0 0 0000
304 217 6 4 -141 -435 2 -5 1 0000
363 227 7 4 -99 -417 -1 -2 -6 0000
343 197 7 4 -101 -447 3 0 -1 0000
381 220 8 5 -85 -427 -2 -3 -2 0000
390 236 8 5 -53 -391 7 5 0 0000
381 230 8 5 -57 -437 5 -2 -1 0000
412 241 8 5 -31 -432 -3 1 -2 0000
424 249 8 5 -66 -421 2 3 1 0000
407 247 8 5 5 -434 2 -1 0 0000
456 283 9 5 0 -392 -2 1 0 0000
468 261 9 6 1 -407 -1 3 -6 0000
411 230 8 5 -9 -386 2 0 0 0000
410 240 8 5 3 -416 0 1 -3 0000
451 262 9 5 9 -358 1 -4 0 0000
409 239 8 5 69 -395 -3 2 -2 0000
422 254 8 5 92 -377 0 -1 0 0000
458 308 9 5 65 -379 2 -2 4 0000
414 238 8 5 91 -380 2 -2 -4 0000
369 206 7 4 109 -376 1 1 -1 0000
441 292 9 5 131 -359 -2 1 -1 0000
367 210 7 4 159 -351 -5 1 2 0000
367 190 7 4 129 -392 -1 3 0 0000
308 149 6 4 135 -373 -1 0 -1 0000
414 226 8 5 165 -326 1 1 3 0000
387 208 8 5 163 -355 1 3 2 0000
382 227 8 5 189 -367 3 0 -1 0000
382 199 8 5 196 -378 0 5 0 0000
344 214 7 4 189 -346 0 1 0 0000
299 163 6 4 225 -326 -1 -3 -2 0000
336 196 7 4 230 -360 2 -2 0 0000
345 217 7 4 238 -349 2 1 1 0000
248 157 5 3 255 -330 1 -1 -1 0000
261 131 5 3 278 -330 2 0 0 0000
257 139 5 3 264 -316 1 1 0 0000
214 126 4 3 281 -303 0 2 0 0000
260 155 5 3 288 -331 -1 2 -3 0000
209 85 4 3 276 -337 -2 1 2 0000
252 125 5 3 277 -337 -2 -2 -1 0000
203 132 4 2 282 -291 0 3 1 0000
212 113 4 3 266 -311 -1 2 2 0000
225 102 5 3 295 -293 2 -4 -2 0000
175 97 4 2 323 -300 0 -1 -4 0000
189 83 4 2 279 -312 -2 -1 -2 0000
153 110 3 2 291 -307 -1 1 0 0000
92 95 2 1 308 -333 -3 0 -1 0000
129 80 3 2 290 -294 -2 -1 4 0000
141 81 3 2 302 -303 0 1 0 0000
127 72 3 2 279 -293 -3 0 4 0000
100 63 2 1 306 -284 0 0 5 0000
62 31 1 1 312 -298 -1 3 2 0000
111 40 2 1 271 -287 2 3 0 0000
59 48 1 1 269 -255 3 1 2 0000
43 -18 1 1 274 -254 -1 -2 3 0000
94 44 2 1 268 -247 -4 -1 3 0000
35 15 1 0 252 -252 -3 3 1 0000
75 39 2 1 238 -242 -1 -2 0 0000
64 56 1 1 248 -245 2 -4 0 0000
21 -20 0 0 207 -254 0 4 -1 0000
94 30 2 1 210 -218 -1 0 0 0000
38 13 1 0 197 -236 -1 1 -1 0000
89 77 2 1 223 -221 0 2 -3 0000
37 -9 1 0 181 -235 0 0 1 0000
32 36 1 0 195 -213 2 2 -2 0000
47 25 1 1 176 -203 0 2 -2 0000
36 33 1 0 156 -217 -3 4 -2 0000
35 44 1 0 138 -265 3 0 3 0000
18 1 0 0 139 -219 2 2 -3 0000
7 3 0 0 133 -229 0 1 -1 0000
61 21 1 1 102 -206 -1 1 4 0000
18 -26 0 0 67 -200 2 1 -1 0000
0 10 0 0 59 -217 0 -1 -4 0000
26 16 1 0 70 -185 -1 1 0 0000
17 -3 0 0 20 -208 3 0 1 0000
-25 23 -1 0 23 -215 -2 0 -1 0000
31 21 1 0 31 -199 1 -1 3 0000
45 31 1 1 8 -175 -2 2 -2 0000
49 4 1 1 6 -241 -3 -1 1 0000
51 50 1 1 -14 -161 3 -1 1 0000
10 -16 0 0 -14 -178 2 2 -3 0000
30 0 1 0 -48 -195 1 0 0 0000
9 -2 0 0 -76 -196 1 0 -3 0000
20 44 0 0 -44 -189 -3 0 3 0000
3 -6 0 0 -88 -168 1 1 4 0000
6 14 0 0 -71 -119 3 2 0 0000
58 15 1 1 -93 -152 0 -1 -3 0000
31 27 1 0 -115 -149 2 -4 -2 0000
32 43 1 0 -100 -121 1 -3 1 0000
91 64 2 1 -113 -123 -3 0 -2 0000
38 22 1 0 -123 -132 -1 -2 2 0000
23 32 0 0 -114 -153 3 3 0 0000
62 28 1 1 -167 -112 2 0 0 0000
25 8 0 0 -136 -136 -1 1 3 0000
81 33 2 1 -170 -68 0 0 0 0000
28 23 1 0 -200 -109 -1 4 2 0000
21 9 0 0 -190 -108 0 -1 2 0000
4 4 0 0 -191 -101 0 0 -1 0000
49 69 1 1 -205 -93 -2 1 -3 0000
84 37 2 1 -221 -90 0 -1 1 0000
29 -3 1 0 -212 -119 -4 -2 4 0000
48 -6 1 1 -211 -81 2 -1 -1 0000
50 -9 1 1 -226 -95 -1 -5 4 0000
82 18 2 1 -231 -106 -2 -1 0 0000
60 75 1 1 -258 -53 3 -3 1 0000
8 22 0 0 -235 -74 -2 0 0 0000
19 30 0 0 -259 -73 2 -4 1 0000
18 -23 0 0 -236 -21 -1 -3 0 0000
44 40 1 1 -232 -95 2 -1 -1 0000
40 1 1 0 -229 -53 -4 1 -2 0000
51 13 1 1 -275 -23 -1 -1 0 0000
20 12 0 0 -254 -37 0 -1 -1 0000
29 29 1 0 -259 -29 0 0 1 0000
62 32 1 1 -252 -13 2 1 -1 0000
37 16 1 0 -274 -21 4 3 1 0000
21 -1 0 0 -242 -37 1 -3 0 0000
69 37 1 1 -282 -18 5 0 -5 0000
41 -29 1 0 -279 -56 1 1 -1 0000
13 -16 0 0 -275 -51 0 0 -2 0000
92 51 2 1 -294 1 2 1 5 0000
5 46 0 0 -280 -38 -2 0 4 0000
-13 -26 0 0 -295 16 0 3 -3 0000
-27 -36 -1 0 -297 17 -4 2 1 0000
60 29 1 1 -311 -23 -3 1 -3 0000
25 -36 0 0 -305 14 -2 -1 -2 0000
32 28 1 0 -288 -16 -1 2 -1 0000
49 65 1 1 -318 6 0 3 -4 0000
27 52 1 0 -276 59 -1 1 1 0000
-8 -20 0 0 -309 20 -3 -5 -4 0000
-18 -7 0 0 -321 77 -1 5 2 0000
31 36 1 0 -309 48 0 -1 0 0000
46 52 1 1 -278 17 3 0 -1 0000
-28 1 -1 0 -273 10 -2 1 -1 0000
50 3 1 1 -306 49 0 -1 0 0000
54 -2 1 1 -291 26 -3 1 1 0000
80 55 2 1 -280 88 0 -1 -1 0000
46 33 1 1 -315 50 2 0 0 0000
47 -4 1 1 -275 59 -4 -2 3 0000
59 52 1 1 -275 69 -5 -1 5 0000
41 40 1 0 -292 91 1 -1 3 0000
39 -3 1 0 -291 94 -2 -3 0 0000
45 28 1 1 -279 88 0 0 -2 0000
63 40 1 1 -306 85 5 -3 -2 0000
28 9 1 0 -313 78 -2 0 -1 0000
25 37 1 0 -300 94 -2 3 1 0000
13 -13 0 0 -313 113 -3 2 0 0000
7 5 0 0 -308 108 -5 -3 0 0000
41 8 1 0 -314 76 -2 1 0 0000
68 30 1 1 -286 88 1 0 1 0000
-21 4 0 0 -312 87 2 3 2 0000
-18 -2 0 0 -295 131 1 -3 -3 0000
-70 -48 -1 -1 -317 141 -1 -1 0 0000
-45 -49 -1 -1 -318 98 1 1 0 0000
-118 -69 -2 -1 -316 135 1 -3 0 0000
-140 -102 -3 -2 -303 152 1 0 2 0000
-167 -112 -3 -2 -294 134 0 2 2 0000
-230 -165 -5 -3 -307 148 -1 -1 2 0000
-208 -153 -4 -2 -290 151 2 2 0 0000
-202 -158 -4 -2 -296 215 0 -3 -2 0000
-148 -96 -3 -2 -295 143 0 -1 -1 0000
-159 -129 -3 -2 -311 165 -1 -5 -1 0000
-89 -3 -2 -1 -297 177 1 -1 0 0000
75 47 1 1 -304 178 2 -3 -1 0000
194 96 4 2 -271 188 0 1 -2 0000
425 278 9 5 -287 183 -1 -2 -2 0000
761 452 15 9 -280 191 1 3 -1 0000
1114 665 22 13 -299 199 0 0 3 0000
1538 910 31 18 -277 166 2 -3 1 0000
1755 1043 35 21 -296 176 3 1 -3 0000
1849 1083 37 22 -259 212 -1 -2 1 0001
1768 1057 35 21 -294 212 0 1 0 0000
1464 856 29 18 -293 194 -2 1 1 0000
1097 663 22 13 -266 199 -3 2 1 0000
682 442 14 8 -296 190 1 -1 -1 0000
319 200 6 4 -276 228 1 0 1 0000
106 67 2 1 -259 214 1 -4 -3 0000
-19 11 0 0 -265 243 0 0 -4 0000
-154 -87 -3 -2 -256 206 -1 -1 -1 0000
-154 -123 -3 -2 -250 217 3 -3 4 0000
-168 -84 -3 -2 -246 221 -2 0 1 0000
-172 -119 -3 -2 -244 269 2 -1 1 0000
-153 -103 -3 -2 -210 232 2 0 -2 0000
-142 -97 -3 -2 -233 242 2 1 2 0000
-58 -44 -1 -1 -244 241 -1 -3 -2 0000
-9 -25 0 0 -215 249 -2 1 -1 0000
74 60 1 1 -233 253 0 2 -3 0000
136 95 3 2 -241 248 2 3 1 0000
147 83 3 2 -221 253 0 2 2 0000
126 60 3 2 -222 273 1 1 0 0000
232 147 5 3 -211 261 3 -1 1 0000
231 143 5 3 -195 270 1 -1 2 0000
223 143 4 3 -176 282 -2 2 -3 0000
165 112 3 2 -172 277 1 -1 0 0000
216 126 4 3 -183 257 0 0 -3 0000
256 160 5 3 -182 299 2 3 -3 0000
295 158 6 4 -168 300 -2 2 -1 0000
250 178 5 3 -162 300 0 -1 -1 0000
395 252 8 5 -143 290 -1 1 2 0000
236 180 5 3 -135 285 3 0 -4 0000
319 161 6 4 -137 283 2 -2 0 0000
331 233 7 4 -150 326 -3 1 2 0000
331 184 7 4 -103 323 2 -4 0 0000
354 195 7 4 -98 296 -3 1 -1 0000
397 233 8 5 -106 317 0 4 1 0000
360 173 7 4 -99 314 -1 -1 -2 0000
334 204 7 4 -65 310 -2 0 0 0000
409 240 8 5 -27 317 -1 -3 1 0000
414 268 8 5 -16 340 -1 -1 -1 0000
421 248 8 5 -36 296 0 4 0 0000
448 299 9 5 -18 331 0 1 1 0000
433 242 9 5 5 343 -2 -1 1 0000
461 296 9 6 28 367 -1 -1 -3 0000
381 270 8 5 27 373 2 0 1 0000
409 258 8 5 52 358 0 -1 -1 0000
454 277 9 5 49 379 2 -2 -1 0000
432 259 9 5 62 341 -1 0 1 0000
470 273 9 6 85 326 3 -1 1 0000
408 247 8 5 86 379 0 3 4 0000
456 251 9 5 90 346 -1 1 2 0000
409 302 8 5 120 382 -3 -2 -1 0000
389 232 8 5 126 379 -1 4 2 0000
404 228 8 5 132 373 1 1 -2 0000
408 229 8 5 158 356 -1 -4 0 0000
360 235 7 4 173 364 1 2 0 0000
364 212 7 4 169 396 1 -1 2 0000
338 232 7 4 163 370 -2 -2 2 0000
395 263 8 5 202 366 -1 1 1 0000
374 242 7 4 205 424 -2 0 2 0000
309 190 6 4 236 387 2 0 -2 0000
343 188 7 4 236 399 0 0 -2 0000
306 190 6 4 227 376 0 -1 0 0000
267 149 5 3 261 427 4 1 1 0000
299 156 6 4 229 410 -2 -2 1 0000
264 183 5 3 260 388 1 -1 -1 0000
286 133 6 3 266 392 -1 0 1 0000
241 200 5 3 252 384 -1 -3 1 0000
269 154 5 3 281 435 1 0 0 0000
206 124 4 2 299 412 -2 -1 1 0000
215 178 4 3 277 423 -3 -3 0 0000
208 139 4 2 300 441 -1 1 -1 0000
194 113 4 2 319 434 0 2 0 0000
180 85 4 2 272 426 -1 -5 1 0000
163 81 3 2 283 432 1 1 0 0000
151 95 3 2 299 432 2 0 2 0000
185 119 4 2 312 415 2 1 2 0000
163 71 3 2 289 423 -3 -3 -4 0000
109 76 2 1 294 433 -2 -1 1 0000
161 89 3 2 299 427 -1 -2 1 0000
116 67 2 1 278 449 1 0 -3 0000
86 61 2 1 285 435 1 2 2 0000
104 45 2 1 296 430 -1 -2 0 0000
88 36 2 1 261 427 1 -2 -1 0000
91 62 2 1 279 433 0 -4 0 0000
54 67 1 1 280 434 -2 2 0 0000
54 51 1 1 261 455 1 3 2 0000
116 28 2 1 229 425 0 1 0 0000
100 32 2 1 252 461 0 1 0 0000
41 42 1 0 241 485 1 2 1 0000
38 4 1 0 242 419 -3 1 0 0000
114 105 2 1 200 456 0 2 1 0000
117 59 2 1 182 471 -2 0 -3 0000
35 23 1 0 208 451 -1 -1 -2 0000
17 26 0 0 163 470 2 1 2 0000
134 76 3 2 145 461 2 -3 2 0000
60 46 1 1 169 488 3 0 -4 0000
58 37 1 1 131 450 -3 4 2 0000
54 18 1 1 151 448 -2 0 2 0000
93 45 2 1 142 483 -1 4 -1 0000
44 9 1 1 110 482 0 2 -2 0000
93 57 2 1 78 459 0 2 1 0000
42 24 1 1 83 451 2 -2 2 0000
63 23 1 1 43 492 2 -1 2 0000
16 7 0 0 74 484 0 1 -2 0000
52 44 1 1 39 452 1 4 0 0000
83 55 2 1 18 522 0 2 2 0000
42 37 1 1 20 483 0 3 0 0000
85 52 2 1 -7 482 0 -2 2 0000
128 90 3 2 0 487 -1 1 3 0000
74 13 1 1 -61 501 1 4 3 0000
39 15 1 0 -50 465 2 0 -2 0000
49 24 1 1 -39 486 3 3 2 0000
33 20 1 0 -100 460 0 -2 0 0000
111 35 2 1 -106 473 2 1 -2 0000
-43 2 -1 -1 -87 473 1 -1 -1 0000
48 48 1 1 -93 473 0 -2 -4 0000
49 33 1 1 -99 492 2 1 1 0000
52 51 1 1 -116 521 -1 1 3 0000
-1 -3 0 0 -109 459 -2 2 6 0000
52 46 1 1 -117 489 -1 2 0 0000
51 48 1 1 -152 532 -3 0 -2 0000
84 70 2 1 -140 503 0 -2 6 0000
62 33 1 1 -178 538 2 0 0 0000
79 44 2 1 -169 516 0 4 0 0000
17 41 0 0 -188 481 0 1 0 0000
42 -1 1 1 -185 499 1 -3 -1 0000
52 45 1 1 -209 481 -2 -1 1 0000
54 50 1 1 -207 477 2 -2 -1 0000
25 -22 1 0 -227 514 2 3 1 0000
90 49 2 1 -205 522 -1 -1 2 0000
28 47 1 0 -211 472 -4 1 -3 0000
-2 1 0 0 -216 455 1 3 -3 0000
58 28 1 1 -227 451 -2 -1 4 0000
66 25 1 1 -251 495 -1 0 1 0000
74 37 1 1 -239 500 1 0 2 0000
18 24 0 0 -247 504 0 1 3 0000
39 29 1 0 -261 502 -3 -1 0 0000
6 16 0 0 -242 494 1 2 -3 0000
72 36 1 1 -229 519 -1 -2 -5 0000
57 25 1 1 -269 494 3 2 1 0000
74 25 1 1 -262 499 0 1 0 0000
64 48 1 1 -273 501 2 2 -2 0000
28 39 1 0 -289 513 -1 0 -3 0000
52 27 1 1 -266 518 1 1 0 0000
-11 13 0 0 -266 485 1 0 -4 0000
61 37 1 1 -259 498 -2 -2 2 0000
75 36 2 1 -245 507 1 0 -1 0000
20 24 0 0 -287 495 -1 2 2 0000
-18 -38 0 0 -297 496 -3 -2 5 0000
1 -16 0 0 -296 494 -1 1 0 0000
13 31 0 0 -300 491 0 -1 -1 0000
84 62 2 1 -270 486 0 2 -1 0000
47 31 1 1 -294 476 0 0 -1 0000
9 1 0 0 -279 472 0 -3 -3 0000
63 43 1 1 -293 479 3 5 -3 0000
-19 -57 0 0 -288 478 0 3 -1 0000
39 9 1 0 -316 496 -2 -1 -1 0000
80 33 2 1 -310 501 2 0 -1 0000
36 23 1 0 -339 494 1 -2 2 0000
86 66 2 1 -316 526 3 -1 -3 0000
101 32 2 1 -297 492 1 0 -1 0000
12 -2 0 0 -292 509 4 -1 1 0000
12 -8 0 0 -266 531 3 -1 -4 0000
19 12 0 0 -321 506 -2 2 3 0000
63 38 1 1 -303 477 0 -2 -3 0000
72 22 1 1 -306 499 0 2 -3 0000
83 25 2 1 -285 480 2 -3 -5 0000
86 51 2 1 -301 498 2 -1 0 0000
79 67 2 1 -296 460 -2 4 -2 0000
75 33 2 1 -299 484 -2 1 5 0000
52 63 1 1 -296 487 1 -1 1 0000
20 7 0 0 -317 483 0 0 1 0000
25 -6 0 0 -288 482 3 0 1 0000
58 22 1 1 -279 475 2 2 -2 0000
95 56 2 1 -299 498 1 2 0 0000
93 56 2 1 -291 492 0 0 0 0000
-21 3 0 0 -323 488 1 0 -4 0000
3 9 0 0 -275 489 2 -2 -1 0000
56 26 1 1 -292 494 -4 -1 -3 0000
-38 4 -1 0 -267 476 -1 -2 4 0000
-82 -34 -2 -1 -299 474 1 2 -3 0000
-48 -35 -1 -1 -273 458 1 1 0 0000
-51 -44 -1 -1 -301 499 1 -1 0 0000
-82 -28 -2 -1 -297 507 -1 -1 -2 0000
-156 -85 -3 -2 -297 487 -1 -2 2 0000
-171 -89 -3 -2 -312 465 2 3 0 0000
-183 -109 -4 -2 -295 462 3 4 2 0000
-190 -81 -4 -2 -286 471 -3 -1 -1 0000
-264 -160 -5 -3 -302 461 -4 0 -1 0000
-94 -52 -2 -1 -312 462 -1 1 1 0000
-59 -55 -1 -1 -303 470 5 -2 -1 0000
88 44 2 1 -268 473 1 1 -2 0000
198 121 4 2 -327 468 2 -2 1 0000
401 230 8 5 -297 427 2 1 2 0000
800 506 16 10 -277 461 -3 0 2 0000
1135 690 23 14 -305 405 1 0 0 0000
1593 975 32 19 -256 442 0 0 3 0000
1780 1032 36 21 -301 396 2 -2 6 0000
1881 1101 38 23 -298 452 0 -2 0 0001
1768 1023 35 21 -269 440 1 -3 0 0000
1453 882 29 17 -258 460 0 4 -2 0000
1089 685 22 13 -291 386 2 0 -1 0000
752 410 15 9 -268 433 -3 2 -3 0000
425 259 8 5 -305 438 -2 2 0 0000
165 120 3 2 -255 404 1 0 1 0000
-47 -6 -1 -1 -221 425 2 3 5 0000
-67 -16 -1 -1 -256 402 -1 0 -1 0000
-210 -122 -4 -3 -289 438 1 -2 1 0000
-198 -137 -4 -2 -252 441 0 1 3 0000
-104 -50 -2 -1 -246 423 0 -2 0 0000
-126 -81 -3 -2 -244 421 2 1 0 0000
-67 -66 -1 -1 -247 414 -1 4 -1 0000
-32 -19 -1 0 -234 404 -4 -1 -3 0000
-20 -16 0 0 -279 390 0 1 0 0000
42 16 1 1 -220 415 2 -1 1 0000
107 93 2 1 -236 386 0 -1 -1 0000
49 -10 1 1 -218 381 1 -5 4 0000
139 90 3 2 -218 401 -1 -2 -3 0000
211 184 4 3 -211 375 -2 2 1 0000
197 131 4 2 -205 386 4 2 3 0000
213 157 4 3 -180 445 -1 1 -2 0000
262 154 5 3 -176 393 1 0 1 0000
233 144 5 3 -191 335 0 -2 1 0000
282 168 6 3 -136 357 0 -1 -2 0000
234 129 5 3 -149 348 0 -4 2 0000
254 202 5 3 -144 384 2 -4 0 0000
254 123 5 3 -155 381 1 0 -1 0000
320 172 6 4 -129 345 3 4 0 0000
325 185 6 4 -102 373 0 0 -1 0000
387 235 8 5 -90 334 -4 -4 2 0000
355 249 7 4 -109 357 0 -1 0 0000
409 262 8 5 -93 379 2 -2 -6 0000
438 252 9 5 -108 372 2 3 2 0000
376 207 8 5 -47 335 3 0 -3 0000
413 236 8 5 -39 396 3 -1 -1 0000
385 237 8 5 -57 339 0 -4 1 0000
441 278 9 5 -41 349 -1 3 0 0000
394 230 8 5 -33 339 -1 1 2 0000
402 189 8 5 -19 347 -1 -1 2 0000
447 235 9 5 24 342 2 0 3 0000
445 260 9 5 20 311 -6 0 1 0000
454 276 9 5 -7 328 2 3 0 0000
450 293 9 5 68 356 0 -2 -1 0000
432 262 9 5 57 321 3 -2 -1 0000
444 288 9 5 77 331 2 0 0 0000
494 313 10 6 70 317 -2 4 5 0000
442 280 9 5 107 311 3 1 -1 0000
399 253 8 5 101 262 0 3 2 0000
408 238 8 5 114 306 1 1 3 0000
394 228 8 5 109 279 0 4 0 0000
392 246 8 5 119 301 1 2 -3 0000
373 199 7 4 164 295 1 -2 0 0000
323 217 6 4 144 291 0 2 4 0000
411 261 8 5 185 296 -2 2 2 0000
400 245 8 5 203 267 4 2 -1 0000
361 210 7 4 231 277 -2 1 2 0000
335 217 7 4 225 283 4 -2 2 0000
320 185 6 4 233 274 -2 -3 2 0000
343 213 7 4 215 291 -1 -2 -2 0000
325 182 6 4 263 255 -5 0 -3 0000
317 177 6 4 260 262 -1 3 2 0000
291 183 6 3 262 246 -1 2 -1 0000
296 185 6 4 284 225 -2 2 0 0000
277 179 6 3 256 236 -1 1 3 0000
268 156 5 3 284 200 -3 3 -2 0000
253 147 5 3 291 223 3 -4 2 0000
275 193 6 3 250 254 1 0 0 0000
181 107 4 2 265 205 0 -3 0 0000
246 158 5 3 271 214 0 -1 0 0000
180 94 4 2 290 232 -1 0 0 0000
177 70 4 2 277 205 -2 1 2 0000
170 118 3 2 289 223 -3 -3 1 0000
145 79 3 2 328 210 2 0 0 0000
72 52 1 1 302 192 -2 -2 -1 0000
130 94 3 2 276 203 -1 -1 -1 0000
132 71 3 2 332 230 -1 0 -4 0000
71 24 1 1 274 203 -3 2 0 0000
133 85 3 2 278 220 -1 -3 -2 0000
91 44 2 1 269 187 1 -1 -3 0000
146 77 3 2 275 205 -4 4 0 0000
105 69 2 1 264 216 0 0 1 0000
68 39 1 1 294 195 -2 1 0 0000
92 76 2 1 258 195 2 -3 1 0000
90 39 2 1 270 178 5 -4 0 0000
106 60 2 1 247 194 2 -2 5 0000
71 83 1 1 227 149 1 1 -1 0000
11 -22 0 0 223 170 0 3 1 0000
30 -10 1 0 214 166 -3 -1 3 0000
41 12 1 0 193 148 2 1 1 0000
77 40 2 1 192 145 -2 3 2 0000
54 41 1 1 206 156 0 4 -2 0000
42 -6 1 1 168 157 2 0 -1 0000
34 40 1 0 159 114 1 1 2 0000
62 50 1 1 176 141 4 3 0 0000
31 20 1 0 141 124 3 -3 0 0000
43 18 1 1 142 159 -2 -3 1 0000
26 3 1 0 106 157 2 2 3 0000
12 6 0 0 126 107 0 -1 -1 0000
81 87 2 1 98 140 0 0 1 0000
13 12 0 0 79 116 2 -2 3 0000
54 37 1 1 64 150 -3 -1 1 0000
34 -23 1 0 74 97 -2 2 0 0000
19 23 0 0 -6 87 0 -1 3 0000
58 23 1 1 47 105 0 0 0 0000
62 36 1 1 14 74 -2 2 2 0000
88 50 2 1 -3 84 0 2 -1 0000
60 24 1 1 -7 73 -1 1 1 0000
46 50 1 1 -41 100 2 -2 3 0000
128 100 3 2 -68 60 3 -1 1 0000
30 14 1 0 -23 67 -1 -2 -1 0000
20 -14 0 0 -69 62 -3 -3 3 0000
34 5 1 0 -86 73 -3 -1 2 0000
46 67 1 1 -99 62 1 -1 2 0000
67 16 1 1 -94 72 2 1 7 0000
62 38 1 1 -111 58 -1 1 -2 0000
46 14 1 1 -138 26 1 0 1 0000
24 -8 0 0 -120 81 -1 3 -1 0000
83 62 2 1 -142 53 -1 -1 1 0000
77 55 2 1 -132 -9 0 -2 1 0000
28 15 1 0 -151 10 0 -1 0 0000
70 68 1 1 -173 47 1 0 1 0000
63 44 1 1 -134 -8 -2 -4 -2 0000
81 54 2 1 -158 27 -1 -1 3 0000
54 63 1 1 -211 -33 1 -1 -3 0000
15 39 0 0 -188 11 0 0 -1 0000
73 -1 1 1 -200 32 -2 1 1 0000
28 0 1 0 -171 -16 5 0 2 0000
65 59 1 1 -210 21 -1 0 -4 0000
100 85 2 1 -232 -12 -1 -3 2 0000
7 -1 0 0 -231 -39 -3 2 1 0000
96 94 2 1 -217 -6 1 -1 1 0000
90 71 2 1 -235 -29 0 0 0 0000
34 26 1 0 -251 -7 0 2 0 0000
42 26 1 1 -266 -39 -4 -1 -1 0000
29 33 1 0 -258 -75 -2 1 -2 0000
32 -8 1 0 -236 -44 0 4 2 0000
67 34 1 1 -276 -40 0 1 0 0000
23 -15 0 0 -268 -62 1 -1 -2 0000
44 11 1 1 -252 -50 0 -1 0 0000
45 28 1 1 -264 -73 2 0 0 0000
47 52 1 1 -269 -45 -1 -2 0 0000
55 20 1 1 -276 -100 -2 1 2 0000
97 70 2 1 -290 -96 0 -4 4 0000
36 14 1 0 -289 -95 2 1 -1 0000
26 34 1 0 -284 -123 2 0 -3 0000
73 53 1 1 -284 -81 -3 0 -1 0000
61 34 1 1 -267 -81 -2 -2 2 0000
57 11 1 1 -280 -93 4 1 -2 0000
67 46 1 1 -293 -107 3 -2 0 0000
7 24 0 0 -284 -130 -2 0 -2 0000
82 7 2 1 -286 -118 0 -2 0 0000
63 12 1 1 -312 -68 -2 2 -2 0000
78 38 2 1 -295 -80 -1 3 0 0000
32 59 1 0 -305 -124 -1 3 1 0000
-6 -13 0 0 -299 -132 -1 0 0 0000
35 14 1 0 -307 -81 -2 -2 0 0000
22 13 0 0 -288 -140 1 4 -1 0000
116 85 2 1 -272 -124 2 0 -1 0000
37 7 1 0 -278 -158 2 -1 0 0000
43 25 1 1 -287 -131 2 0 -1 0000
82 27 2 1 -290 -137 1 -1 2 0000
68 72 1 1 -329 -159 1 0 -2 0000
70 63 1 1 -310 -140 1 0 0 0000
129 86 3 2 -262 -142 -1 -1 0 0000
55 34 1 1 -300 -170 -3 1 1 0000
107 59 2 1 -311 -139 1 -2 -1 0000
57 29 1 1 -286 -189 -2 -4 -1 0000
6 18 0 0 -313 -196 -2 0 1 0000
-17 -22 0 0 -296 -222 -2 -1 2 0000
69 49 1 1 -315 -166 0 -2 -2 0000
19 28 0 0 -297 -176 0 1 2 0000
50 54 1 1 -277 -211 3 0 -2 0000
101 69 2 1 -311 -200 1 -1 2 0000
55 33 1 1 -278 -250 0 -2 2 0000
31 6 1 0 -293 -219 -1 -2 1 0000
-27 -19 -1 0 -315 -194 -1 0 0 0000
-7 -19 0 0 -291 -201 3 -5 -2 0000
-21 15 0 0 -300 -208 1 0 3 0000
-10 -1 0 0 -306 -224 -2 -1 1 0000
-49 -25 -1 -1 -290 -234 1 0 -1 0000
-100 -28 -2 -1 -304 -219 1 0 -1 0000
-132 -43 -3 -2 -287 -241 -2 1 1 0000
-178 -116 -4 -2 -337 -226 -2 1 -2 0000
-189 -115 -4 -2 -305 -259 -2 -1 -2 0000
-189 -99 -4 -2 -320 -227 6 0 2 0000
-174 -114 -3 -2 -312 -241 -1 -1 1 0000
-105 -49 -2 -1 -278 -301 4 -4 -2 0000
-148 -75 -3 -2 -260 -247 1 -1 -1 0000
-1 -41 0 0 -310 -219 -1 -2 1 0000
80 45 2 1 -295 -238 0 0 2 0000
173 77 3 2 -282 -268 -1 2 2 0000
445 290 9 5 -293 -285 -3 2 -1 0000
746 469 15 9 -313 -277 0 -3 0 0000
1104 665 22 13 -283 -278 1 1 1 0000
1444 876 29 17 -275 -287 -3 -2 -1 0000
1741 1024 35 21 -268 -269 0 -2 1 0000
1838 1097 37 22 -287 -317 -4 -2 -4 0001
1738 1037 35 21 -252 -260 0 -2 -2 0000
1411 851 28 17 -288 -318 -2 -1 0 0000
1116 665 22 13 -256 -297 2 0 0 0000
745 468 15 9 -290 -295 1 2 1 0000
419 246 8 5 -274 -270 2 -3 1 0000
173 129 3 2 -284 -292 -2 -3 0 0000
-9 -3 0 0 -264 -286 -1 3 1 0000
-71 -51 -1 -1 -283 -342 -2 1 3 0000
-193 -111 -4 -2 -253 -345 -1 1 5 0000
-220 -135 -4 -3 -281 -314 4 -2 -2 0000
-161 -103 -3 -2 -263 -288 -2 -1 1 0000
-126 -100 -3 -2 -237 -328 0 0 5 0000
-116 -96 -2 -1 -239 -306 1 1 -4 0000
-40 -46 -1 0 -246 -338 -1 -1 4 0000
22 12 0 0 -251 -320 -2 0 -5 0000
73 73 1 1 -240 -327 -1 3 0 0000
131 75 3 2 -213 -299 -1 -4 1 0000
167 105 3 2 -208 -333 -1 -1 0 0000
94 51 2 1 -217 -343 -2 5 1 0000
241 156 5 3 -226 -334 1 -1 2 0000
221 140 4 3 -217 -349 -2 1 -3 0000
206 139 4 2 -195 -363 1 2 -2 0000
205 118 4 2 -182 -389 -2 -1 -2 0000
279 194 6 3 -170 -362 0 -1 -1 0000
275 149 6 3 -161 -381 -1 -1 1 0000
311 205 6 4 -142 -391 -2 -1 -2 0000
291 179 6 3 -142 -365 -1 1 -1 0000
299 205 6 4 -166 -349 0 -3 1 0000
387 220 8 5 -138 -370 1 3 -2 0000
272 142 5 3 -140 -374 3 -1 -1 0000
357 208 7 4 -127 -379 -1 -2 0 0000
370 247 7 4 -130 -399 -2 -2 2 0000
383 251 8 5 -91 -400 -1 -2 2 0000
399 232 8 5 -96 -379 5 0 1 0000
384 252 8 5 -62 -393 4 0 -1 0000
438 279 9 5 -56 -411 -2 2 0 0000
339 194 7 4 -65 -440 -1 0 0 0000
397 219 8 5 -26 -386 0 -5 -4 0000
425 250 8 5 -35 -408 -1 -1 2 0000
440 279 9 5 -8 -355 2 2 1 0000
452 279 9 5 2 -413 -2 0 -4 0000
464 310 9 6 -9 -444 3 0 -1 0000
402 224 8 5 17 -433 2 0 -2 0000
450 281 9 5 27 -420 1 -1 3 0000
466 286 9 6 41 -417 -1 -5 -2 0000
489 313 10 6 81 -377 2 2 0 0000
444 262 9 5 53 -434 1 2 -2 0000
492 315 10 6 95 -423 2 0 3 0000
432 247 9 5 112 -448 0 -3 0 0000
433 251 9 5 80 -466 0 2 2 0000
433 282 9 5 140 -427 -2 0 -3 0000
406 252 8 5 148 -417 -3 0 0 0000
434 259 9 5 139 -463 3 1 -2 0000
363 232 7 4 161 -446 2 -4 -1 0000
393 260 8 5 182 -423 -4 0 -4 0000
366 223 7 4 185 -432 4 2 1 0000
354 194 7 4 214 -468 4 0 -3 0000
393 235 8 5 206 -413 -1 0 -2 0000
377 193 8 5 228 -464 1 2 4 0000
381 180 8 5 231 -474 2 -2 1 0000
312 183 6 4 231 -419 0 -4 -1 0000
307 199 6 4 265 -432 2 -2 1 0000
246 166 5 3 268 -434 0 3 -1 0000
267 139 5 3 275 -455 -2 1 1 0000
319 182 6 4 287 -435 -1 0 -1 0000
240 100 5 3 290 -461 -1 -1 1 0000
205 117 4 2 296 -465 -1 -3 1 0000
228 149 5 3 275 -424 1 -2 -4 0000
252 171 5 3 280 -496 2 -5 -3 0000
155 80 3 2 276 -488 4 -1 -1 0000
183 150 4 2 296 -511 0 -1 -1 0000
194 112 4 2 286 -486 -3 -4 -2 0000
229 158 5 3 295 -439 2 -1 2 0000
141 123 3 2 291 -475 -1 -1 1 0000
195 131 4 2 303 -478 -2 -4 0 0000
128 66 3 2 306 -487 -2 1 -2 0000
101 28 2 1 286 -433 -3 -2 -4 0000
90 39 2 1 294 -476 2 -1 1 0000
111 37 2 1 311 -458 -1 -3 -3 0000
110 63 2 1 256 -482 2 5 0 0000
94 50 2 1 296 -442 -3 1 5 0000
130 119 3 2 263 -446 4 -3 2 0000
99 70 2 1 281 -494 2 -2 -2 0000
85 58 2 1 253 -459 -2 2 1 0000
66 30 1 1 248 -448 3 1 4 0000
41 40 1 0 265 -469 0 0 -1 0000
17 -42 0 0 230 -477 0 1 -1 0000
79 52 2 1 223 -448 0 3 1 0000
71 11 1 1 231 -471 -3 4 3 0000
108 36 2 1 214 -504 -3 0 1 0000
74 65 1 1 175 -496 1 0 -4 0000
87 37 2 1 168 -511 -2 -2 1 0000
63 30 1 1 185 -537 2 -2 2 0000
35 12 1 0 162 -514 2 2 0 0000
67 40 1 1 157 -475 0 0 2 0000
67 78 1 1 153 -504 2 -2 -1 0000
32 32 1 0 121 -482 1 1 1 0000
54 22 1 1 102 -486 -1 0 1 0000
114 61 2 1 109 -482 2 -2 3 0000
20 28 0 0 69 -471 1 0 -1 0000
97 25 2 1 95 -505 0 -1 0 0000
46 33 1 1 51 -515 2 1 -2 0000
97 79 2 1 52 -498 3 2 2 0000
26 -6 1 0 40 -474 -1 -1 -4 0000
49 25 1 1 31 -505 1 1 1 0000
61 38 1 1 -2 -490 0 -2 0 0000
48 -14 1 1 -14 -502 -2 0 1 0000
71 61 1 1 -20 -501 0 -1 4 0000
46 35 1 1 -38 -505 2 3 1 0000
87 17 2 1 -46 -452 2 2 1 0000
55 8 1 1 -79 -529 2 0 2 0000
71 39 1 1 -63 -528 -1 -3 -1 0000
15 2 0 0 -83 -504 0 -1 -1 0000
30 1 1 0 -93 -508 1 4 3 0000
83 22 2 1 -107 -470 2 1 0 0000
65 62 1 1 -90 -500 -2 0 -2 0000
46 31 1 1 -148 -509 -1 0 0 0000
47 56 1 1 -126 -507 0 -1 2 0000
73 25 1 1 -145 -493 1 -3 1 0000
43 22 1 1 -155 -486 -3 1 1 0000
52 41 1 1 -125 -478 -1 1 2 0000
0 8 0 0 -138 -497 -2 0 -1 0000
103 70 2 1 -189 -492 1 2 -1 0000
73 47 1 1 -194 -499 0 0 0 0000
75 36 1 1 -183 -474 1 0 -1 0000
-7 -14 0 0 -191 -507 4 2 1 0000
49 34 1 1 -209 -484 -2 -2 -3 0000
38 11 1 0 -208 -519 -1 -3 -3 0000
8 11 0 0 -195 -515 -4 -4 -1 0000
72 4 1 1 -204 -504 1 -3 0 0000
87 37 2 1 -230 -521 3 4 -4 0000
33 21 1 0 -252 -500 0 1 1 0000
43 10 1 1 -213 -512 -1 -1 -4 0000
101 64 2 1 -239 -496 3 0 0 0000
0 37 0 0 -263 -476 2 0 1 0000
72 75 1 1 -246 -486 0 0 0 0000
40 9 1 0 -268 -501 2 -3 1 0000
46 27 1 1 -253 -465 -3 -1 0 0000
31 13 1 0 -249 -511 0 1 3 0000
83 34 2 1 -267 -478 6 1 -3 0000
16 12 0 0 -267 -468 0 -2 0 0000
79 49 2 1 -274 -493 -2 1 1 0000
92 46 2 1 -264 -463 -1 0 0 0000
0 -12 0 0 -298 -473 -3 -2 -1 0000
16 13 0 0 -281 -457 2 -1 -1 0000
67 32 1 1 -257 -505 3 -1 0 0000
21 -23 0 0 -299 -463 -2 1 -4 0000
29 14 1 0 -275 -445 1 2 1 0000
36 17 1 0 -300 -470 -1 -2 0 0000
39 18 1 0 -303 -471 6 -1 -4 0000
71 36 1 1 -283 -516 -1 0 2 0000
32 2 1 0 -294 -522 2 2 1 0000
52 14 1 1 -252 -493 -7 2 -3 0000
72 11 1 1 -310 -479 -1 -1 -2 0000
3 17 0 0 -269 -489 1 -1 3 0000
29 -8 1 0 -292 -486 -1 -4 -2 0000
75 42 2 1 -291 -497 -1 2 -3 0000
38 -26 1 0 -289 -477 -1 0 -4 0000
-26 -24 -1 0 -277 -487 -2 0 2 0000
24 21 0 0 -308 -467 0 -1 -2 0000
74 24 1 1 -278 -464 1 -2 -1 0000
37 10 1 0 -300 -433 1 1 0 0000
37 38 1 0 -310 -465 -1 1 3 0000
45 12 1 1 -272 -432 3 -2 -1 0000
71 60 1 1 -307 -437 1 1 2 0000
35 39 1 0 -274 -464 -2 -1 4 0000
64 55 1 1 -279 -456 0 -2 0 0000
67 46 1 1 -312 -413 -1 2 -1 0000
19 27 0 0 -301 -447 6 1 0 0000
48 28 1 1 -284 -422 0 -2 0 0000
33 50 1 0 -290 -419 3 1 -2 0000
62 47 1 1 -288 -448 1 -3 3 0000
3 -3 0 0 -288 -456 0 2 1 0000
93 81 2 1 -282 -467 2 4 -1 0000
84 53 2 1 -296 -429 -4 2 0 0000
14 20 0 0 -302 -452 4 0 1 0000
10 -19 0 0 -286 -416 1 3 -4 0000
-11 3 0 0 -310 -457 -1 -1 1 0000
-8 15 0 0 -306 -451 -1 -1 4 0000
-46 -28 -1 -1 -294 -449 1 -1 -2 0000
-61 -5 -1 -1 -298 -392 -1 -1 2 0000
-157 -112 -3 -2 -311 -397 -1 1 3 0000
-133 -69 -3 -2 -307 -429 0 -2 1 0000
-169 -91 -3 -2 -285 -429 -2 0 -2 0000
-239 -127 -5 -3 -285 -421 1 1 0 0000
-189 -77 -4 -2 -309 -422 0 0 0 0000
-186 -110 -4 -2 -285 -437 5 3 0 0000
-168 -88 -3 -2 -334 -423 -2 3 -2 0000
-115 -63 -2 -1 -317 -411 2 -1 -1 0000
-34 -59 -1 0 -302 -413 -2 1 -1 0000
70 32 1 1 -312 -430 3 -3 0 0000
206 105 4 2 -281 -397 -1 -4 0 0000
487 279 10 6 -310 -397 5 -5 0 0000
763 440 15 9 -299 -399 -3 2 0 0000
1127 673 23 14 -302 -353 -1 0 2 0000
1518 912 30 18 -268 -362 1 -3 0 0000
1784 1052 36 21 -290 -374 1 -1 2 0000
1830 1106 37 22 -286 -379 -2 1 0 0001
1717 1052 34 21 -274 -364 0 0 0 0000
1451 854 29 17 -304 -395 0 -1 -1 0000
1067 646 21 13 -268 -346 1 -1 2 0000
668 410 13 8 -285 -356 2 3 1 0000
404 222 8 5 -259 -365 2 -1 -3 0000
145 76 3 2 -269 -371 1 1 1 0000
3 -3 0 0 -272 -352 -1 -1 1 0000
-116 -72 -2 -1 -242 -364 -4 -1 -1 0000
-155 -83 -3 -2 -262 -379 -2 -2 0 0000
-198 -124 -4 -2 -261 -384 2 -3 1 0000
-201 -120 -4 -2 -251 -362 1 0 0 0000
-117 -81 -2 -1 -229 -353 1 0 -1 0000
-72 -35 -1 -1 -259 -366 0 0 -1 0000
-94 -79 -2 -1 -238 -325 2 -4 -1 0000
38 59 1 0 -240 -354 1 -4 1 0000
8 -35 0 0 -218 -333 2 -1 0 0000
102 52 2 1 -217 -366 -1 2 -2 0000
126 47 3 2 -229 -367 3 -1 4 0000
162 115 3 2 -219 -323 3 -3 0 0000
221 126 4 3 -191 -340 -1 1 -1 0000
169 80 3 2 -182 -310 0 -3 2 0000
214 105 4 3 -187 -348 0 0 0 0000
313 189 6 4 -216 -322 -1 2 0 0000
206 91 4 2 -175 -324 4 1 -4 0000
246 136 5 3 -179 -316 -3 -1 0 0000
277 175 6 3 -149 -329 2 -1 0 0000
297 227 6 4 -145 -297 -2 1 1 0000
289 164 6 3 -131 -269 -1 0 0 0000
310 181 6 4 -157 -314 2 3 -3 0000
364 264 7 4 -117 -304 -1 1 1 0000
339 218 7 4 -93 -256 -2 1 2 0000
364 253 7 4 -112 -247 1 -1 1 0000
380 205 8 5 -110 -266 0 -2 4 0000
393 235 8 5 -70 -294 2 2 3 0000
406 251 8 5 -53 -282 -1 1 1 0000
403 240 8 5 -47 -275 -1 2 -3 0000
390 215 8 5 -38 -277 2 0 0 0000
418 245 8 5 -20 -280 -3 -3 -1 0000
398 188 8 5 -9 -223 6 3 1 0000
436 255 9 5 -22 -262 0 -1 -2 0000
428 283 9 5 4 -237 -3 -1 3 0000
440 273 9 5 -8 -271 1 2 -1 0000
413 251 8 5 17 -193 1 -4 2 0000
439 251 9 5 37 -230 -1 -3 0 0000
416 226 8 5 61 -227 -2 -1 0 0000
436 276 9 5 47 -212 0 4 0 0000
462 320 9 6 63 -246 -1 2 1 0000
450 261 9 5 104 -225 0 -1 1 0000
466 266 9 6 88 -208 -1 -2 1 0000
448 269 9 5 118 -228 0 -3 1 0000
430 250 9 5 124 -256 6 0 2 0000
449 280 9 5 110 -196 -1 0 -4 0000
447 258 9 5 159 -221 6 -1 -1 0000
359 248 7 4 180 -191 3 -1 1 0000
418 237 8 5 178 -186 -1 -1 1 0000
404 262 8 5 182 -206 -3 -3 2 0000
397 247 8 5 209 -182 -2 -2 0 0000
329 189 7 4 209 -174 -1 -2 2 0000
416 262 8 5 210 -177 1 -3 -3 0000
253 158 5 3 224 -207 3 -1 -1 0000
318 221 6 4 260 -125 -3 3 -2 0000
308 191 6 4 264 -196 0 0 -2 0000
286 189 6 3 244 -185 2 0 -6 0000
300 176 6 4 278 -170 4 2 -1 0000
268 146 5 3 274 -186 -5 -1 1 0000
227 157 5 3 270 -187 2 1 4 0000
280 164 6 3 287 -158 0 -1 2 0000
216 126 4 3 239 -179 0 -4 0 0000
231 118 5 3 291 -145 2 -1 -2 0000
181 115 4 2 285 -141 0 -3 -1 0000
157 100 3 2 314 -149 2 0 0 0000
160 96 3 2 306 -124 4 0 2 0000
136 84 3 2 321 -116 1 0 -1 0000
173 90 3 2 325 -111 1 2 4 0000
101 61 2 1 266 -128 0 1 -2 0000
109 85 2 1 287 -139 -1 1 -1 0000
131 58 3 2 290 -102 0 -2 1 0000
71 49 1 1 274 -111 -3 0 0 0000
100 17 2 1 283 -111 4 -5 0 0000
99 104 2 1 276 -120 1 1 0 0000
142 72 3 2 262 -103 1 1 4 0000
89 11 2 1 271 -110 -1 0 1 0000
75 50 2 1 259 -118 0 0 -3 0000
66 48 1 1 257 -125 -1 1 2 0000
95 56 2 1 251 -80 -2 -3 -3 0000
68 66 1 1 240 -65 -3 1 0 0000
58 58 1 1 229 -63 -6 1 -3 0000
63 38 1 1 215 -68 2 1 0 0000
100 76 2 1 241 -60 0 -1 1 0000
112 106 2 1 219 -53 0 3 2 0000
44 5 1 1 207 -15 3 1 0 0000
62 56 1 1 199 -22 1 -2 1 0000
49 17 1 1 189 -53 3 6 0 0000
113 81 2 1 190 -31 1 0 1 0000
74 46 1 1 154 -17 2 1 2 0000
1 5 0 0 138 -20 0 0 -1 0000
41 30 1 0 121 -17 3 -2 -1 0000
-16 -5 0 0 140 -37 -1 3 1 0000
49 42 1 1 116 -5 3 1 1 0000
72 57 1 1 93 -44 -1 3 1 0000
24 17 0 0 57 -6 3 2 -1 0000
12 21 0 0 76 11 -3 0 -4 0000
87 68 2 1 31 16 -1 -3 3 0000
20 3 0 0 36 6 3 -1 1 0000
76 91 2 1 36 -10 -1 -1 -2 0000
55 9 1 1 6 7 2 -3 3 0000
75 42 1 1 8 10 -1 0 -3 0000
78 39 2 1 -25 43 3 0 0 0000
82 13 2 1 -23 22 1 2 1 0000
85 88 2 1 -51 7 1 -2 0 0000
57 25 1 1 -49 82 2 -1 0 0000
53 18 1 1 -46 26 1 2 -1 0000
19 -25 0 0 -79 90 -1 -2 -1 0000
11 33 0 0 -81 55 2 -3 -3 0000
29 1 1 0 -107 71 -2 1 -3 0000
43 41 1 1 -123 60 1 -1 -1 0000
18 10 0 0 -100 55 -4 0 3 0000
72 73 1 1 -111 78 -4 0 0 0000
23 -24 0 0 -126 68 0 3 1 0000
57 26 1 1 -158 49 1 1 -1 0000
73 24 1 1 -140 95 0 6 -1 0000
12 30 0 0 -151 93 2 3 0 0000
78 63 2 1 -179 40 3 -1 1 0000
-16 -26 0 0 -179 85 0 -1 -1 0000
54 67 1 1 -176 60 1 -2 3 0000
92 67 2 1 -210 73 -1 -1 3 0000
64 17 1 1 -207 97 -1 -2 1 0000
74 32 1 1 -233 104 -1 3 0 0000
30 30 1 0 -231 114 1 1 -1 0000
56 51 1 1 -218 86 0 2 2 0000
80 18 2 1 -229 118 -2 -1 -4 0000
7 -12 0 0 -254 159 -1 -1 -1 0000
77 20 2 1 -232 115 -1 0 0 0000
5 -22 0 0 -239 157 -1 0 1 0000
32 38 1 0 -240 108 -1 0 -2 0000
126 73 3 2 -254 126 -1 2 -1 0000
62 51 1 1 -254 129 1 0 -4 0000
44 -6 1 1 -281 134 -1 0 1 0000
76 18 2 1 -274 189 2 1 -2 0000
39 57 1 0 -264 164 0 -2 1 0000
65 41 1 1 -267 112 -3 1 -1 0000
36 43 1 0 -246 172 3 0 3 0000
-24 -24 0 0 -269 174 -1 1 4 0000
61 41 1 1 -276 175 0 0 -2 0000
31 17 1 0 -270 166 1 2 -3 0000
29 28 1 0 -286 184 0 0 1 0000
47 56 1 1 -286 209 0 2 0 0000
87 41 2 1 -299 185 -1 3 1 0000
55 55 1 1 -277 178 -4 -2 5 0000
72 62 1 1 -267 195 0 2 1 0000
65 33 1 1 -276 202 2 -1 1 0000
50 10 1 1 -320 172 0 1 -1 0000
67 68 1 1 -310 206 0 3 3 0000
42 2 1 1 -302 245 0 5 0 0000
9 -4 0 0 -272 236 4 -1 3 0000
57 4 1 1 -269 248 1 3 1 0000
-22 -9 0 0 -295 175 -2 0 -1 0000
17 -3 0 0 -291 241 -4 -3 -1 0000
45 28 1 1 -273 230 0 5 -2 0000
42 3 1 0 -301 245 1 1 0 0000
34 55 1 0 -294 236 1 -1 -1 0000
76 38 2 1 -317 284 -2 -1 -2 0000
14 -6 0 0 -293 261 -1 1 -3 0000
-32 -15 -1 0 -267 242 -4 1 -3 0000
70 47 1 1 -300 235 -3 -1 0 0000
48 24 1 1 -312 235 -1 3 0 0000
43 -19 1 1 -278 244 -1 4 4 0000
34 21 1 0 -292 264 4 1 1 0000
-4 -14 0 0 -279 270 1 3 3 0000
18 -19 0 0 -304 295 -1 1 0 0000
61 76 1 1 -298 277 0 0 1 0000
46 41 1 1 -280 281 -1 3 0 0000
2 45 0 0 -284 259 0 1 2 0000
61 50 1 1 -324 244 1 0 1 0000
64 45 1 1 -300 299 -2 0 -2 0000
31 -8 1 0 -284 324 -1 0 1 0000
26 2 1 0 -307 324 3 1 2 0000
55 24 1 1 -314 302 -3 -2 -1 0000
4 -4 0 0 -322 272 0 -4 -2 0000
2 -10 0 0 -316 299 -1 2 1 0000
-69 -9 -1 -1 -300 282 -2 -2 -2 0000
-60 -17 -1 -1 -292 278 3 2 -1 0000
-144 -87 -3 -2 -326 327 -3 2 -1 0000
-145 -95 -3 -2 -309 317 -2 -1 3 0000
-205 -91 -4 -2 -321 309 -2 -1 -1 0000
-233 -114 -5 -3 -302 325 -1 2 2 0000
-161 -123 -3 -2 -291 340 -4 0 -1 0000
-95 -60 -2 -1 -314 328 -1 -2 0 0000
-128 -92 -3 -2 -316 340 2 -1 2 0000
-5 -8 0 0 -280 337 -2 0 -1 0000
48 33 1 1 -319 344 1 0 0 0000
243 135 5 3 -297 395 0 -1 2 0000
419 281 8 5 -281 351 0 -1 -1 0000
769 461 15 9 -287 295 1 3 2 0000
1104 643 22 13 -305 353 -2 1 1 0000
1445 835 29 17 -266 380 -4 -2 -2 0000
1770 1086 35 21 -302 338 -4 -4 0 0000
1895 1126 38 23 -266 380 -3 5 -2 0001
1719 1006 34 21 -274 353 0 -2 -1 0000
1442 869 29 17 -286 369 -3 -3 -1 0000
1066 658 21 13 -266 353 1 -1 2 0000
704 417 14 8 -258 408 4 2 -4 0000
411 266 8 5 -259 377 1 -1 -4 0000
166 93 3 2 -252 401 0 3 -2 0000
-7 -5 0 0 -262 391 -1 -1 4 0000
-97 -39 -2 -1 -283 368 -2 0 0 0000
-186 -127 -4 -2 -253 417 -1 1 -1 0000
-193 -125 -4 -2 -249 375 2 0 -1 0000
-156 -128 -3 -2 -222 393 -4 3 3 0000
-153 -96 -3 -2 -278 415 2 -1 -1 0000
-128 -106 -3 -2 -283 384 -2 0 3 0000
-88 -46 -2 -1 -248 425 -2 -3 1 0000
88 64 2 1 -244 397 -1 1 0 0000
6 8 0 0 -233 437 -4 4 2 0000
100 64 2 1 -241 417 0 0 2 0000
192 151 4 2 -214 387 1 0 0 0000
187 99 4 2 -198 405 -3 0 -1 0000
179 126 4 2 -204 425 2 1 -1 0000
218 97 4 3 -182 379 3 1 0 0000
272 186 5 3 -192 449 0 2 -3 0000
238 143 5 3 -174 445 -1 -3 -2 0000
229 126 5 3 -162 426 -1 0 0 0000
304 216 6 4 -171 395 -2 -4 1 0000
330 194 7 4 -176 455 0 2 -1 0000
258 168 5 3 -142 428 -1 2 4 0000
322 207 6 4 -137 425 7 1 -2 0000
318 180 6 4 -142 406 2 0 -1 0000
348 213 7 4 -112 425 -2 -1 0 0000
356 202 7 4 -117 453 -2 -1 0 0000
352 169 7 4 -102 472 1 -1 1 0000
378 211 8 5 -113 423 1 6 -1 0000
340 157 7 4 -43 431 -2 2 1 0000
345 204 7 4 -73 461 0 -1 -3 0000
419 258 8 5 -55 433 3 1 -2 0000
409 248 8 5 -54 474 3 -1 0 0000
411 217 8 5 -50 495 2 0 0 0000
372 246 7 4 -26 462 1 -4 4 0000
412 237 8 5 -8 456 2 -2 -3 0000
440 233 9 5 -15 478 0 -1 3 0000
424 245 8 5 39 439 1 0 -2 0000
444 283 9 5 54 451 1 -1 0 0000
455 290 9 5 22 476 0 -1 -2 0000
440 274 9 5 66 457 3 1 2 0000
456 237 9 5 71 480 0 0 0 0000
434 298 9 5 109 471 2 0 -1 0000
429 283 9 5 74 509 1 1 0 0000
427 246 9 5 95 473 0 -2 -1 0000
448 285 9 5 107 463 -2 1 -2 0000
447 235 9 5 132 474 -1 -2 1 0000
485 291 10 6 146 457 -4 1 0 0000
377 257 8 5 166 474 -2 -1 1 0000
376 237 8 5 182 487 1 0 -3 0000
406 273 8 5 165 461 -3 2 1 0000
425 204 8 5 208 494 -1 1 0 0000
401 240 8 5 183 511 4 -1 2 0000
338 219 7 4 231 503 0 4 -3 0000
319 185 6 4 228 464 1 1 -1 0000
377 232 8 5 224 462 -1 1 -1 0000
359 215 7 4 270 520 0 -2 0 0000
306 193 6 4 251 464 5 4 -2 0000
337 201 7 4 255 501 2 1 -5 0000
272 162 5 3 252 480 1 3 -1 0000
235 135 5 3 292 497 2 -1 3 0000
244 144 5 3 286 492 1 -1 2 0000
235 145 5 3 296 520 -2 3 -3 0000
173 84 3 2 286 445 1 -1 -3 0000
203 114 4 2 291 490 -2 0 2 0000
183 119 4 2 277 489 2 -2 2 0000
199 110 4 2 292 498 -1 -1 3 0000
157 98 3 2 305 477 -1 1 0 0000
177 157 4 2 302 482 0 -1 1 0000
169 113 3 2 321 498 1 -1 2 0000
135 51 3 2 292 498 2 -4 -5 0000
133 85 3 2 307 473 2 3 -1 0000
197 134 4 2 300 469 -2 -3 2 0000
164 59 3 2 314 483 1 2 -3 0000
157 95 3 2 314 507 1 1 0 0000
105 68 2 1 304 531 1 2 2 0000
72 89 1 1 292 457 -2 -2 1 0000
108 96 2 1 277 514 -1 0 2 0000
88 25 2 1 275 540 -1 -1 -1 0000
189 115 4 2 277 481 3 1 5 0000
19 8 0 0 238 510 0 1 -2 0000
67 25 1 1 227 520 2 -2 3 0000
114 81 2 1 232 489 -1 1 0 0000
3 7 0 0 250 483 -4 0 -3 0000
55 3 1 1 232 534 3 -3 -2 0000
70 1 1 1 192 467 0 -1 0 0000
51 30 1 1 247 491 0 -1 -1 0000
28 65 1 0 191 473 1 0 1 0000
50 6 1 1 185 519 0 4 -1 0000
93 69 2 1 171 480 -1 1 0 0000
10 -8 0 0 155 525 -1 -2 5 0000
92 34 2 1 153 500 3 -2 1 0000
76 44 2 1 146 494 -2 -4 0 0000
11 38 0 0 122 480 0 0 -2 0000
2 -2 0 0 108 507 1 0 -3 0000
47 31 1 1 90 506 0 2 0 0000
54 -15 1 1 94 499 -1 2 3 0000
81 40 2 1 63 463 1 -2 -2 0000
43 51 1 1 38 484 1 -1 2 0000
57 19 1 1 21 513 -2 1 -2 0000
82 38 2 1 21 489 -1 -4 -1 0000
79 31 2 1 -8 511 2 -1 -1 0000
68 12 1 1 4 520 0 1 2 0000
53 28 1 1 10 481 -1 1 0 0000
54 16 1 1 -46 500 0 2 0 0000
79 56 2 1 -47 509 1 1 1 0000
76 23 2 1 -49 492 -3 -1 4 0000
40 5 1 0 -18 477 0 -3 0 0000
53 24 1 1 -52 496 -2 4 4 0000
93 70 2 1 -87 477 1 -1 -1 0000
86 52 2 1 -92 484 0 -1 2 0000
13 28 0 0 -116 496 2 0 1 0000
85 45 2 1 -119 506 1 0 1 0000
39 9 1 0 -117 505 -1 -1 0 0000
-5 -41 0 0 -113 498 -2 -2 -4 0000
80 62 2 1 -167 469 -2 -2 -1 0000
44 55 1 1 -139 478 -2 0 -3 0000
71 39 1 1 -157 476 1 -2 0 0000
100 71 2 1 -165 493 2 1 -2 0000
74 31 1 1 -203 490 -2 -1 -1 0000
31 20 1 0 -199 466 -1 1 1 0000
37 46 1 0 -183 486 2 0 -1 0000
12 5 0 0 -211 476 -1 -1 4 0000
17 -9 0 0 -223 526 0 1 1 0000
56 18 1 1 -198 489 -2 -3 1 0000
32 -17 1 0 -219 450 -1 -5 5 0000
61 15 1 1 -200 429 -2 3 -2 0000
66 20 1 1 -239 462 -2 -1 0 0000
52 47 1 1 -209 467 -1 1 0 0000
29 2 1 0 -218 478 2 0 2 0000
-4 12 0 0 -228 491 1 0 1 0000
45 45 1 1 -229 494 2 -3 -2 0000
10 22 0 0 -245 453 -1 -1 3 0000
60 36 1 1 -250 488 1 0 3 0000
64 82 1 1 -263 493 -6 2 3 0000
50 40 1 1 -269 456 1 2 -2 0000
10 40 0 0 -267 459 1 2 1 0000
18 34 0 0 -245 442 3 0 1 0000
26 41 1 0 -284 418 1 0 0 0000
45 5 1 1 -278 488 -6 -1 1 0000
111 48 2 1 -283 419 0 -1 -2 0000
13 8 0 0 -284 451 2 -1 1 0000
-24 -21 0 0 -258 459 -2 0 5 0000
37 26 1 0 -270 439 0 2 -3 0000
15 -20 0 0 -291 447 -2 1 1 0000
-25 -7 0 0 -311 417 1 3 -2 0000
14 1 0 0 -267 419 0 3 1 0000
29 3 1 0 -290 432 -2 2 -1 0000
7 -16 0 0 -272 451 -3 -2 -1 0000
62 26 1 1 -293 407 -2 1 2 0000
68 67 1 1 -276 459 1 0 2 0000
31 27 1 0 -282 417 -1 5 4 0000
-4 -17 0 0 -300 369 -3 -1 0 0000
58 34 1 1 -325 453 0 0 2 0000
15 39 0 0 -299 444 1 1 3 0000
15 -16 0 0 -307 405 0 2 4 0000
45 47 1 1 -298 450 -2 -2 -1 0000
11 13 0 0 -302 386 0 0 2 0000
31 1 1 0 -312 410 -1 -2 -1 0000
17 -21 0 0 -309 398 1 1 0 0000
52 60 1 1 -304 396 0 -2 -5 0000
15 -23 0 0 -312 400 2 -2 1 0000
15 -5 0 0 -287 423 1 1 -2 0000
11 5 0 0 -329 386 -3 2 1 0000
40 3 1 0 -270 403 -2 -1 -1 0000
76 60 2 1 -298 397 3 6 3 0000
13 20 0 0 -310 381 -1 -2 1 0000
46 18 1 1 -291 406 1 -1 -1 0000
19 19 0 0 -300 384 2 1 2 0000
4 22 0 0 -302 379 0 -4 -1 0000
67 30 1 1 -303 406 -5 0 2 0000
12 8 0 0 -305 388 0 -3 -1 0000
69 48 1 1 -330 384 1 -1 -1 0000
-14 -30 0 0 -278 360 0 2 3 0000
6 -7 0 0 -303 337 1 1 0 0000
-8 6 0 0 -308 371 1 2 0 0000
-10 -8 0 0 -305 370 -1 -2 1 0000
-136 -113 -3 -2 -290 360 2 1 -1 0000
-146 -84 -3 -2 -279 345 -3 2 2 0000
-151 -74 -3 -2 -306 370 -2 -4 1 0000
-216 -128 -4 -3 -303 334 -1 -2 1 0000
-190 -90 -4 -2 -328 350 3 0 1 0000
-211 -130 -4 -3 -349 332 1 -1 -1 0000
-205 -137 -4 -2 -286 353 -4 -1 1 0000
-192 -119 -4 -2 -298 343 0 2 -1 0000
-41 -1 -1 0 -315 331 -3 1 0 0000
39 8 1 0 -287 333 0 1 -1 0000
260 170 5 3 -307 312 -2 -4 1 0000
408 266 8 5 -285 335 0 -2 -1 0000
740 496 15 9 -286 339 -3 3 -3 0000
1145 641 23 14 -276 337 -3 -3 -3 0000
1471 868 29 18 -272 306 1 -1 0 0000
1759 1058 35 21 -290 309 0 -4 1 0000
1881 1114 38 23 -280 338 4 -2 2 0001
1802 1107 36 22 -278 320 1 0 0 0000
1463 910 29 18 -291 302 1 1 -2 0000
1066 639 21 13 -263 308 -1 -1 2 0000
678 397 14 8 -255 269 -4 -1 2 0000
367 241 7 4 -272 312 -2 1 0 0000
126 39 3 2 -293 290 1 0 2 0000
-63 -46 -1 -1 -268 303 -1 -1 0 0000
-109 -64 -2 -1 -269 295 -3 0 -5 0000
-136 -38 -3 -2 -241 256 -4 2 0 0000
-208 -155 -4 -2 -240 285 1 1 0 0000
-214 -130 -4 -3 -236 303 1 4 -2 0000
-190 -136 -4 -2 -222 284 -1 4 1 0000
-83 -65 -2 -1 -236 236 0 1 2 0000
-52 -29 -1 -1 -246 259 -1 -2 -4 0000
-57 -23 -1 -1 -237 243 2 -2 -3 0000
46 22 1 1 -213 238 -1 2 -3 0000
92 74 2 1 -226 248 -1 1 1 0000
102 56 2 1 -210 258 -4 1 2 0000
118 50 2 1 -204 232 0 0 -3 0000
164 115 3 2 -190 223 -4 -4 2 0000
174 79 3 2 -210 240 1 0 1 0000
191 102 4 2 -176 206 -1 -1 -1 0000
157 77 3 2 -198 248 1 -1 -2 0000
235 131 5 3 -151 249 -1 0 0 0000
282 192 6 3 -179 174 0 -1 2 0000
301 214 6 4 -140 223 2 1 -3 0000
342 205 7 4 -146 214 -2 -2 1 0000
302 202 6 4 -127 229 -1 1 2 0000
275 184 6 3 -106 225 -3 1 0 0000
335 179 7 4 -134 175 3 1 1 0000
366 219 7 4 -113 161 -1 0 0 0000
402 261 8 5 -89 207 0 4 -2 0000
382 226 8 5 -70 203 3 0 2 0000
412 240 8 5 -68 181 0 3 -1 0000
393 201 8 5 -43 195 1 2 3 0000
352 199 7 4 -85 188 -2 0 -3 0000
374 246 7 4 -37 173 -2 -2 -3 0000
465 297 9 6 -23 202 0 1 2 0000
437 264 9 5 -39 196 3 3 0 0000
402 238 8 5 -14 165 -3 -2 -2 0000
406 230 8 5 -29 134 1 -1 1 0000
404 243 8 5 -3 164 0 -1 5 0000
439 251 9 5 24 187 0 -1 3 0000
429 243 9 5 8 155 -2 -1 0 0000
409 228 8 5 42 132 1 3 2 0000
473 318 9 6 106 126 2 -1 2 0000
435 248 9 5 67 138 1 2 -1 0000
454 272 9 5 102 164 1 -1 0 0000
416 263 8 5 112 131 5 0 3 0000
427 224 9 5 129 103 -2 2 4 0000
446 264 9 5 138 116 -2 0 2 0000
428 262 9 5 131 117 2 -2 2 0000
427 233 9 5 133 135 -1 1 -2 0000
335 182 7 4 169 101 1 2 3 0000
385 257 8 5 158 125 3 -1 2 0000
362 271 7 4 169 105 3 -2 0 0000
337 215 7 4 214 98 0 0 4 0000
328 164 7 4 212 121 1 -1 1 0000
382 236 8 5 220 92 -2 -2 -1 0000
332 199 7 4 237 114 1 0 2 0000
301 165 6 4 227 73 3 0 -2 0000
320 193 6 4 229 58 -2 -2 2 0000
262 183 5 3 236 49 -2 -2 -1 0000
269 143 5 3 244 71 -2 -2 1 0000
295 173 6 4 278 38 1 3 2 0000
228 130 5 3 265 47 -1 -2 1 0000
201 121 4 2 270 49 0 0 1 0000
196 64 4 2 266 39 1 -2 -2 0000
169 113 3 2 296 90 2 -2 2 0000
196 121 4 2 283 44 2 4 -3 0000
186 110 4 2 288 38 -3 -2 -2 0000
191 110 4 2 319 59 3 1 -1 0000
209 119 4 3 314 -12 0 1 0 0000
187 107 4 2 331 40 -2 -1 1 0000
98 77 2 1 284 30 -1 -4 1 0000
186 100 4 2 309 27 4 2 -1 0000
122 69 2 1 263 -4 0 1 0 0000
98 44 2 1 318 2 -1 3 3 0000
158 92 3 2 284 -26 1 1 0 0000
109 32 2 1 312 -15 0 0 2 0000
141 145 3 2 303 -9 1 1 2 0000
82 25 2 1 267 -16 2 0 2 0000
56 41 1 1 276 -22 -5 -1 0 0000
14 43 0 0 250 -7 2 -2 0 0000
103 79 2 1 267 -72 0 -1 1 0000
38 26 1 0 217 -41 0 -1 -3 0000
87 46 2 1 238 -36 3 3 0 0000
62 31 1 1 217 -25 -4 0 0 0000
69 35 1 1 213 -39 -2 -1 1 0000
90 21 2 1 238 -42 1 -2 -3 0000
36 16 1 0 182 -59 -1 -1 6 0000
34 4 1 0 198 -61 3 1 -1 0000
39 -15 1 0 195 -70 2 0 -1 0000
76 39 2 1 160 -29 -1 -2 1 0000
29 -2 1 0 148 -45 0 0 3 0000
37 3 1 0 113 -47 2 1 -2 0000
65 31 1 1 144 -71 -2 1 -1 0000
63 4 1 1 84 -116 3 -1 -2 0000
63 12 1 1 74 -52 -3 1 -1 0000
40 7 1 0 105 -71 1 2 2 0000
60 20 1 1 98 -105 -1 -3 0 0000
46 49 1 1 59 -132 -4 2 -2 0000
18 -12 0 0 75 -76 1 2 2 0000
90 35 2 1 41 -109 2 1 -1 0000
-20 -10 0 0 31 -95 0 -2 -1 0000
61 39 1 1 -19 -110 1 -1 0 0000
45 48 1 1 -5 -135 1 0 3 0000
36 22 1 0 -36 -125 0 0 -1 0000
16 7 0 0 1 -144 -1 3 -1 0000
27 30 1 0 -63 -96 -3 1 -3 0000
89 43 2 1 -45 -165 1 1 4 0000
31 51 1 0 -81 -115 3 -1 -1 0000
23 -3 0 0 -33 -157 0 2 3 0000
8 -11 0 0 -67 -145 0 3 -1 0000
19 -7 0 0 -90 -159 0 2 1 0000
31 18 1 0 -92 -132 2 1 -2 0000
-7 9 0 0 -132 -144 -3 -2 -3 0000
68 40 1 1 -142 -153 1 0 -5 0000
37 -2 1 0 -140 -167 -2 0 1 0000
77 59 2 1 -142 -173 -2 2 2 0000
63 71 1 1 -139 -143 0 -3 -1 0000
76 56 2 1 -164 -187 0 2 -1 0000
-7 -28 0 0 -178 -185 2 -1 2 0000
51 49 1 1 -185 -183 1 1 2 0000
22 -15 0 0 -183 -207 -1 2 -3 0000
32 19 1 0 -189 -167 3 -1 3 0000
15 0 0 0 -182 -189 0 2 0 0000
40 39 1 0 -205 -205 -1 -1 2 0000
36 34 1 0 -228 -193 2 -2 0 0000
-31 -35 -1 0 -221 -240 1 1 -1 0000
59 -9 1 1 -218 -172 0 0 2 0000
38 37 1 0 -241 -226 1 -2 -1 0000
4 -8 0 0 -200 -209 0 1 0 0000
0 -9 0 0 -253 -196 1 2 -4 0000
12 -2 0 0 -225 -236 3 -3 -1 0000
-15 24 0 0 -255 -218 1 -1 2 0000
37 -1 1 0 -243 -243 -3 1 -2 0000
78 30 2 1 -248 -216 -2 -1 3 0000
38 13 1 0 -266 -250 2 -1 2 0000
48 6 1 1 -266 -312 -1 -1 1 0000
-12 -9 0 0 -262 -231 2 4 1 0000
-14 -15 0 0 -260 -235 0 0 -1 0000
5 -7 0 0 -278 -231 3 2 1 0000
54 41 1 1 -270 -258 1 -1 3 0000
6 17 0 0 -275 -258 2 0 2 0000
49 25 1 1 -295 -247 2 -2 1 0000
26 15 1 0 -292 -281 1 0 2 0000
44 4 1 1 -290 -274 -1 3 4 0000
1 7 0 0 -283 -274 2 -1 3 0000
4 -3 0 0 -319 -285 -1 3 3 0000
29 11 1 0 -285 -287 -4 2 0 0000
26 3 1 0 -296 -301 -1 3 0 0000
-22 -8 0 0 -328 -261 1 0 -3 0000
48 50 1 1 -286 -299 -2 0 -2 0000
-27 -6 -1 0 -269 -307 2 1 -2 0000
19 7 0 0 -275 -292 2 1 0 0000
33 29 1 0 -303 -315 2 -2 0 0000
11 0 0 0 -291 -331 -1 1 4 0000
-11 -6 0 0 -299 -306 0 0 1 0000
20 37 0 0 -276 -314 -1 0 2 0000
28 -22 1 0 -277 -333 0 -3 2 0000
4 10 0 0 -296 -321 -2 1 -3 0000
-9 2 0 0 -308 -332 2 1 -2 0000
-4 5 0 0 -300 -348 -1 0 2 0000
15 -18 0 0 -308 -368 0 0 -1 0000
18 43 0 0 -294 -366 -1 1 -3 0000
74 83 1 1 -295 -361 1 -2 0 0000
-7 -19 0 0 -307 -349 -2 -2 0 0000
43 27 1 1 -300 -365 3 0 0 0000
19 3 0 0 -312 -355 1 1 1 0000
34 17 1 0 -294 -351 -2 1 3 0000
11 0 0 0 -276 -370 3 0 0 0000
54 54 1 1 -315 -308 4 0 1 0000
-23 13 0 0 -296 -319 -2 -2 -1 0000
30 4 1 0 -303 -358 1 5 2 0000
21 37 0 0 -298 -391 0 -5 2 0000
43 30 1 1 -306 -363 -1 -1 0 0000
-9 -14 0 0 -334 -391 0 2 -1 0000
-8 -4 0 0 -280 -348 2 -2 -3 0000
-38 -11 -1 0 -310 -364 1 1 -1 0000
-102 -61 -2 -1 -295 -370 4 0 0 0000
-122 -22 -2 -1 -287 -348 1 -1 0 0000
-161 -91 -3 -2 -294 -370 1 3 -2 0000
-155 -122 -3 -2 -311 -366 -1 -1 2 0000
-202 -132 -4 -2 -314 -399 -1 1 2 0000
-208 -132 -4 -2 -279 -364 -3 5 2 0000
-136 -95 -3 -2 -291 -406 0 -3 -3 0000
-167 -118 -3 -2 -286 -404 -1 -3 0 0000
-123 -73 -2 -1 -284 -368 -2 1 2 0000
-49 -8 -1 -1 -275 -431 -4 -1 0 0000
86 -1 2 1 -310 -388 -1 3 0 0000
228 148 5 3 -312 -405 1 0 1 0000
443 284 9 5 -261 -437 -2 3 3 0000
727 450 15 9 -297 -401 -1 2 -2 0000
1122 658 22 13 -299 -440 1 -2 -1 0000
1474 856 29 18 -283 -417 1 -2 2 0000
1680 1039 34 20 -264 -381 -1 2 3 0000
1785 1092 36 21 -276 -412 2 2 0 0001
1674 961 33 20 -259 -401 2 0 1 0000
1495 866 30 18 -302 -438 -3 0 0 0000
1101 639 22 13 -264 -446 -3 0 -2 0000
631 351 13 8 -268 -431 4 -1 2 0000
389 273 8 5 -258 -439 -2 1 0 0000
131 107 3 2 -261 -441 -1 -2 2 0000
-43 -19 -1 -1 -279 -407 1 2 -1 0000
-158 -90 -3 -2 -253 -427 0 3 1 0000
-226 -140 -5 -3 -251 -432 1 2 1 0000
-178 -122 -4 -2 -228 -424 -3 2 1 0000
-210 -125 -4 -3 -291 -449 -1 0 0 0000
-165 -53 -3 -2 -246 -487 -3 0 -2 0000
-97 -86 -2 -1 -227 -450 0 -3 -2 0000
-46 -3 -1 -1 -235 -464 0 -3 -1 0000
-21 13 0 0 -234 -441 -2 -1 -1 0000
24 12 0 0 -234 -453 0 1 2 0000
91 65 2 1 -221 -441 4 1 1 0000
83 39 2 1 -195 -481 1 2 1 0000
155 63 3 2 -204 -454 1 3 4 0000
173 124 3 2 -196 -467 3 1 5 0000
194 125 4 2 -187 -472 0 0 -2 0000
194 130 4 2 -192 -460 3 1 1 0000
165 132 3 2 -177 -461 3 2 1 0000
170 97 3 2 -160 -450 2 1 -1 0000
205 133 4 2 -185 -411 3 -1 2 0000
268 169 5 3 -171 -471 -1 3 0 0000
266 174 5 3 -177 -486 0 0 -1 0000
262 162 5 3 -150 -480 1 -4 4 0000
274 167 5 3 -182 -479 3 2 1 0000
327 178 7 4 -112 -442 -2 1 -1 0000
275 143 6 3 -95 -474 -1 -3 -3 0000
359 239 7 4 -111 -487 0 2 1 0000
362 200 7 4 -99 -469 -2 5 2 0000
334 205 7 4 -81 -463 0 -3 0 0000
368 200 7 4 -71 -518 1 -1 -2 0000
408 253 8 5 -81 -487 1 -2 -4 0000
431 302 9 5 -45 -504 -3 -1 2 0000
443 236 9 5 -32 -460 -2 0 -3 0000
417 267 8 5 -18 -505 -1 2 -3 0000
406 224 8 5 4 -458 -1 -3 0 0000
431 286 9 5 -9 -473 0 -1 1 0000
414 245 8 5 28 -480 2 3 -2 0000
395 205 8 5 44 -480 -1 -2 1 0000
452 252 9 5 14 -472 1 -1 -1 0000
448 265 9 5 39 -452 0 4 5 0000
464 280 9 6 54 -486 -3 0 0 0000
475 282 9 6 99 -514 -1 1 -1 0000
466 247 9 6 104 -493 -1 -1 3 0000
441 251 9 5 105 -453 -2 1 -2 0000
411 240 8 5 112 -501 1 2 3 0000
403 262 8 5 111 -503 1 5 -2 0000
385 191 8 5 127 -546 -3 2 2 0000
366 202 7 4 123 -495 -1 1 0 0000
368 192 7 4 176 -496 0 3 1 0000
388 264 8 5 145 -528 0 -2 1 0000
370 204 7 4 176 -493 -1 -3 0 0000
311 236 6 4 173 -457 -1 0 1 0000
371 243 7 4 201 -473 2 1 -2 0000
361 254 7 4 243 -499 1 1 4 0000
354 179 7 4 226 -525 1 1 -1 0000
259 152 5 3 261 -474 1 -2 0 0000
270 210 5 3 226 -465 -1 -2 -1 0000
257 166 5 3 282 -472 -2 -2 -2 0000
242 135 5 3 268 -504 -1 -2 -1 0000
225 122 5 3 272 -518 -2 0 2 0000
212 140 4 3 259 -500 3 0 -1 0000
187 80 4 2 270 -505 -2 0 1 0000
186 130 4 2 275 -469 -1 -1 2 0000
181 76 4 2 311 -501 3 5 -2 0000
184 98 4 2 273 -515 1 1 -4 0000
185 104 4 2 306 -484 -2 -1 -2 0000
184 116 4 2 286 -507 0 2 -4 0000
121 94 2 1 300 -492 -1 4 -3 0000
136 102 3 2 297 -494 -1 0 1 0000
196 111 4 2 318 -519 -3 -1 -2 0000
103 29 2 1 297 -516 2 -3 0 0000
130 114 3 2 308 -496 -1 0 -2 0000
79 16 2 1 286 -520 -1 -1 0 0000
125 97 2 1 277 -530 2 -4 0 0000
102 52 2 1 278 -509 4 -4 1 0000
52 26 1 1 282 -474 -2 1 1 0000
104 107 2 1 278 -466 0 -2 -3 0000
102 64 2 1 281 -500 -2 1 1 0000
90 63 2 1 253 -465 -2 -2 -1 0000
-24 19 0 0 249 -475 -1 2 -1 0000
59 23 1 1 238 -511 6 -1 2 0000
97 55 2 1 239 -492 1 0 4 0000
43 47 1 1 198 -474 3 -1 -1 0000
25 24 1 0 239 -475 0 2 1 0000
38 6 1 0 193 -528 0 0 1 0000
-31 -32 -1 0 204 -534 -2 1 1 0000
4 -12 0 0 184 -473 0 -2 0 0000
34 32 1 0 160 -507 -1 3 0 0000
60 29 1 1 155 -481 0 -1 0 0000
39 46 1 0 166 -503 1 -5 2 0000
51 44 1 1 176 -448 -3 -2 2 0000
0 -20 0 0 125 -471 -3 3 2 0000
74 52 1 1 128 -488 2 -2 3 0000
65 34 1 1 104 -484 -3 0 1 0000
47 24 1 1 76 -459 2 0 2 0000
22 14 0 0 109 -494 -3 0 2 0000
53 47 1 1 64 -477 -3 0 3 0000
8 10 0 0 67 -453 0 0 -1 0000
0 -9 0 0 46 -476 2 0 1 0000
-41 -26 -1 0 23 -432 -2 1 1 0000
31 9 1 0 29 -449 0 0 2 0000
-44 -79 -1 -1 32 -470 -1 -2 0 0000
24 19 0 0 -26 -438 0 -1 1 0000
38 9 1 0 -9 -474 6 3 1 0000
48 -11 1 1 -48 -469 -1 -1 1 0000
55 68 1 1 -54 -453 0 1 1 0000
43 41 1 1 -69 -449 1 -2 -2 0000
-2 -10 0 0 -60 -462 -1 2 2 0000
51 4 1 1 -101 -433 0 1 3 0000
26 -23 1 0 -108 -478 2 1 -1 0000
-32 15 -1 0 -115 -446 4 -2 1 0000
20 32 0 0 -105 -491 -2 -2 3 0000
-30 -13 -1 0 -147 -439 0 3 -3 0000
-8 8 0 0 -155 -448 1 4 1 0000
5 -8 0 0 -162 -502 -3 0 -2 0000
6 9 0 0 -156 -444 1 -1 -1 0000
51 32 1 1 -181 -448 0 1 4 0000
21 7 0 0 -194 -467 1 -1 1 0000
-5 12 0 0 -163 -457 1 -1 3 0000
4 -14 0 0 -190 -426 0 0 3 0000
6 0 0 0 -179 -428 -1 5 -2 0000
28 7 1 0 -199 -443 -3 1 -3 0000
39 -14 1 0 -215 -422 2 -1 1 0000
10 14 0 0 -218 -431 0 -4 -1 0000
12 39 0 0 -246 -422 2 1 -1 0000
38 43 1 0 -246 -429 0 5 -1 0000
-4 22 0 0 -204 -417 0 5 -2 0000
18 -4 0 0 -260 -424 0 -3 -2 0000
18 8 0 0 -211 -398 0 0 0 0000
-1 15 0 0 -254 -432 -4 0 1 0000
3 -6 0 0 -216 -406 1 -2 0 0000
13 16 0 0 -242 -463 0 0 2 0000
-4 -44 0 0 -254 -407 1 -2 3 0000
19 5 0 0 -290 -401 0 -1 3 0000
-16 -2 0 0 -266 -393 4 0 1 0000
33 69 1 0 -246 -435 2 0 0 0000
8 -3 0 0 -250 -407 0 -1 -3 0000
46 37 1 1 -265 -365 -1 2 0 0000
35 37 1 0 -276 -386 1 -1 1 0000
6 -41 0 0 -241 -420 1 -5 -1 0000
11 -7 0 0 -250 -380 2 -1 0 0000
40 51 1 0 -284 -431 -4 2 1 0000
44 13 1 1 -293 -393 1 -2 -1 0000
36 29 1 0 -258 -380 1 2 -1 0000
31 28 1 0 -294 -392 2 1 1 0000
-32 -33 -1 0 -284 -415 -3 -2 2 0000
25 42 0 0 -289 -384 -2 2 0 0000
-21 -12 0 0 -287 -373 0 2 2 0000
24 -11 0 0 -268 -371 -5 -2 1 0000
1 -20 0 0 -290 -356 -2 -4 0 0000
18 37 0 0 -276 -381 -1 3 -1 0000
-14 5 0 0 -307 -379 2 -3 0 0000
16 29 0 0 -270 -349 1 -3 1 0000
67 39 1 1 -310 -337 0 4 3 0000
76 79 2 1 -266 -328 -1 -3 1 0000
-54 -23 -1 -1 -255 -353 1 0 1 0000
-29 -13 -1 0 -289 -383 0 1 3 0000
-22 9 0 0 -295 -333 -3 -1 2 0000
-18 -25 0 0 -299 -344 -3 -2 0 0000
83 54 2 1 -291 -361 4 -2 1 0000
51 51 1 1 -302 -386 -3 -2 -2 0000
17 43 0 0 -290 -328 0 5 -1 0000
50 57 1 1 -303 -291 3 0 -2 0000
88 36 2 1 -285 -310 0 1 2 0000
39 10 1 0 -277 -325 0 3 3 0000
73 37 1 1 -302 -311 -1 3 -1 0000
-15 -10 0 0 -328 -309 2 1 -4 0000
-13 -12 0 0 -309 -299 7 1 -1 0000
50 51 1 1 -313 -336 2 4 7 0000
41 31 1 0 -299 -310 -1 -3 2 0000
36 25 1 0 -306 -290 -4 -2 1 0000
15 -12 0 0 -286 -281 -2 3 3 0000
-27 -18 -1 0 -296 -265 1 2 0 0000
-5 -15 0 0 -298 -311 -1 1 -1 0000
-5 -38 0 0 -288 -327 0 -2 2 0000
-56 -27 -1 -1 -315 -295 -1 -2 -1 0000
-172 -114 -3 -2 -302 -298 3 2 -1 0000
-153 -51 -3 -2 -315 -254 -5 1 -1 0000
-199 -129 -4 -2 -300 -286 1 -2 4 0000
-218 -121 -4 -3 -328 -292 1 -6 1 0000
-233 -110 -5 -3 -314 -262 0 -2 -3 0000
-256 -141 -5 -3 -304 -263 2 -2 -5 0000
-181 -123 -4 -2 -288 -266 2 -3 -2 0000
-104 -95 -2 -1 -261 -245 0 -1 -1 0000
-27 -1 -1 0 -303 -231 0 -1 0 0000
44 10 1 1 -306 -268 -2 -2 3 0000
167 90 3 2 -312 -258 -1 -4 1 0000
404 243 8 5 -288 -222 2 1 -2 0000
716 426 14 9 -270 -231 0 -1 1 0000
1119 694 22 13 -271 -238 1 0 2 0000
1452 852 29 17 -289 -233 0 3 2 0000
1811 1092 36 22 -279 -206 0 -1 2 0000
1812 1108 36 22 -288 -228 1 2 0 0001
1721 1042 34 21 -291 -208 -1 -2 2 0000
1436 856 29 17 -307 -235 -2 -2 0 0000
1052 621 21 13 -292 -222 -3 -4 -1 0000
716 426 14 9 -271 -234 2 -1 3 0000
348 192 7 4 -274 -229 2 1 2 0000
118 118 2 1 -270 -211 1 1 1 0000
-55 -45 -1 -1 -265 -229 1 -3 0 0000
-232 -146 -5 -3 -265 -200 -2 -3 -1 0000
-179 -105 -4 -2 -265 -208 0 4 1 0000
-210 -169 -4 -3 -264 -180 -5 2 -2 0000
-229 -130 -5 -3 -243 -188 0 -1 0 0000
-131 -56 -3 -2 -261 -184 0 -1 -1 0000
-164 -49 -3 -2 -230 -161 1 -3 0 0000
-127 -110 -3 -2 -253 -179 6 0 -4 0000
-40 -4 -1 0 -220 -164 -2 0 -1 0000
-6 -1 0 0 -251 -156 -1 -1 -1 0000
96 91 2 1 -220 -125 -1 0 1 0000
110 63 2 1 -223 -178 1 -3 1 0000
124 108 2 1 -209 -151 1 -1 -1 0000
157 41 3 2 -190 -159 -4 0 1 0000
147 69 3 2 -194 -149 1 1 -1 0000
196 138 4 2 -202 -101 2 0 1 0000
211 147 4 3 -170 -123 -2 -3 0 0000
217 122 4 3 -180 -170 -3 -4 -2 0000
233 135 5 3 -169 -140 -1 -4 -1 0000
213 126 4 3 -172 -145 1 1 0 0000
288 205 6 3 -142 -175 2 1 1 0000
229 111 5 3 -127 -87 -2 0 -2 0000
353 211 7 4 -142 -149 1 -1 0 0000
348 205 7 4 -109 -93 -2 -1 5 0000
328 230 7 4 -111 -117 -2 -3 0 0000
284 173 6 3 -125 -59 3 0 2 0000
350 211 7 4 -86 -95 1 1 2 0000
299 168 6 4 -71 -53 1 1 1 0000
351 178 7 4 -59 -72 -3 1 0 0000
393 237 8 5 -44 -88 0 0 -2 0000
404 229 8 5 -55 -64 -3 5 3 0000
388 201 8 5 -46 -55 0 -1 0 0000
388 231 8 5 -30 -54 -2 0 0 0000
409 237 8 5 -2 -80 2 2 -3 0000
359 215 7 4 -17 -41 2 3 0 0000
399 245 8 5 14 -24 -1 -5 -1 0000
468 288 9 6 28 -85 -3 -1 -4 0000
363 212 7 4 33 -66 2 1 5 0000
465 300 9 6 51 -25 1 1 2 0000
431 305 9 5 80 -1 4 0 -3 0000
403 226 8 5 91 -46 0 0 -3 0000
477 289 10 6 94 -5 0 -1 -1 0000
405 270 8 5 55 -24 0 -1 -1 0000
457 297 9 5 120 -5 2 -4 1 0000
395 254 8 5 140 -5 -3 2 0 0000
403 215 8 5 133 -2 2 1 -1 0000
361 214 7 4 148 -5 1 1 -1 0000
341 189 7 4 167 3 -1 1 2 0000
298 134 6 4 198 25 0 -2 2 0000
329 151 7 4 221 -10 -2 1 1 0000
357 237 7 4 225 -36 0 0 -3 0000
290 206 6 3 204 -4 -3 -1 1 0000
276 158 6 3 220 35 1 1 1 0000
285 131 6 3 248 27 2 1 1 0000
289 201 6 3 226 -13 3 -2 2 0000
256 134 5 3 236 14 2 1 2 0000
294 179 6 4 272 40 3 1 3 0000
253 172 5 3 270 34 0 -2 -1 0000
230 135 5 3 271 41 0 -2 -1 0000
184 142 4 2 298 37 -2 -4 1 0000
176 88 4 2 274 50 0 -3 -2 0000
205 98 4 2 289 72 1 -2 -3 0000
169 115 3 2 294 59 5 1 0 0000
200 102 4 2 294 67 0 0 0 0000
106 77 2 1 302 76 -4 0 -1 0000
154 89 3 2 283 53 0 0 0 0000
118 78 2 1 313 71 5 2 0 0000
167 58 3 2 276 61 -2 -2 -2 0000
127 86 3 2 312 82 1 -3 2 0000
74 27 1 1 312 80 -1 2 -4 0000
57 8 1 1 285 102 0 -2 0 0000
95 63 2 1 293 71 0 1 1 0000
72 54 1 1 286 80 -1 0 1 0000
72 53 1 1 316 77 -2 -2 1 0000
63 26 1 1 277 95 -1 -1 1 0000
82 48 2 1 275 106 2 -3 1 0000
25 29 0 0 252 94 -1 -3 0 0000
156 80 3 2 262 112 -1 2 -2 0000
56 72 1 1 267 141 -2 0 -2 0000
27 28 1 0 246 94 -4 2 -1 0000
35 35 1 0 224 126 2 -2 0 0000
53 15 1 1 245 144 -1 0 1 0000
53 -8 1 1 215 134 0 -1 2 0000
-22 -11 0 0 224 139 1 1 3 0000
-33 -14 -1 0 220 181 -4 -1 -1 0000
24 35 0 0 185 149 0 -3 2 0000
50 40 1 1 195 135 0 0 -4 0000
28 17 1 0 155 136 -3 0 0 0000
52 23 1 1 160 130 -3 3 -2 0000
32 10 1 0 157 169 -1 -2 -4 0000
31 30 1 0 140 173 3 -3 0 0000
68 25 1 1 108 169 -4 -1 -4 0000
-15 -5 0 0 97 198 3 -4 1 0000
-7 18 0 0 100 201 4 -3 -1 0000
27 -2 1 0 67 200 3 2 1 0000
23 21 0 0 57 149 1 0 -1 0000
-51 -9 -1 -1 68 211 2 1 3 0000
30 -20 1 0 47 221 1 -1 1 0000
-25 -37 0 0 24 209 0 2 -2 0000
-23 21 0 0 18 193 -1 0 -2 0000
65 72 1 1 17 213 -4 -1 0 0000
48 40 1 1 -16 179 -1 -5 0 0000
-10 -8 0 0 -1 219 -4 0 2 0000
63 67 1 1 -40 248 0 -1 0 0000
-3 2 0 0 -48 227 -2 1 -1 0000
43 20 1 1 -65 216 0 0 -1 0000
54 26 1 1 -45 253 1 0 2 0000
52 28 1 1 -100 241 -3 -2 1 0000
50 69 1 1 -98 259 0 2 0 0000
3 -11 0 0 -109 226 -1 4 -2 0000
-5 19 0 0 -117 227 -2 -1 1 0000
49 49 1 1 -154 240 -2 -1 1 0000
9 -31 0 0 -126 251 1 1 -3 0000
-9 7 0 0 -161 238 2 -1 -1 0000
-19 18 0 0 -164 228 -1 0 3 0000
50 34 1 1 -171 243 0 1 -1 0000
34 33 1 0 -183 278 0 -2 1 0000
56 -8 1 1 -195 251 0 0 2 0000
-7 -6 0 0 -188 248 0 2 -4 0000
19 23 0 0 -202 289 0 1 -1 0000
-22 -15 0 0 -184 295 -1 -1 -2 0000
14 -1 0 0 -235 274 -4 -1 0 0000
-14 -40 0 0 -203 265 -1 -1 1 0000
23 17 0 0 -201 303 0 -1 1 0000
10 24 0 0 -209 275 1 0 2 0000
54 30 1 1 -232 322 1 2 1 0000
20 41 0 0 -233 313 -1 -4 -2 0000
-1 -15 0 0 -237 328 1 1 -1 0000
-42 -27 -1 0 -231 312 0 2 -1 0000
-3 -32 0 0 -243 292 0 3 -1 0000
-7 -3 0 0 -266 335 -1 0 -2 0000
45 32 1 1 -228 309 2 1 3 0000
24 11 0 0 -261 347 0 0 -1 0000
-7 -25 0 0 -282 340 -1 -3 1 0000
17 6 0 0 -282 342 -1 -1 1 0000
14 -1 0 0 -258 346 2 -2 -4 0000
20 -4 0 0 -283 345 0 2 -1 0000
1 2 0 0 -268 334 0 0 -7 0000
45 19 1 1 -243 375 1 2 -2 0000
49 10 1 1 -315 346 1 1 -2 0000
-25 5 -1 0 -283 334 -5 1 2 0000
40 19 1 0 -277 367 -2 -2 0 0000
-13 6 0 0 -294 342 -2 2 -1 0000
16 -3 0 0 -319 347 2 0 0 0000
40 11 1 0 -300 380 -1 -1 0 0000
24 -16 0 0 -298 367 -1 1 2 0000
9 18 0 0 -292 331 0 -4 1 0000
12 21 0 0 -297 380 2 5 3 0000
77 28 2 1 -304 371 2 -1 0 0000
52 71 1 1 -282 387 -1 3 3 0000
10 -17 0 0 -326 366 1 -2 1 0000
0 -11 0 0 -286 393 -2 -1 0 0000
64 55 1 1 -301 407 3 2 -2 0000
12 -1 0 0 -296 419 0 2 1 0000
21 0 0 0 -289 361 0 -1 3 0000
48 75 1 1 -299 425 1 -4 2 0000
-10 23 0 0 -301 426 -1 -2 0 0000
-4 26 0 0 -294 395 -1 2 2 0000
-3 52 0 0 -291 382 -3 2 2 0000
14 25 0 0 -299 403 3 1 3 0000
-64 -19 -1 -1 -303 413 -2 4 0 0000
-4 -32 0 0 -288 396 1 -1 2 0000
30 -1 1 0 -327 403 2 4 -1 0000
18 14 0 0 -317 358 1 2 -2 0000
19 -15 0 0 -306 395 -1 0 2 0000
-40 -41 -1 0 -283 455 -2 -1 -1 0000
14 -22 0 0 -291 391 0 2 -2 0000
2 8 0 0 -301 375 0 -2 -1 0000
3 19 0 0 -272 424 -1 1 -2 0000
24 -31 0 0 -296 422 -4 0 1 0000
32 31 1 0 -298 400 -1 -3 -5 0000
-33 13 -1 0 -286 453 2 -1 0 0000
-63 -30 -1 -1 -307 448 1 -1 2 0000
-80 -45 -2 -1 -303 427 1 -3 0 0000
-82 -74 -2 -1 -314 398 1 -2 -3 0000
-146 -103 -3 -2 -284 428 0 1 0 0000
-192 -128 -4 -2 -279 429 2 1 -2 0000
-213 -132 -4 -3 -304 418 4 -2 5 0000
-192 -116 -4 -2 -306 429 0 2 3 0000
-267 -172 -5 -3 -295 447 2 -1 2 0000
-239 -133 -5 -3 -284 462 0 2 -1 0000
-234 -153 -5 -3 -317 453 2 2 2 0000
-90 -53 -2 -1 -306 481 1 1 2 0000
-102 -62 -2 -1 -292 442 -3 4 0 0000
44 -7 1 1 -316 458 0 1 4 0000
178 114 4 2 -306 443 1 1 1 0000
405 248 8 5 -300 433 0 -2 -2 0000
711 401 14 9 -288 467 -2 -3 2 0000
1064 641 21 13 -293 472 -1 1 -3 0000
1487 915 30 18 -286 481 1 2 2 0000
1731 1057 35 21 -283 456 -1 3 0 0000
1809 1104 36 22 -285 469 0 -2 -3 0001
1671 1003 33 20 -296 479 -1 2 1 0000
1415 852 28 17 -291 467 3 -6 2 0000
1088 692 22 13 -280 480 -3 0 -3 0000
649 377 13 8 -270 499 4 0 -3 0000
334 184 7 4 -295 484 1 -4 1 0000
130 88 3 2 -276 455 0 -2 -1 0000
-47 -19 -1 -1 -260 452 2 2 -1 0000
-177 -112 -4 -2 -262 499 1 -1 -2 0000
-161 -119 -3 -2 -263 479 0 3 -2 0000
-262 -160 -5 -3 -253 485 -1 4 2 0000
-173 -72 -3 -2 -269 472 1 -3 1 0000
-159 -74 -3 -2 -231 489 3 2 -3 0000
-201 -116 -4 -2 -236 524 3 -1 -1 0000
-76 -55 -2 -1 -234 507 5 1 -1 0000
-8 -26 0 0 -234 466 1 0 -1 0000
-6 -4 0 0 -236 530 -1 0 1 0000
60 37 1 1 -236 491 -2 -2 2 0000
46 41 1 1 -214 476 1 1 1 0000
95 85 2 1 -217 469 0 -1 0 0000
149 102 3 2 -180 472 -2 2 -2 0000
171 112 3 2 -171 479 -5 0 -2 0000
177 123 4 2 -183 478 -2 0 -1 0000
170 76 3 2 -169 449 2 -2 -1 0000
225 187 4 3 -173 512 6 4 3 0000
260 137 5 3 -187 468 1 0 -1 0000
216 118 4 3 -174 501 1 1 -1 0000
249 180 5 3 -179 482 0 -8 3 0000
245 131 5 3 -147 508 4 3 -1 0000
272 123 5 3 -153 497 -3 3 0 0000
292 168 6 4 -113 487 -4 4 0 0000
297 183 6 4 -103 480 2 0 -3 0000
302 202 6 4 -104 474 -2 -2 -5 0000
311 155 6 4 -129 531 0 -1 2 0000
337 207 7 4 -83 528 1 2 0 0000
341 225 7 4 -64 534 -3 0 -5 0000
341 196 7 4 -38 475 -1 1 -3 0000
378 224 8 5 -24 489 -1 -2 0 0000
387 225 8 5 -28 473 -3 -1 1 0000
388 218 8 5 -18 530 -1 0 1 0000
356 190 7 4 -24 483 -1 -3 -1 0000
406 246 8 5 -5 505 -1 1 0 0000
411 258 8 5 26 504 -1 2 -2 0000
393 229 8 5 58 513 1 1 -1 0000
420 274 8 5 22 481 -1 2 2 0000
442 268 9 5 57 526 -1 -1 -2 0000
413 228 8 5 61 524 1 1 -2 0000
424 287 8 5 83 503 -3 -2 -3 0000
437 240 9 5 109 491 -1 -2 0 0000
444 270 9 5 91 520 0 1 1 0000
374 206 7 4 114 513 1 -1 -1 0000
370 228 7 4 114 484 0 3 0 0000
364 212 7 4 151 495 0 -3 3 0000
399 220 8 5 175 539 -1 1 4 0000
374 213 7 4 166 485 -2 -1 -3 0000
375 271 7 4 176 519 -4 3 0 0000
344 214 7 4 193 510 2 -2 3 0000
315 170 6 4 224 514 -4 -1 -1 0000
267 152 5 3 223 465 2 -2 1 0000
247 135 5 3 215 486 3 0 1 0000
346 198 7 4 220 487 -2 -2 0 0000
272 143 5 3 228 513 2 2 -2 0000
276 180 6 3 263 498 -1 0 -1 0000
266 174 5 3 258 497 0 1 0 0000
275 182 6 3 274 486 -1 0 1 0000
237 196 5 3 271 476 -4 -1 -2 0000
206 111 4 2 291 500 0 -1 2 0000
214 99 4 3 277 468 -2 -2 -4 0000
190 130 4 2 299 463 -1 -1 2 0000
148 102 3 2 288 480 -2 -3 2 0000
183 112 4 2 281 495 3 2 1 0000
148 87 3 2 297 497 0 0 1 0000
131 63 3 2 309 482 3 2 -1 0000
94 57 2 1 306 463 -1 -1 -2 0000
146 80 3 2 295 465 5 0 -4 0000
90 106 2 1 301 494 4 1 2 0000
90 75 2 1 322 467 0 -1 -1 0000
83 61 2 1 294 485 0 1 0 0000
75 63 1 1 278 526 -1 3 2 0000
86 19 2 1 292 500 1 4 -2 0000
89 44 2 1 276 476 -1 -1 0 0000
72 65 1 1 315 460 -1 -2 2 0000
6 8 0 0 292 478 1 0 0 0000
-28 -33 -1 0 284 448 4 -2 -2 0000
29 44 1 0 250 460 -1 -2 -1 0000
30 0 1 0 274 480 -2 -2 -1 0000
27 61 1 0 223 477 1 -1 -5 0000
-14 -11 0 0 234 465 0 -2 0 0000
4 -62 0 0 205 458 2 1 2 0000
-33 -13 -1 0 203 468 -4 1 -2 0000
98 51 2 1 222 414 -2 -1 -1 0000
33 16 1 0 195 491 2 0 -2 0000
14 20 0 0 164 456 -1 1 2 0000
-45 -11 -1 -1 176 433 -1 -1 2 0000
3 34 0 0 165 491 -1 -5 1 0000
34 19 1 0 153 484 -3 -1 -2 0000
31 -26 1 0 107 470 2 2 -1 0000
20 54 0 0 134 436 0 -1 0 0000
48 16 1 1 101 463 -2 0 -3 0000
-50 -36 -1 -1 115 435 0 -2 3 0000
-29 -42 -1 0 77 454 1 -2 2 0000
3 26 0 0 81 454 1 -1 1 0000
7 -1 0 0 60 403 0 1 0 0000
-14 -30 0 0 50 449 -1 1 -4 0000
38 4 1 0 48 442 1 1 -1 0000
-60 -17 -1 -1 23 412 1 1 2 0000
-29 -15 -1 0 52 403 1 -3 -3 0000
49 39 1 1 18 405 0 1 -3 0000
27 17 1 0 0 448 2 0 -1 0000
-45 -20 -1 -1 -21 443 2 -1 2 0000
25 16 0 0 -54 428 7 0 0 0000
11 -40 0 0 -57 438 1 2 0 0000
-40 -36 -1 0 -44 405 -2 -2 3 0000
11 10 0 0 -67 417 0 -1 2 0000
26 30 1 0 -54 425 0 0 2 0000
-30 -2 -1 0 -84 407 -1 -1 -2 0000
15 10 0 0 -96 401 0 -2 -3 0000
-38 -36 -1 0 -113 429 -1 0 -2 0000
15 53 0 0 -130 446 -1 -1 0 0000
-30 -23 -1 0 -146 391 -1 2 3 0000
-12 2 0 0 -143 387 -2 -1 0 0000
-32 -24 -1 0 -153 421 -2 -1 0 0000
20 29 0 0 -164 396 2 -1 1 0000
-5 14 0 0 -153 393 3 1 -1 0000
14 -14 0 0 -185 345 1 0 0 0000
17 11 0 0 -194 388 -3 -4 1 0000
-1 3 0 0 -209 406 -1 0 2 0000
-4 -17 0 0 -198 389 -5 -1 -1 0000
11 -1 0 0 -217 391 -2 1 1 0000
16 -6 0 0 -199 396 3 -1 1 0000
-2 -21 0 0 -211 377 2 -1 1 0000
11 6 0 0 -236 381 -4 2 -3 0000
22 37 0 0 -251 359 -1 -3 1 0000
19 -6 0 0 -247 399 1 1 -1 0000
37 6 1 0 -225 371 -3 0 0 0000
-59 9 -1 -1 -253 335 -1 0 -2 0000
8 -10 0 0 -220 373 2 -2 -1 0000
3 7 0 0 -254 357 1 1 0 0000
-25 -38 -1 0 -231 333 1 2 -3 0000
-25 5 0 0 -267 333 3 -1 -3 0000
14 15 0 0 -280 321 -1 0 2 0000
-13 7 0 0 -265 356 -4 -1 -2 0000
-10 -12 0 0 -278 330 1 -4 -1 0000
13 -44 0 0 -294 304 1 1 -1 0000
32 30 1 0 -278 355 1 0 -1 0000
59 67 1 1 -282 363 2 1 -1 0000
21 7 0 0 -254 331 0 -1 -3 0000
57 49 1 1 -289 306 2 -5 -3 0000
35 1 1 0 -265 341 0 2 3 0000
7 22 0 0 -298 306 0 0 0 0000
5 -12 0 0 -268 311 3 0 2 0000
55 22 1 1 -267 297 -2 -1 -2 0000
-33 -33 -1 0 -274 278 2 2 0 0000
-1 7 0 0 -271 303 -1 2 1 0000
3 2 0 0 -343 324 1 4 -2 0000
-73 -48 -1 -1 -278 252 0 -1 1 0000
-14 -37 0 0 -287 267 -2 0 -1 0000
7 -1 0 0 -284 295 2 -1 3 0000
-88 -46 -2 -1 -312 262 1 1 1 0000
8 33 0 0 -304 283 3 -3 1 0000
-12 14 0 0 -284 293 0 1 -2 0000
10 16 0 0 -307 267 0 0 0 0000
18 20 0 0 -303 307 -1 1 0 0000
39 20 1 0 -316 285 -5 -1 -3 0000
-54 -50 -1 -1 -329 279 2 0 4 0000
-3 5 0 0 -266 254 4 -3 1 0000
-23 -30 0 0 -311 282 0 2 2 0000
-3 -4 0 0 -283 251 -1 -1 0 0000
-8 31 0 0 -302 259 -1 0 3 0000
-39 -48 -1 0 -312 247 4 -1 1 0000
-58 -51 -1 -1 -297 257 2 3 1 0000
59 46 1 1 -265 261 -1 -2 0 0000
-44 -10 -1 -1 -298 211 0 3 2 0000
3 -21 0 0 -301 230 2 2 0 0000
-40 -9 -1 0 -308 223 1 0 3 0000
35 28 1 0 -280 193 1 -1 -2 0000
-68 -28 -1 -1 -297 211 0 0 1 0000
-51 -20 -1 -1 -285 225 -2 0 -1 0000
-74 -25 -1 -1 -270 233 2 1 -1 0000
-57 -51 -1 -1 -312 194 -1 0 0 0000
-100 -31 -2 -1 -288 213 4 2 -1 0000
-47 -15 -1 -1 -298 198 -2 0 0 0000
-155 -76 -3 -2 -282 177 0 -1 1 0000
-152 -74 -3 -2 -310 228 -1 -4 -2 0000
-199 -118 -4 -2 -316 211 0 -3 2 0000
-224 -140 -4 -3 -306 175 0 -1 3 0000
-236 -123 -5 -3 -291 179 -1 2 -2 0000
-234 -151 -5 -3 -290 162 -1 2 -1 0000
-237 -142 -5 -3 -327 149 0 1 -2 0000
-180 -99 -4 -2 -298 178 -4 2 2 0000
-86 -61 -2 -1 -290 186 2 1 4 0000
-70 -3 -1 -1 -296 199 2 2 1 0000
108 57 2 1 -288 121 1 -1 -2 0000
385 263 8 5 -282 121 -2 -2 0 0000
654 402 13 8 -297 166 0 -2 0 0000
1079 647 22 13 -287 121 -1 -1 0 0000
1449 836 29 17 -282 117 -2 -2 2 0000
1726 1009 35 21 -259 124 0 -1 1 0000
1829 1116 37 22 -263 146 0 -5 2 0001
1709 1030 34 21 -277 135 0 2 1 0000
1434 811 29 17 -280 121 -1 2 2 0000
1054 626 21 13 -275 119 -2 2 3 0000
667 391 13 8 -272 101 -2 0 2 0000
315 164 6 4 -267 121 -2 0 4 0000
160 99 3 2 -303 102 3 3 1 0000
-95 -65 -2 -1 -258 107 -3 -2 2 0000
-120 -91 -2 -1 -276 99 -1 2 3 0000
-195 -86 -4 -2 -240 65 0 -2 2 0000
-178 -102 -4 -2 -248 63 0 2 -1 0000
-206 -165 -4 -2 -266 115 0 2 0 0000
-209 -105 -4 -3 -278 104 -1 1 -2 0000
-160 -103 -3 -2 -281 84 -5 3 -4 0000
-139 -67 -3 -2 -233 73 0 1 0 0000
-13 -1 0 0 -241 71 1 -1 0 0000
6 -10 0 0 -218 58 -1 0 3 0000
46 46 1 1 -239 16 1 -3 1 0000
85 47 2 1 -215 93 -1 -2 1 0000
91 33 2 1 -245 65 -1 -1 -1 0000
119 63 2 1 -190 31 -1 -3 1 0000
174 101 3 2 -203 50 1 3 1 0000
206 126 4 2 -200 50 0 4 3 0000
182 90 4 2 -179 29 -4 -4 1 0000
202 136 4 2 -177 13 2 4 5 0000
215 129 4 3 -186 68 2 1 1 0000
227 133 5 3 -150 11 2 -4 -3 0000
228 106 5 3 -166 30 -1 0 -1 0000
266 156 5 3 -155 31 2 2 1 0000
283 176 6 3 -125 -11 -1 -2 -1 0000
281 157 6 3 -125 2 1 2 -2 0000
304 154 6 4 -146 -11 0 -2 3 0000
283 184 6 3 -90 -6 1 1 -2 0000
318 184 6 4 -106 12 3 -1 3 0000
342 198 7 4 -86 4 1 1 1 0000
332 198 7 4 -88 -53 3 -1 0 0000
341 192 7 4 -66 -26 1 1 2 0000
340 226 7 4 -45 -35 2 -1 4 0000
380 210 8 5 -48 -17 3 2 -2 0000
378 226 8 5 -20 -27 2 1 2 0000
457 238 9 5 -18 -57 1 2 0 0000
378 189 8 5 -7 -42 0 -2 -2 0000
389 250 8 5 0 -55 -4 0 1 0000
359 238 7 4 28 -34 1 2 0 0000
417 268 8 5 41 -55 -3 -1 1 0000
382 242 8 5 43 -82 0 0 0 0000
395 215 8 5 76 -82 -3 1 2 0000
417 266 8 5 74 -83 4 1 1 0000
431 236 9 5 89 -79 1 -1 2 0000
374 258 7 4 102 -25 3 0 -3 0000
365 251 7 4 105 -79 2 0 4 0000
376 232 8 5 122 -68 1 -3 -4 0000
398 253 8 5 141 -89 4 0 -1 0000
357 207 7 4 166 -81 -4 -1 2 0000
350 233 7 4 176 -88 -2 1 -1 0000
357 205 7 4 180 -96 2 1 1 0000
345 176 7 4 176 -102 -1 -3 -2 0000
343 197 7 4 192 -132 -2 1 -1 0000
240 158 5 3 224 -116 2 1 0 0000
251 165 5 3 212 -126 0 -1 -1 0000
238 121 5 3 239 -117 -1 0 -6 0000
271 189 5 3 222 -134 2 4 -1 0000
206 125 4 2 243 -102 -2 4 -1 0000
226 132 5 3 253 -129 0 -3 -1 0000
232 165 5 3 261 -131 -4 2 3 0000
264 204 5 3 289 -170 -4 0 -2 0000
185 123 4 2 286 -132 0 -1 -1 0000
179 74 4 2 282 -125 -2 -1 2 0000
174 119 3 2 304 -152 -4 -2 2 0000
136 69 3 2 314 -169 0 2 -2 0000
46 32 1 1 325 -134 5 -2 0 0000
176 83 4 2 309 -190 3 -1 3 0000
109 78 2 1 292 -148 -2 1 5 0000
87 72 2 1 312 -176 1 -4 0 0000
107 69 2 1 326 -187 1 -2 2 0000
71 79 1 1 301 -198 2 -2 2 0000
108 30 2 1 292 -184 -1 1 0 0000
58 38 1 1 323 -165 0 -3 0 0000
89 46 2 1 327 -203 -5 -2 -2 0000
49 71 1 1 294 -184 -1 -1 1 0000
20 11 0 0 279 -176 1 5 2 0000
65 46 1 1 248 -202 2 1 -1 0000
111 62 2 1 271 -197 1 3 1 0000
2 -31 0 0 303 -205 -1 3 0 0000
14 19 0 0 270 -220 0 -1 1 0000
-12 -21 0 0 251 -234 0 -1 -1 0000
66 30 1 1 227 -207 -2 0 3 0000
19 52 0 0 235 -210 1 1 0 0000
-58 -51 -1 -1 215 -213 -1 -2 -2 0000
-57 -27 -1 -1 252 -264 -2 -2 -3 0000
34 18 1 0 225 -264 -2 1 0 0000
13 9 0 0 211 -238 0 1 -3 0000
-58 2 -1 -1 176 -239 -1 -1 1 0000
-36 -26 -1 0 191 -244 -2 1 -3 0000
10 3 0 0 142 -254 -4 0 1 0000
-2 34 0 0 139 -226 1 -1 -1 0000
-61 -12 -1 -1 152 -258 5 -3 1 0000
17 16 0 0 136 -234 2 3 2 0000
-20 -4 0 0 92 -269 -4 0 0 0000
30 32 1 0 96 -295 0 -3 3 0000
5 19 0 0 94 -277 0 -2 0 0000
26 44 1 0 70 -304 1 3 2 0000
-68 -50 -1 -1 63 -255 3 5 -3 0000
12 9 0 0 64 -318 0 0 4 0000
21 -16 0 0 49 -272 -1 -1 -1 0000
5 29 0 0 14 -288 1 -1 0 0000
-45 -17 -1 -1 10 -263 -1 -3 -1 0000
-13 -61 0 0 -1 -296 -2 0 -1 0000
-69 -26 -1 -1 -12 -277 2 1 -1 0000
-29 1 -1 0 -11 -338 -2 2 -1 0000
-35 -11 -1 0 -31 -300 -2 2 1 0000
-2 20 0 0 -53 -311 -2 2 -2 0000
52 37 1 1 -74 -289 1 2 1 0000
-2 -7 0 0 -68 -288 2 0 0 0000
-25 -26 -1 0 -109 -302 -3 -1 1 0000
15 -24 0 0 -79 -314 -1 0 -2 0000
10 10 0 0 -77 -333 -2 1 2 0000
-6 -21 0 0 -97 -351 0 -2 -4 0000
-33 -25 -1 0 -144 -332 1 -1 -1 0000
4 -19 0 0 -138 -369 0 0 2 0000
7 42 0 0 -152 -357 2 -1 -2 0000
-5 -28 0 0 -153 -378 -4 5 2 0000
44 61 1 1 -159 -366 0 -1 -2 0000
56 36 1 1 -162 -342 -1 1 0 0000
-43 -8 -1 -1 -153 -335 1 1 -3 0000
-2 -13 0 0 -162 -366 0 -4 -4 0000
-51 -32 -1 -1 -194 -357 0 -5 2 0000
-30 -29 -1 0 -189 -354 0 -2 -1 0000
-27 -53 -1 0 -181 -347 1 3 0 0000
-18 11 0 0 -190 -361 -2 -1 -1 0000
39 61 1 0 -243 -370 -1 -1 0 0000
-39 -45 -1 0 -230 -383 1 -4 -1 0000
1 7 0 0 -226 -412 -2 -1 -1 0000
9 -9 0 0 -211 -392 0 4 1 0000
-7 -10 0 0 -254 -366 0 1 0 0000
3 -6 0 0 -244 -395 -1 0 -2 0000
-34 -14 -1 0 -275 -397 -3 1 0 0000
-28 -15 -1 0 -219 -394 -2 -3 5 0000
-35 -18 -1 0 -235 -421 4 1 -3 0000
-80 -51 -2 -1 -269 -384 1 0 0 0000
4 13 0 0 -278 -432 -4 1 0 0000
-27 -15 -1 0 -253 -384 -1 2 -2 0000
-20 -6 0 0 -263 -400 0 -1 1 0000
5 49 0 0 -245 -404 1 0 1 0000
-13 -11 0 0 -282 -389 1 0 -2 0000
-18 -18 0 0 -264 -390 2 0 -1 0000
-31 -21 -1 0 -274 -417 -1 -1 0 0000
34 -1 1 0 -254 -414 -1 -1 1 0000
-11 21 0 0 -295 -418 -1 3 4 0000
-12 -7 0 0 -288 -424 0 3 1 0000
14 18 0 0 -290 -458 0 0 1 0000
-4 -3 0 0 -283 -481 0 -1 4 0000
-42 -32 -1 -1 -288 -436 -1 -3 3 0000
-28 -26 -1 0 -305 -456 -4 5 2 0000
-39 -34 -1 0 -285 -475 -2 1 2 0000
-66 1 -1 -1 -298 -465 1 1 4 0000
-21 -33 0 0 -271 -421 0 -1 -2 0000
2 20 0 0 -310 -416 0 -1 1 0000
-31 -21 -1 0 -275 -437 0 6 -2 0000
-2 -30 0 0 -295 -439 2 1 2 0000
7 15 0 0 -292 -413 1 -2 0 0000
-19 -11 0 0 -292 -427 -2 -2 -3 0000
-30 -37 -1 0 -276 -441 2 -4 1 0000
-37 -22 -1 0 -293 -459 0 4 2 0000
-24 -7 0 0 -284 -450 -2 -2 -2 0000
31 40 1 0 -286 -433 0 0 4 0000
-13 -32 0 0 -283 -445 -3 -1 2 0000
-30 -16 -1 0 -304 -441 -1 1 -3 0000
-30 -30 -1 0 -277 -454 2 0 3 0000
-14 -22 0 0 -291 -434 -2 -1 -1 0000
-12 -8 0 0 -308 -457 1 3 1 0000
24 37 0 0 -280 -471 -1 1 1 0000
-30 -33 -1 0 -292 -481 0 1 0 0000
12 2 0 0 -290 -467 4 0 -3 0000
-38 -13 -1 0 -281 -445 0 3 -6 0000
-15 -30 0 0 -320 -447 0 -4 -1 0000
-38 -37 -1 0 -293 -493 0 -1 1 0000
-6 8 0 0 -283 -514 -2 0 -1 0000
-8 -19 0 0 -286 -482 1 3 1 0000
-24 -8 0 0 -295 -444 3 -2 -2 0000
-77 -60 -2 -1 -281 -462 -1 -2 0 0000
-146 -68 -3 -2 -314 -469 -1 -1 4 0000
-171 -92 -3 -2 -306 -509 1 1 -4 0000
-195 -97 -4 -2 -308 -464 0 -2 0 0000
-299 -182 -6 -4 -275 -469 0 -3 -1 0000
-215 -106 -4 -3 -294 -482 3 0 -3 0000
-296 -181 -6 -4 -305 -477 -1 0 -1 0000
-268 -147 -5 -3 -292 -479 1 0 -2 0000
-187 -112 -4 -2 -323 -472 -1 2 0 0000
-169 -78 -3 -2 -273 -448 -2 -2 2 0000
-98 -33 -2 -1 -291 -498 -2 -1 -3 0000
-30 -26 -1 0 -270 -498 -3 0 3 0000
104 43 2 1 -303 -474 -4 0 1 0000
361 195 7 4 -278 -510 3 0 1 0000
713 413 14 9 -287 -465 0 -2 -3 0000
1085 618 22 13 -274 -507 -3 -1 0 0000
1424 882 28 17 -275 -490 1 2 -1 0000
1676 997 34 20 -285 -517 0 3 3 0000
1795 1053 36 22 -258 -508 -1 2 -1 0001
1661 964 33 20 -296 -484 -3 0 0 0000
1420 862 28 17 -285 -508 5 -1 -1 0000
1002 578 20 12 -260 -474 1 -2 0 0000
710 430 14 9 -274 -493 -1 4 0 0000
246 127 5 3 -284 -464 -1 -1 -2 0000
124 62 2 1 -259 -483 -1 0 0 0000
-103 -58 -2 -1 -244 -501 0 -2 1 0000
-146 -52 -3 -2 -255 -496 0 5 1 0000
-279 -168 -6 -3 -234 -508 1 3 0 0000
-261 -150 -5 -3 -254 -490 1 1 1 0000
-234 -150 -5 -3 -264 -464 -2 -3 2 0000
-239 -194 -5 -3 -248 -511 -3 1 -1 0000
-179 -93 -4 -2 -232 -470 2 2 2 0000
-95 -38 -2 -1 -240 -517 -2 -6 0 0000
-40 -5 -1 0 -222 -497 -2 -1 2 0000
-44 -40 -1 -1 -227 -513 -2 0 2 0000
5 -19 0 0 -240 -466 -1 -4 -2 0000
76 54 2 1 -230 -482 -1 0 -1 0000
140 46 3 2 -210 -512 2 2 1 0000
143 48 3 2 -186 -497 -1 -2 -1 0000
93 43 2 1 -201 -503 0 2 0 0000
133 80 3 2 -212 -494 0 -1 4 0000
113 34 2 1 -154 -498 5 0 1 0000
206 113 4 2 -184 -513 1 2 -2 0000
170 83 3 2 -172 -498 1 -5 4 0000
209 124 4 3 -157 -509 1 -2 1 0000
241 108 5 3 -160 -491 -1 0 3 0000
232 164 5 3 -151 -475 -3 -2 -2 0000
224 127 4 3 -157 -511 -2 0 -1 0000
266 176 5 3 -124 -511 0 2 2 0000
236 141 5 3 -116 -535 0 3 2 0000
360 171 7 4 -101 -473 -4 0 2 0000
225 127 5 3 -78 -505 -3 -2 0 0000
378 255 8 5 -96 -504 1 2 2 0000
340 219 7 4 -72 -468 -2 0 1 0000
315 192 6 4 -68 -508 -1 1 1 0000
350 224 7 4 -49 -517 0 2 4 0000
349 159 7 4 -47 -478 -1 -3 3 0000
426 254 9 5 -24 -476 2 0 -1 0000
431 297 9 5 -16 -499 0 -1 3 0000
393 223 8 5 30 -517 -3 -2 0 0000
365 233 7 4 11 -476 -3 0 -1 0000
382 215 8 5 -2 -471 -1 1 -1 0000
355 231 7 4 8 -505 -1 4 2 0000
351 204 7 4 74 -455 3 -3 -1 0000
370 221 7 4 70 -485 -1 1 3 0000
423 241 8 5 73 -499 1 -2 0 0000
359 227 7 4 80 -505 5 -2 -1 0000
378 250 8 5 112 -467 1 4 -1 0000
403 260 8 5 111 -486 0 -3 0 0000
370 182 7 4 145 -484 -1 3 -3 0000
366 217 7 4 125 -468 -2 -3 0 0000
322 163 6 4 139 -493 0 -1 2 0000
335 211 7 4 161 -483 1 0 2 0000
292 185 6 4 186 -478 0 0 -1 0000
288 185 6 3 200 -453 -3 1 -1 0000
264 159 5 3 214 -452 1 -3 -2 0000
273 184 5 3 202 -450 2 -3 -3 0000
284 106 6 3 240 -481 -2 0 1 0000
258 148 5 3 277 -533 -1 -1 -5 0000
219 125 4 3 255 -464 -1 0 -2 0000
205 141 4 2 213 -471 -2 2 1 0000
181 116 4 2 255 -488 2 -3 0 0000
220 160 4 3 265 -434 -6 2 -1 0000
202 102 4 2 257 -443 1 1 -1 0000
138 60 3 2 298 -468 0 0 -3 0000
117 62 2 1 278 -461 -4 3 -2 0000
153 106 3 2 291 -456 1 2 -2 0000
129 99 3 2 294 -451 -1 -2 -2 0000
94 70 2 1 315 -427 -1 1 0 0000
150 89 3 2 305 -440 0 -4 5 0000
106 51 2 1 309 -407 0 4 -2 0000
96 83 2 1 265 -434 3 1 1 0000
105 68 2 1 283 -438 1 2 0 0000
90 62 2 1 285 -457 1 3 -1 0000
59 39 1 1 287 -453 1 0 0 0000
26 10 1 0 295 -453 -3 1 1 0000
87 56 2 1 306 -416 -1 -1 0 0000
-7 35 0 0 294 -443 2 -1 -2 0000
79 25 2 1 272 -469 4 -1 1 0000
15 -2 0 0 290 -429 -5 2 0 0000
88 36 2 1 294 -453 4 -1 1 0000
14 21 0 0 282 -409 -3 0 0 0000
-1 -23 0 0 267 -450 -1 -1 -1 0000
12 0 0 0 242 -432 -4 -3 2 0000
46 47 1 1 234 -425 2 2 -3 0000
-51 -26 -1 -1 244 -386 -1 0 -2 0000
-9 -6 0 0 230 -410 0 3 2 0000
6 38 0 0 244 -402 2 1 0 0000
-1 -40 0 0 232 -432 -1 -2 -1 0000
-5 -4 0 0 206 -394 -2 2 2 0000
-20 -32 0 0 172 -413 -1 -1 1 0000
-46 -10 -1 -1 161 -426 3 1 2 0000
72 40 1 1 161 -385 0 -1 -2 0000
-59 -27 -1 -1 155 -416 0 2 -1 0000
13 5 0 0 155 -373 -3 0 0 0000
-51 -12 -1 -1 142 -359 -2 3 0 0000
-78 -47 -2 -1 111 -349 0 0 0 0000
-15 -52 0 0 109 -404 3 1 -1 0000
43 20 1 1 109 -408 2 1 -3 0000
-2 -34 0 0 82 -390 5 0 -1 0000
-70 -63 -1 -1 64 -377 2 -1 0 0000
-41 -42 -1 0 13 -369 1 0 0 0000
-45 -34 -1 -1 28 -347 0 1 -2 0000
-57 -33 -1 -1 25 -343 1 4 1 0000
8 0 0 0 11 -360 2 -3 1 0000
51 8 1 1 0 -381 2 -1 3 0000
-67 -15 -1 -1 -13 -318 -2 -1 0 0000
1 -9 0 0 0 -352 -3 0 1 0000
-56 -32 -1 -1 -16 -378 0 -2 -1 0000
9 5 0 0 -49 -371 1 -1 1 0000
-17 0 0 0 -69 -330 1 1 0 0000
-33 -54 -1 0 -72 -423 -5 0 -1 0000
-3 22 0 0 -87 -351 -4 2 -2 0000
42 16 1 1 -109 -369 3 3 -1 0000
18 19 0 0 -122 -331 2 -2 -2 0000
-30 -31 -1 0 -105 -348 2 0 0 0000
-2 8 0 0 -126 -346 3 5 -2 0000
-58 -31 -1 -1 -142 -335 -1 -2 -1 0000
-12 -10 0 0 -144 -320 0 -4 1 0000
4 1 0 0 -144 -293 -2 -1 -1 0000
-11 -22 0 0 -128 -359 0 0 -2 0000
-43 -41 -1 -1 -182 -323 1 1 3 0000
-26 -13 -1 0 -182 -295 -1 3 -1 0000
-43 -24 -1 -1 -168 -294 -1 -1 -2 0000
-12 -16 0 0 -168 -347 5 3 0 0000
-35 -28 -1 0 -188 -289 -3 0 2 0000
-32 -49 -1 0 -212 -304 1 2 0 0000
-44 -29 -1 -1 -184 -303 -2 2 -1 0000
7 40 0 0 -233 -300 1 -1 3 0000
-15 25 0 0 -233 -296 3 -3 -2 0000
-54 8 -1 -1 -231 -351 -2 2 2 0000
-18 3 0 0 -210 -287 2 -2 -1 0000
-42 11 -1 -1 -228 -240 0 2 0 0000
-23 -17 0 0 -247 -283 -3 0 -1 0000
30 22 1 0 -232 -312 1 -1 3 0000
-57 -46 -1 -1 -258 -265 -1 0 -5 0000
-19 4 0 0 -255 -260 3 0 -2 0000
-69 -65 -1 -1 -259 -235 1 0 -1 0000
-7 26 0 0 -227 -293 3 0 1 0000
-69 -29 -1 -1 -287 -270 1 1 0 0000
-77 -41 -2 -1 -257 -262 -1 6 -4 0000
-9 13 0 0 -278 -241 4 -3 0 0000
-49 -47 -1 -1 -285 -266 -1 2 3 0000
-85 -44 -2 -1 -277 -250 0 1 -2 0000
-66 -60 -1 -1 -271 -244 1 -1 2 0000
6 -2 0 0 -282 -250 -1 -2 2 0000
-21 10 0 0 -302 -221 -3 0 -2 0000
-20 -1 0 0 -285 -227 4 1 2 0000
0 13 0 0 -280 -212 -5 3 -4 0000
-21 5 0 0 -295 -250 2 -2 -2 0000
-122 -101 -2 -1 -263 -240 0 0 0 0000
-26 -14 -1 0 -294 -235 1 -1 1 0000
-69 -26 -1 -1 -323 -226 2 -2 3 0000
-55 5 -1 -1 -310 -186 1 0 2 0000
-76 -75 -2 -1 -301 -211 -4 0 0 0000
-16 11 0 0 -304 -184 -1 0 0 0000
42 -16 1 0 -304 -213 -2 -1 1 0000
-12 -32 0 0 -330 -175 -2 -1 0 0000
31 65 1 0 -290 -216 3 0 2 0000
-34 1 -1 0 -293 -183 -4 1 -3 0000
-43 -33 -1 -1 -263 -206 0 0 1 0000
-4 -15 0 0 -297 -137 -2 0 2 0000
-65 -24 -1 -1 -299 -135 -2 1 -1 0000
-67 -29 -1 -1 -312 -140 -3 -1 -2 0000
-116 -53 -2 -1 -253 -169 3 0 5 0000
-94 -26 -2 -1 -284 -141 2 0 -3 0000
-41 -2 -1 0 -305 -201 2 0 -1 0000
-24 -36 0 0 -301 -151 2 2 5 0000
-38 -17 -1 0 -276 -163 3 -1 4 0000
-85 -52 -2 -1 -310 -155 -1 0 1 0000
-63 -49 -1 -1 -314 -101 2 2 5 0000
-52 -9 -1 -1 -291 -154 2 3 2 0000
-3 -14 0 0 -291 -179 -1 1 2 0000
-24 -17 0 0 -312 -101 0 1 3 0000
-63 -59 -1 -1 -330 -144 4 0 -3 0000
-96 -40 -2 -1 -321 -117 -2 -2 0 0000
-66 -44 -1 -1 -300 -94 0 -4 3 0000
-135 -107 -3 -2 -324 -110 3 -1 -4 0000
-128 -44 -3 -2 -272 -112 -1 1 0 0000
-151 -76 -3 -2 -307 -119 -2 -3 1 0000
-142 -84 -3 -2 -294 -122 -2 -1 -1 0000
-189 -113 -4 -2 -311 -78 -2 1 -1 0000
-241 -142 -5 -3 -302 -93 -5 0 -1 0000
-275 -183 -5 -3 -288 -123 0 -3 -1 0000
-290 -170 -6 -3 -320 -59 -1 0 2 0000
-247 -169 -5 -3 -311 -85 0 -3 -1 0000
-280 -175 -6 -3 -306 -69 2 0 0 0000
-203 -103 -4 -2 -296 -93 0 0 -1 0000
-87 -64 -2 -1 -286 -48 -1 -3 2 0000
-43 -36 -1 -1 -325 -104 -1 -2 -1 0000
95 85 2 1 -304 -27 2 -2 -3 0000
374 197 7 4 -288 -23 -1 0 -2 0000
695 411 14 8 -259 -38 2 2 0 0000
1104 662 22 13 -275 -3 0 -2 -1 0000
1384 850 28 17 -289 -17 -2 -1 1 0000
1661 977 33 20 -293 -47 5 2 1 0000
1810 1101 36 22 -301 -17 1 1 2 0001
1661 984 33 20 -291 -28 2 3 1 0000
1403 840 28 17 -274 -32 0 4 -2 0000
1038 609 21 12 -302 -45 1 -3 -3 0000
682 412 14 8 -302 -30 -1 2 -2 0000
344 227 7 4 -277 27 2 0 -1 0000
69 17 1 1 -273 -34 -2 -2 -1 0000
-133 -68 -3 -2 -248 -19 0 1 -1 0000
-197 -83 -4 -2 -260 21 -1 2 -1 0000
-224 -121 -4 -3 -260 13 3 4 -3 0000
-224 -165 -4 -3 -275 35 -3 0 0 0000
-231 -146 -5 -3 -250 39 -2 -2 1 0000
-265 -154 -5 -3 -260 -42 -5 -1 -1 0000
-170 -157 -3 -2 -251 32 -1 2 1 0000
-155 -100 -3 -2 -246 22 -1 1 -2 0000
-82 -28 -2 -1 -236 -7 -1 0 -1 0000
-51 -29 -1 -1 -214 35 -2 2 -2 0000
76 34 2 1 -237 63 2 0 1 0000
54 40 1 1 -205 20 -2 0 4 0000
143 93 3 2 -196 13 -2 1 1 0000
57 18 1 1 -244 60 -2 -1 3 0000
104 36 2 1 -212 63 1 -1 -3 0000
167 115 3 2 -185 51 1 0 0 0000
142 121 3 2 -192 18 -1 -2 2 0000
231 129 5 3 -187 96 0 0 -2 0000
166 60 3 2 -166 55 0 0 0 0000
134 102 3 2 -169 57 1 3 1 0000
209 127 4 3 -169 53 0 3 2 0000
214 133 4 3 -155 66 4 0 3 0000
235 130 5 3 -138 96 2 2 2 0000
227 135 5 3 -120 109 0 -1 2 0000
244 181 5 3 -137 108 0 2 -1 0000
254 192 5 3 -104 96 2 1 0 0000
277 190 6 3 -115 127 0 1 0 0000
267 233 5 3 -96 111 0 -1 -2 0000
345 259 7 4 -51 95 2 1 -3 0000
296 188 6 4 -56 145 0 1 0 0000
370 212 7 4 -57 106 -2 -3 -1 0000
296 172 6 4 -34 144 0 2 -1 0000
373 199 7 4 -23 155 -2 1 -1 0000
336 215 7 4 -14 127 0 -3 1 0000
363 232 7 4 -20 157 -2 -2 2 0000
386 231 8 5 21 124 -1 -2 -2 0000
339 214 7 4 27 137 2 -2 -1 0000
375 220 8 5 58 169 -2 1 1 0000
367 195 7 4 32 126 -2 -1 -1 0000
334 202 7 4 76 140 1 4 1 0000
383 195 8 5 67 190 -1 1 -2 0000
294 165 6 4 109 160 0 0 2 0000
405 238 8 5 119 191 0 0 -1 0000
389 207 8 5 117 168 -1 -2 -1 0000
341 218 7 4 127 183 -2 0 0 0000
326 206 7 4 152 193 -1 -1 4 0000
341 194 7 4 121 191 -1 3 0 0000
307 218 6 4 162 175 1 0 2 0000
305 170 6 4 138 213 -1 -3 -1 0000
307 174 6 4 214 179 -1 0 1 0000
286 167 6 3 198 203 -3 1 1 0000
328 198 7 4 219 238 0 -4 -2 0000
254 139 5 3 198 245 0 1 -1 0000
224 145 4 3 228 219 -1 0 1 0000
203 83 4 2 239 254 -1 1 0 0000
207 115 4 2 235 239 1 -1 1 0000
181 87 4 2 245 255 3 1 0 0000
225 133 5 3 300 235 3 2 -4 0000
191 111 4 2 263 223 -1 0 0 0000
167 102 3 2 272 241 1 -3 -4 0000
158 103 3 2 297 216 0 2 0 0000
117 99 2 1 277 266 0 2 3 0000
203 116 4 2 283 237 -2 -1 -1 0000
144 52 3 2 291 255 3 3 0 0000
132 65 3 2 317 237 -1 0 -2 0000
102 84 2 1 305 242 1 -2 -3 0000
91 37 2 1 309 267 2 0 4 0000
97 76 2 1 300 302 -4 1 0 0000
80 41 2 1 307 259 -1 1 4 0000
81 69 2 1 325 283 3 0 0 0000
36 27 1 0 299 238 -2 3 0 0000
80 44 2 1 307 316 3 1 0 0000
-10 -7 0 0 294 276 1 1 0 0000
82 24 2 1 275 287 -2 -1 0 0000
19 -13 0 0 275 310 3 -2 3 0000
21 3 0 0 276 300 1 -1 -3 0000
8 -26 0 0 277 278 -1 -2 -1 0000
-20 -12 0 0 261 305 0 -1 1 0000
-13 0 0 0 243 329 0 0 -2 0000
42 6 1 1 245 263 0 1 -1 0000
55 30 1 1 221 316 -2 -3 -2 0000
-42 -2 -1 -1 252 366 0 0 5 0000
-3 -12 0 0 206 328 0 -2 -3 0000
-32 -23 -1 0 205 323 1 0 -4 0000
-16 14 0 0 220 346 0 -2 2 0000
-10 -31 0 0 184 354 -3 0 -1 0000
-38 -61 -1 0 191 307 -2 1 2 0000
-15 31 0 0 144 359 -4 -2 0 0000
25 37 0 0 142 310 1 0 0 0000
-59 -50 -1 -1 138 337 -1 0 -1 0000
-40 -81 -1 0 130 368 1 2 3 0000
-20 -12 0 0 100 344 3 1 0 0000
-18 30 0 0 111 333 -2 -6 1 0000
-28 -13 -1 0 76 337 1 -1 -2 0000
-20 -2 0 0 61 375 2 -5 -1 0000
-36 2 -1 0 78 369 0 0 -3 0000
-26 -34 -1 0 33 378 -1 -4 2 0000
-34 8 -1 0 32 368 2 1 -1 0000
-5 0 0 0 37 366 0 -1 1 0000
-12 1 0 0 7 364 0 -2 2 0000
-34 3 -1 0 -15 370 -1 -4 -2 0000
6 2 0 0 -1 382 -2 -3 -3 0000
-29 -8 -1 0 -29 394 2 3 -1 0000
-16 -4 0 0 -16 373 3 1 2 0000
-27 -52 -1 0 -48 392 0 1 1 0000
-52 -34 -1 -1 -50 386 -2 3 0 0000
-12 29 0 0 -102 382 0 1 0 0000
-90 -33 -2 -1 -66 383 3 6 -1 0000
-63 -38 -1 -1 -77 388 1 -4 3 0000
-16 36 0 0 -104 390 0 1 2 0000
3 4 0 0 -111 399 0 3 0 0000
-80 -51 -2 -1 -94 427 -3 -1 1 0000
1 -26 0 0 -139 437 -1 0 0 0000
-75 21 -1 -1 -157 417 1 -1 -1 0000
-53 -47 -1 -1 -140 444 -1 2 -3 0000
-75 -73 -1 -1 -170 392 3 1 0 0000
-40 4 -1 0 -176 407 -4 1 1 0000
-34 -18 -1 0 -165 395 -3 -3 -2 0000
-23 1 0 0 -190 430 -2 3 2 0000
-48 -20 -1 -1 -194 418 0 1 0 0000
-36 -16 -1 0 -199 395 -1 -1 -2 0000
-26 0 -1 0 -210 436 0 2 -2 0000
-64 -42 -1 -1 -228 429 2 0 0 0000
-56 -52 -1 -1 -210 452 0 0 -1 0000
6 5 0 0 -228 417 1 0 1 0000
-124 -57 -2 -1 -242 422 -5 2 -1 0000
-7 -3 0 0 -222 417 0 -2 -1 0000
-4 -62 0 0 -237 419 -4 0 0 0000
5 1 0 0 -277 422 1 -2 0 0000
-48 -39 -1 -1 -243 449 2 1 -2 0000
-10 5 0 0 -273 465 0 2 -2 0000
-29 -4 -1 0 -235 496 2 -3 0 0000
-55 -16 -1 -1 -268 450 -1 -3 3 0000
-19 2 0 0 -265 467 1 -2 1 0000
-25 -44 0 0 -271 469 3 3 3 0000
-48 16 -1 -1 -264 455 -2 -2 -1 0000
-50 -5 -1 -1 -294 426 0 0 -2 0000
-44 -12 -1 -1 -270 463 -1 1 1 0000
-21 -49 0 0 -263 488 0 1 -2 0000
-38 -38 -1 0 -265 471 0 -1 -1 0000
-77 -51 -2 -1 -274 457 0 -2 2 0000
-27 -39 -1 0 -272 463 0 -2 1 0000
-47 -53 -1 -1 -264 488 0 0 2 0000
-13 -22 0 0 -273 460 1 -4 0 0000
-73 -38 -1 -1 -280 494 0 1 2 0000
-94 -37 -2 -1 -291 424 -2 -1 0 0000
-51 -24 -1 -1 -287 468 -3 -4 -3 0000
-55 0 -1 -1 -324 473 1 2 -2 0000
-16 -7 0 0 -297 481 -1 2 0 0000
-93 -67 -2 -1 -311 487 0 -2 2 0000
-69 -30 -1 -1 -268 452 -3 2 -1 0000
-40 -4 -1 0 -309 502 -3 1 0 0000
-59 -78 -1 -1 -288 506 -1 3 -1 0000
-42 -45 -1 -1 -310 484 -2 0 -1 0000
-73 -57 -1 -1 -294 488 -2 2 4 0000
-61 -16 -1 -1 -274 484 3 5 3 0000
-64 -38 -1 -1 -313 490 -2 -1 1 0000
-89 -68 -2 -1 -314 517 -2 2 -3 0000
-25 -19 -1 0 -290 483 -2 -1 -1 0000
-53 -4 -1 -1 -279 471 1 -2 1 0000
-54 -72 -1 -1 -312 529 1 0 0 0000
-4 11 0 0 -302 500 -1 1 -1 0000
-17 -23 0 0 -313 520 1 -1 -1 0000
-58 -31 -1 -1 -300 466 0 3 0 0000
-11 5 0 0 -300 528 3 0 0 0000
-49 30 -1 -1 -292 519 1 2 2 0000
-51 -41 -1 -1 -301 503 3 0 1 0000
-35 -46 -1 0 -296 475 1 3 -1 0000
-38 -53 -1 0 -304 520 -1 1 1 0000
-51 -17 -1 -1 -299 506 -3 -3 -2 0000
-64 -65 -1 -1 -313 522 2 -1 2 0000
-59 -37 -1 -1 -277 516 2 -4 1 0000
-61 -45 -1 -1 -323 483 6 0 0 0000
-130 -59 -3 -2 -306 498 3 -1 -4 0000
-107 -11 -2 -1 -301 499 1 2 2 0000
-213 -160 -4 -3 -304 486 -2 -1 2 0000
-165 -136 -3 -2 -299 530 0 -1 3 0000
-232 -142 -5 -3 -280 503 2 -1 2 0000
-288 -163 -6 -3 -292 497 -3 -3 0 0000
-348 -192 -7 -4 -315 495 -2 -2 1 0000
-287 -184 -6 -3 -282 517 1 -1 -3 0000
-258 -152 -5 -3 -326 492 2 0 3 0000
-159 -81 -3 -2 -273 477 -1 0 -4 0000
-122 -97 -2 -1 -292 479 0 -3 2 0000
-83 -67 -2 -1 -281 501 3 1 0 0000
140 79 3 2 -306 516 -1 0 0 0000
337 200 7 4 -290 496 0 2 -2 0000
626 415 13 8 -285 493 -1 -2 3 0000
1071 640 21 13 -308 490 1 1 0 0000
1420 828 28 17 -295 498 -1 0 -1 0000
1655 972 33 20 -283 465 -1 -1 2 0000
1807 1099 36 22 -284 484 -1 1 -3 0001
1650 1011 33 20 -277 508 0 -1 1 0000
1334 810 27 16 -267 489 -1 0 1 0000
1042 625 21 13 -260 510 -3 -1 -1 0000
614 330 12 7 -298 485 2 -2 1 0000
311 188 6 4 -247 493 2 1 -1 0000
34 8 1 0 -270 472 0 3 1 0000
-143 -75 -3 -2 -243 510 -2 0 -2 0000
-190 -120 -4 -2 -271 503 2 -1 -1 0000
-282 -168 -6 -3 -259 480 0 -1 -1 0000
-288 -169 -6 -3 -270 500 4 -2 2 0000
-238 -133 -5 -3 -267 515 0 2 -2 0000
-305 -190 -6 -4 -242 475 1 0 1 0000
-211 -118 -4 -3 -251 489 -1 0 -1 0000
-84 -49 -2 -1 -252 494 -3 -2 -1 0000
-77 -66 -2 -1 -234 502 -4 0 2 0000
-78 -35 -2 -1 -224 492 -1 2 1 0000
14 2 0 0 -207 506 3 3 1 0000
52 46 1 1 -205 465 -4 -1 0 0000
55 44 1 1 -217 487 1 -2 3 0000
80 49 2 1 -213 483 0 4 1 0000
117 62 2 1 -229 494 -4 3 -1 0000
160 98 3 2 -197 468 0 0 -2 0000
124 44 2 1 -190 506 0 -2 0 0000
184 99 4 2 -173 498 2 -1 4 0000
120 79 2 1 -166 462 -1 0 1 0000
250 161 5 3 -171 442 0 -3 0 0000
226 146 5 3 -127 479 -2 0 -2 0000
198 122 4 2 -139 505 2 -2 0 0000
227 132 5 3 -88 500 -3 1 0 0000
206 94 4 2 -120 477 0 1 -2 0000
228 144 5 3 -128 503 -1 1 1 0000
278 175 6 3 -90 479 -2 2 0 0000
219 138 4 3 -90 472 0 -1 2 0000
313 164 6 4 -93 503 1 1 0 0000
328 192 7 4 -60 488 -4 0 -3 0000
317 167 6 4 -62 473 -1 0 -1 0000
299 164 6 4 -48 455 0 -3 2 0000
350 217 7 4 -31 457 -1 5 0 0000
333 163 7 4 -27 459 2 -2 3 0000
398 247 8 5 -21 451 1 0 1 0000
365 183 7 4 -6 448 -1 -2 1 0000
410 241 8 5 13 451 0 2 1 0000
339 196 7 4 32 490 0 -2 -1 0000
394 205 8 5 24 477 6 1 -1 0000
389 252 8 5 58 444 2 -2 -5 0000
378 213 8 5 69 430 2 -6 -1 0000
411 259 8 5 100 454 2 1 1 0000
390 231 8 5 92 434 -1 2 -4 0000
383 249 8 5 104 501 -1 1 3 0000
386 260 8 5 111 420 -3 -3 -3 0000
317 186 6 4 122 440 -1 4 -3 0000
351 228 7 4 126 409 0 1 3 0000
360 256 7 4 173 413 -1 -2 1 0000
256 174 5 3 153 451 -1 1 1 0000
340 213 7 4 193 439 2 -1 0 0000
259 165 5 3 180 436 -3 0 1 0000
236 130 5 3 198 444 0 -2 -1 0000
265 138 5 3 228 442 1 2 -1 0000
204 106 4 2 197 413 -2 -1 -1 0000
219 122 4 3 212 431 3 0 -1 0000
254 138 5 3 218 419 -1 1 2 0000
218 136 4 3 244 434 -2 4 2 0000
240 137 5 3 240 433 3 4 2 0000
197 96 4 2 250 403 -2 0 -1 0000
124 61 2 1 279 412 0 1 2 0000
127 73 3 2 290 411 3 0 3 0000
154 84 3 2 276 420 1 1 1 0000
123 47 2 1 286 408 0 2 1 0000
151 39 3 2 281 371 0 -2 -3 0000
116 70 2 1 315 407 -1 -3 -1 0000
67 66 1 1 321 406 -1 -1 1 0000
72 91 1 1 307 381 -1 0 3 0000
109 26 2 1 282 398 -3 2 1 0000
40 5 1 0 324 395 0 0 0 0000
14 27 0 0 292 383 -2 0 -1 0000
67 42 1 1 279 337 -2 3 0 0000
47 23 1 1 292 385 0 2 3 0000
9 19 0 0 271 381 0 1 2 0000
25 32 0 0 311 345 2 -3 1 0000
24 22 0 0 316 378 -2 1 -1 0000
-10 -30 0 0 277 371 3 -1 0 0000
18 45 0 0 268 374 0 -1 2 0000
-19 -10 0 0 290 385 2 -2 2 0000
-13 63 0 0 265 355 2 -4 0 0000
15 10 0 0 277 371 2 -2 -3 0000
-20 4 0 0 236 334 -2 -1 -2 0000
-65 -30 -1 -1 211 358 2 0 3 0000
-26 -24 -1 0 236 398 2 -5 -1 0000
-72 -15 -1 -1 227 356 0 -1 4 0000
-40 -15 -1 0 205 316 1 2 1 0000
-46 -46 -1 -1 203 357 -1 0 -1 0000
67 23 1 1 188 360 -2 -2 1 0000
-16 -37 0 0 170 373 2 0 -4 0000
-19 -36 0 0 166 334 -2 2 2 0000
-27 -13 -1 0 130 309 0 -5 3 0000
-51 -53 -1 -1 135 371 -2 -4 2 0000
-116 -53 -2 -1 149 313 1 -1 -2 0000
18 5 0 0 120 321 -1 0 -3 0000
-53 -21 -1 -1 108 328 1 -1 1 0000
-64 -53 -1 -1 91 317 -1 2 0 0000
-58 -74 -1 -1 86 325 -1 1 0 0000
-7 3 0 0 73 311 0 -2 4 0000
-17 -9 0 0 58 315 2 0 -2 0000
-1 22 0 0 43 314 -2 3 2 0000
-32 -29 -1 0 21 316 -1 1 3 0000
-44 -46 -1 -1 1 294 -5 -1 1 0000
-49 -54 -1 -1 -22 303 -1 2 1 0000
-88 -36 -2 -1 -10 263 2 -1 0 0000
-34 -39 -1 0 14 260 -2 0 -1 0000
-52 -38 -1 -1 -21 295 1 0 -1 0000
-53 -36 -1 -1 -57 256 -2 -1 1 0000
-10 -31 0 0 -53 298 -1 1 -1 0000
-6 -57 0 0 -46 234 -1 -3 -1 0000
31 11 1 0 -100 290 -1 0 -1 0000
-28 -12 -1 0 -82 302 5 -2 5 0000
-45 -37 -1 -1 -87 266 0 3 -1 0000
-70 -34 -1 -1 -115 273 1 0 -3 0000
-43 -26 -1 -1 -138 253 1 -1 0 0000
9 15 0 0 -117 270 -4 1 0 0000
-50 -61 -1 -1 -173 246 -4 -2 0 0000
9 0 0 0 -164 246 0 2 -2 0000
-49 -20 -1 -1 -134 215 -3 -1 -1 0000
-36 -19 -1 0 -175 206 1 1 -1 0000
32 45 1 0 -190 268 -1 -2 -2 0000
-42 -12 -1 -1 -215 261 2 -1 2 0000
-86 -40 -2 -1 -184 232 1 1 -1 0000
-63 -22 -1 -1 -177 164 0 -2 -2 0000
-75 -41 -1 -1 -204 229 3 -1 -3 0000
-40 -34 -1 0 -188 238 1 -4 0 0000
-60 -18 -1 -1 -220 204 2 -1 1 0000
-32 -14 -1 0 -224 213 1 -1 0 0000
6 38 0 0 -249 199 1 0 -1 0000
-72 -38 -1 -1 -233 218 -4 1 1 0000
-73 -68 -1 -1 -233 170 3 -2 1 0000
-51 -19 -1 -1 -258 193 3 0 -1 0000
-17 -53 0 0 -295 200 -1 -1 -3 0000
-32 -30 -1 0 -277 176 -1 2 1 0000
-40 -14 -1 0 -261 170 2 0 2 0000
4 0 0 0 -279 222 -3 -3 -3 0000
-51 13 -1 -1 -293 174 -1 -3 0 0000
12 10 0 0 -298 128 0 -2 -3 0000
-89 -46 -2 -1 -290 107 2 -3 0 0000
-35 -30 -1 0 -252 162 0 -1 2 0000
-16 -26 0 0 -295 161 -2 0 4 0000
-9 11 0 0 -294 157 -2 -7 4 0000
-87 -44 -2 -1 -286 131 0 -3 -1 0000
-62 -36 -1 -1 -281 143 -4 -3 -1 0000
-102 -70 -2 -1 -304 129 -1 -1 0 0000
-51 -19 -1 -1 -296 149 3 2 0 0000
-59 -18 -1 -1 -270 113 -1 -3 3 0000
-14 -8 0 0 -290 116 4 0 -1 0000
-31 -20 -1 0 -272 79 -2 -1 -2 0000
-53 -25 -1 -1 -294 116 -1 1 -3 0000
-3 -7 0 0 -290 119 1 2 -2 0000
-48 -49 -1 -1 -284 124 -6 3 2 0000
-4 23 0 0 -299 76 -2 0 1 0000
-24 -5 0 0 -283 131 1 1 -2 0000
-24 -3 0 0 -291 72 0 -2 -3 0000
-17 -24 0 0 -292 97 -5 2 0 0000
-63 -38 -1 -1 -306 110 -1 -4 1 0000
-86 -56 -2 -1 -324 79 -1 0 0 0000
-20 -28 0 0 -310 87 0 3 1 0000
-83 -65 -2 -1 -307 91 0 0 2 0000
-71 -77 -1 -1 -305 80 -4 -1 4 0000
-51 -31 -1 -1 -324 56 2 1 0 0000
-27 -27 -1 0 -296 43 2 4 1 0000
-26 -46 -1 0 -295 56 3 2 2 0000
-99 -53 -2 -1 -269 18 0 0 2 0000
-37 -57 -1 0 -303 41 -2 1 -1 0000
-97 -67 -2 -1 -313 -27 0 3 -4 0000
23 -15 0 0 -298 71 1 -1 -2 0000
-73 -38 -1 -1 -298 19 1 4 -2 0000
5 20 0 0 -336 15 -2 2 2 0000
-57 -27 -1 -1 -300 23 0 6 3 0000
-31 21 -1 0 -299 22 3 -1 1 0000
-79 -85 -2 -1 -309 80 -1 -2 3 0000
-60 -40 -1 -1 -273 12 3 3 1 0000
-59 -13 -1 -1 -300 23 3 -3 3 0000
-52 -21 -1 -1 -292 10 2 0 -2 0000
-144 -96 -3 -2 -313 -20 1 -1 1 0000
-205 -121 -4 -2 -298 -10 2 2 0 0000
-232 -115 -5 -3 -309 -36 2 2 2 0000
-228 -147 -5 -3 -297 -3 1 -1 4 0000
-256 -170 -5 -3 -305 -14 -2 2 0 0000
-293 -171 -6 -4 -318 2 -1 0 0 0000
-290 -142 -6 -3 -318 -12 -1 3 -1 0000
-291 -226 -6 -3 -296 -1 -1 1 0 0000
-267 -144 -5 -3 -293 -12 0 3 -1 0000
-142 -71 -3 -2 -277 -45 0 1 1 0000
-137 -107 -3 -2 -321 -57 3 -1 0 0000
2 40 0 0 -316 -30 -1 0 2 0000
203 120 4 2 -292 -36 0 2 -2 0000
318 180 6 4 -298 -53 2 -1 -1 0000
666 410 13 8 -305 -68 0 3 2 0000
1037 663 21 12 -277 -57 1 3 1 0000
1431 877 29 17 -284 -77 -2 -2 -3 0000
1651 969 33 20 -281 -60 0 0 0 0000
1766 1025 35 21 -274 -45 -4 -1 -1 0001
1658 996 33 20 -293 -68 0 -1 -2 0000
1389 842 28 17 -271 -88 0 -1 0 0000
989 572 20 12 -269 -76 4 0 1 0000
705 412 14 8 -248 -61 -2 -1 0 0000
266 145 5 3 -276 -51 -2 3 1 0000
45 13 1 1 -254 -124 0 1 -1 0000
-98 -68 -2 -1 -268 -119 1 2 -2 0000
-197 -80 -4 -2 -244 -122 2 1 0 0000
-297 -194 -6 -4 -260 -100 3 -3 0 0000
-282 -142 -6 -3 -265 -127 -2 1 4 0000
-309 -181 -6 -4 -250 -160 1 3 -4 0000
-207 -135 -4 -2 -264 -145 0 -1 1 0000
-217 -125 -4 -3 -268 -101 3 -3 2 0000
-170 -72 -3 -2 -233 -136 1 -1 1 0000
-83 -27 -2 -1 -215 -155 1 2 -2 0000
-71 -47 -1 -1 -248 -163 0 -1 -3 0000
15 2 0 0 -231 -170 0 -1 2 0000
27 16 1 0 -229 -120 -2 1 3 0000
53 20 1 1 -218 -138 -1 3 -1 0000
46 20 1 1 -195 -150 -1 0 -4 0000
38 32 1 0 -198 -140 0 -2 1 0000
161 101 3 2 -179 -145 -1 -1 -2 0000
195 133 4 2 -162 -181 0 -1 3 0000
194 131 4 2 -183 -189 1 1 1 0000
167 96 3 2 -179 -176 2 1 -2 0000
188 86 4 2 -158 -185 2 2 0 0000
207 135 4 2 -124 -210 -2 0 -3 0000
200 108 4 2 -185 -198 0 1 -2 0000
238 134 5 3 -155 -162 0 2 0 0000
262 148 5 3 -98 -185 -1 2 -2 0000
278 178 6 3 -101 -217 3 1 -1 0000
297 197 6 4 -102 -189 1 1 -1 0000
262 207 5 3 -99 -205 2 -1 0 0000
296 155 6 4 -104 -231 1 1 -3 0000
294 177 6 4 -65 -196 4 -2 1 0000
268 152 5 3 -75 -236 1 -2 4 0000
289 190 6 3 -53 -223 -4 1 2 0000
316 192 6 4 -62 -216 -2 -1 -1 0000
340 189 7 4 -26 -231 2 3 1 0000
376 220 8 5 -23 -188 -2 1 -3 0000
369 231 7 4 -2 -213 -2 1 1 0000
311 186 6 4 15 -241 -1 -3 -2 0000
369 214 7 4 4 -231 2 0 -3 0000
326 234 7 4 44 -261 0 4 -1 0000
381 258 8 5 88 -242 3 0 -1 0000
325 212 6 4 20 -250 1 1 4 0000
314 197 6 4 100 -270 3 4 2 0000
351 213 7 4 88 -229 1 1 -1 0000
320 187 6 4 126 -248 -5 0 1 0000
370 239 7 4 112 -269 4 3 -2 0000
301 176 6 4 140 -265 -4 2 3 0000
340 172 7 4 135 -282 -1 -1 1 0000
346 212 7 4 160 -309 -3 -3 -2 0000
296 171 6 4 176 -281 -2 3 4 0000
310 168 6 4 192 -321 1 2 -1 0000
268 137 5 3 175 -308 -2 -1 0 0000
240 166 5 3 210 -331 2 0 1 0000
192 121 4 2 210 -279 -1 0 -3 0000
221 92 4 3 238 -326 -1 2 4 0000
248 150 5 3 213 -301 -2 -3 0 0000
225 150 5 3 223 -322 3 2 2 0000
178 77 4 2 249 -296 -1 0 0 0000
194 100 4 2 251 -288 0 1 3 0000
110 48 2 1 259 -326 2 5 1 0000
193 103 4 2 263 -314 2 0 2 0000
130 68 3 2 266 -353 -2 2 4 0000
139 104 3 2 286 -339 0 -1 -1 0000
142 115 3 2 295 -320 0 0 0 0000
92 67 2 1 298 -332 -2 0 -4 0000
150 140 3 2 292 -345 3 -1 -3 0000
103 59 2 1 308 -284 2 -1 2 0000
96 71 2 1 298 -339 -4 1 0 0000
97 63 2 1 306 -382 1 -1 1 0000
90 68 2 1 314 -353 4 0 1 0000
69 54 1 1 275 -344 0 -1 2 0000
115 77 2 1 291 -373 0 -3 2 0000
17 35 0 0 303 -347 2 0 0 0000
74 49 1 1 291 -372 1 -1 0 0000
-20 -9 0 0 303 -388 2 0 0 0000
-2 -16 0 0 285 -336 1 -2 -1 0000
-7 -26 0 0 299 -371 3 -2 5 0000
-26 -51 -1 0 276 -374 2 1 1 0000
-1 -9 0 0 251 -381 1 2 -2 0000
11 1 0 0 264 -403 -2 -1 0 0000
-38 10 -1 0 270 -386 -3 3 3 0000
-6 -5 0 0 246 -403 0 0 -2 0000
-2 25 0 0 231 -365 -1 -2 1 0000
-21 8 0 0 265 -384 3 -2 1 0000
-51 -25 -1 -1 196 -382 -1 -1 -1 0000
-63 -33 -1 -1 212 -379 -3 -5 0 0000
-58 -17 -1 -1 201 -386 -1 -1 -2 0000
-18 -26 0 0 191 -438 -2 1 2 0000
18 8 0 0 184 -423 2 -1 0 0000
-55 -17 -1 -1 166 -394 4 -2 0 0000
5 -9 0 0 142 -420 2 2 0 0000
-71 -36 -1 -1 154 -363 6 -4 -1 0000
-58 -13 -1 -1 142 -416 -3 -2 2 0000
-44 -14 -1 -1 105 -426 -2 0 -1 0000
-56 -27 -1 -1 107 -404 0 -2 -1 0000
-38 -13 -1 0 129 -394 0 -1 0 0000
-19 10 0 0 49 -410 0 0 -3 0000
-13 -12 0 0 90 -425 1 -2 -1 0000
-22 -4 0 0 27 -406 1 -2 2 0000
-91 -114 -2 -1 32 -422 0 3 -1 0000
-64 -18 -1 -1 20 -420 0 0 -3 0000
-57 -24 -1 -1 28 -419 0 1 0 0000
-26 16 -1 0 11 -429 2 0 1 0000
-94 -47 -2 -1 -30 -411 1 1 0 0000
-67 -45 -1 -1 -44 -396 1 3 -3 0000
-27 -59 -1 0 -51 -456 -2 -4 0 0000
-18 -55 0 0 -45 -405 -1 1 6 0000
-39 -4 -1 0 -52 -483 -1 3 1 0000
3 11 0 0 -67 -411 1 0 1 0000
-120 -49 -2 -1 -84 -448 2 2 -1 0000
-41 16 -1 0 -99 -456 -2 0 2 0000
-50 -17 -1 -1 -88 -419 1 1 -5 0000
-78 -63 -2 -1 -118 -465 -1 -1 0 0000
-64 -61 -1 -1 -132 -435 -1 -7 3 0000
-40 -23 -1 0 -130 -495 -2 4 -1 0000
-11 -27 0 0 -162 -455 2 -1 2 0000
-40 -28 -1 0 -170 -447 1 -2 2 0000
-28 -4 -1 0 -166 -457 1 3 1 0000
-76 -30 -2 -1 -215 -450 -1 2 -2 0000
-61 -16 -1 -1 -156 -465 0 -2 -1 0000
-49 -18 -1 -1 -182 -476 1 0 0 0000
-44 -27 -1 -1 -201 -478 -3 -2 -1 0000
-32 9 -1 0 -226 -475 1 -1 4 0000
-54 -27 -1 -1 -207 -487 4 3 0 0000
-25 -25 0 0 -229 -487 1 3 1 0000
-40 -7 -1 0 -227 -465 1 0 -3 0000
-89 -52 -2 -1 -243 -466 -1 -3 0 0000
-37 -62 -1 0 -225 -493 2 0 1 0000
-99 -41 -2 -1 -232 -488 -1 2 -3 0000
-67 -36 -1 -1 -230 -451 0 3 1 0000
-39 15 -1 0 -273 -490 -1 1 -1 0000
-87 -76 -2 -1 -240 -440 1 -2 -1 0000
-52 -16 -1 -1 -249 -516 0 2 -2 0000
-51 -27 -1 -1 -241 -464 -4 1 2 0000
-52 -63 -1 -1 -249 -526 1 -2 1 0000
-75 -37 -1 -1 -261 -478 -1 -1 0 0000
-30 -22 -1 0 -236 -481 -1 0 2 0000
-27 -30 -1 0 -274 -495 -2 -3 -2 0000
-60 -28 -1 -1 -284 -499 -2 -1 -3 0000
-35 -55 -1 0 -269 -506 -4 1 2 0000
-73 -58 -1 -1 -282 -524 1 0 -5 0000
-48 -38 -1 -1 -260 -454 0 -1 3 0000
-25 -20 -1 0 -268 -464 -1 3 2 0000
-41 -3 -1 0 -287 -504 1 -1 -2 0000
-44 -27 -1 -1 -286 -513 0 1 -3 0000
-8 -13 0 0 -274 -513 -2 2 -1 0000
-71 -46 -1 -1 -299 -510 3 -4 -1 0000
-25 -19 -1 0 -313 -497 1 -1 2 0000
-42 -33 -1 0 -298 -526 0 0 0 0000
-70 -64 -1 -1 -266 -516 -3 0 -2 0000
-51 -46 -1 -1 -281 -465 -1 1 1 0000
-60 -56 -1 -1 -291 -485 2 -2 -2 0000
-29 -34 -1 0 -299 -511 1 -2 1 0000
-36 -9 -1 0 -297 -520 -2 -4 2 0000
-103 -61 -2 -1 -314 -510 0 -1 -2 0000
1 -11 0 0 -282 -517 -1 0 -1 0000
-112 -69 -2 -1 -290 -507 2 3 1 0000
-28 -1 -1 0 -295 -497 3 0 0 0000
-71 -5 -1 -1 -306 -506 3 1 2 0000
-16 -7 0 0 -306 -501 0 1 3 0000
-37 -30 -1 0 -312 -517 -2 -1 1 0000
-7 7 0 0 -293 -489 0 0 0 0000
-54 -20 -1 -1 -295 -488 6 -3 0 0000
-121 -69 -2 -1 -283 -524 3 0 -1 0000
-56 -34 -1 -1 -286 -478 -2 2 -1 0000
-45 -60 -1 -1 -307 -515 -1 0 0 0000
-12 -16 0 0 -325 -525 -3 1 -1 0000
-84 -30 -2 -1 -308 -490 2 6 -2 0000
-58 -42 -1 -1 -324 -503 -1 3 1 0000
-65 -36 -1 -1 -316 -480 0 -1 2 0000
-9 14 0 0 -299 -509 1 0 -1 0000
-108 -51 -2 -1 -319 -479 -4 2 -3 0000
-36 -3 -1 0 -291 -551 -2 1 1 0000
-47 -23 -1 -1 -291 -498 -2 -3 1 0000
-106 -69 -2 -1 -278 -502 2 -6 -1 0000
-103 -65 -2 -1 -304 -475 3 4 0 0000
-147 -110 -3 -2 -305 -502 -3 0 -1 0000
-221 -152 -4 -3 -313 -485 -1 0 -2 0000
-257 -146 -5 -3 -303 -473 2 0 -1 0000
-328 -174 -7 -4 -310 -477 2 -1 -1 0000
-241 -141 -5 -3 -289 -522 2 3 0 0000
-257 -165 -5 -3 -287 -518 -5 0 1 0000
-248 -132 -5 -3 -291 -491 0 -2 -1 0000
-259 -135 -5 -3 -312 -490 1 1 1 0000
-231 -129 -5 -3 -308 -509 0 2 3 0000
-194 -130 -4 -2 -320 -502 -2 -1 0 0000
-56 -20 -1 -1 -295 -491 -2 1 2 0000
93 100 2 1 -284 -465 2 -5 -2 0000
313 178 6 4 -254 -500 -2 1 -2 0000
676 415 14 8 -276 -489 1 5 -4 0000
1019 607 20 12 -264 -509 -2 -4 -1 0000
1405 836 28 17 -257 -444 0 -1 3 0000
1633 955 33 20 -303 -490 -1 -1 -5 0000
1814 1049 36 22 -284 -501 2 -3 -2 0001
1726 1057 35 21 -262 -475 1 1 1 0000
1419 836 28 17 -285 -488 -1 2 3 0000
1001 586 20 12 -253 -497 0 -4 2 0000
643 368 13 8 -278 -463 -4 2 -4 0000
254 157 5 3 -264 -482 -1 0 1 0000
11 -28 0 0 -257 -464 -1 0 -1 0000
-128 -95 -3 -2 -263 -503 -1 -2 -2 0000
-163 -128 -3 -2 -236 -450 3 4 -2 0000
-272 -122 -5 -3 -248 -472 1 0 -1 0000
-254 -188 -5 -3 -248 -456 0 1 -1 0000
-272 -182 -5 -3 -239 -440 0 0 1 0000
-249 -148 -5 -3 -238 -457 -1 -1 -2 0000
-187 -128 -4 -2 -245 -462 0 -3 0 0000
-144 -116 -3 -2 -247 -481 1 3 0 0000
-43 -5 -1 -1 -255 -463 -4 2 -2 0000
-77 -49 -2 -1 -213 -509 0 0 1 0000
8 7 0 0 -228 -465 1 0 -3 0000
39 -9 1 0 -248 -474 0 1 -2 0000
64 63 1 1 -225 -492 -1 1 1 0000
71 49 1 1 -233 -417 1 -2 2 0000
130 79 3 2 -207 -444 0 3 1 0000
80 28 2 1 -225 -487 -2 -1 -1 0000
161 97 3 2 -195 -454 2 -1 0 0000
87 62 2 1 -162 -431 -2 3 -4 0000
213 148 4 3 -154 -460 -3 1 0 0000
201 126 4 2 -163 -439 -3 -2 0 0000
195 105 4 2 -135 -452 -5 0 0 0000
134 102 3 2 -165 -472 1 4 -3 0000
218 107 4 3 -113 -461 -2 -1 1 0000
211 154 4 3 -111 -426 0 -1 -3 0000
281 169 6 3 -119 -429 4 0 -1 0000
210 118 4 3 -108 -443 0 -1 -2 0000
223 120 4 3 -86 -420 0 1 0 0000
276 155 6 3 -92 -419 4 -1 0 0000
292 169 6 4 -49 -448 0 -1 -1 0000
285 198 6 3 -67 -415 0 0 -1 0000
307 199 6 4 -27 -426 1 -1 0 0000
314 187 6 4 -44 -400 0 -1 0 0000
313 226 6 4 -40 -413 0 -2 -1 0000
315 187 6 4 -8 -409 1 -2 -1 0000
336 183 7 4 9 -424 2 -3 3 0000
374 262 7 4 17 -391 4 -5 1 0000
404 202 8 5 26 -429 -1 2 0 0000
380 254 8 5 19 -402 -1 2 3 0000
352 222 7 4 52 -382 0 0 -2 0000
314 160 6 4 74 -405 0 -2 1 0000
375 255 8 5 86 -409 -1 0 -6 0000
389 202 8 5 86 -390 0 -3 -1 0000
335 200 7 4 90 -388 0 1 -2 0000
330 179 7 4 135 -364 -3 0 -1 0000
366 218 7 4 114 -382 -3 -2 -2 0000
327 215 7 4 112 -391 0 5 1 0000
381 239 8 5 157 -380 -2 0 3 0000
302 171 6 4 174 -395 -2 2 1 0000
245 159 5 3 175 -387 -1 0 -1 0000
314 169 6 4 190 -379 0 -2 2 0000
282 167 6 3 188 -395 -4 2 0 0000
251 153 5 3 188 -379 -3 0 -3 0000
208 87 4 2 219 -345 -2 2 3 0000
259 127 5 3 260 -401 0 0 -1 0000
238 125 5 3 224 -313 -3 2 0 0000
215 145 4 3 244 -376 0 1 1 0000
240 158 5 3 224 -353 1 -1 -4 0000
148 77 3 2 276 -349 2 -1 -1 0000
172 59 3 2 267 -351 0 0 -1 0000
145 71 3 2 257 -349 -1 -1 2 0000
155 82 3 2 270 -316 0 -1 1 0000
140 126 3 2 266 -307 1 0 0 0000
111 63 2 1 276 -338 -2 0 0 0000
58 29 1 1 286 -333 4 -2 1 0000
93 85 2 1 335 -319 0 -1 0 0000
125 66 2 1 283 -316 -1 -2 -1 0000
11 16 0 0 282 -295 1 2 3 0000
43 25 1 1 276 -346 -1 1 0 0000
65 26 1 1 303 -327 -2 -2 0 0000
8 8 0 0 303 -342 4 6 -5 0000
2 7 0 0 324 -346 1 2 3 0000
-6 18 0 0 286 -316 0 2 -3 0000
-6 -5 0 0 314 -323 0 2 1 0000
21 1 0 0 288 -300 -1 0 -2 0000
64 23 1 1 267 -326 -3 -1 1 0000
15 17 0 0 258 -287 2 0 -1 0000
-31 -24 -1 0 255 -273 0 -2 2 0000
-28 -8 -1 0 278 -309 1 3 2 0000
-48 -37 -1 -1 248 -281 1 -1 1 0000
-42 -33 -1 0 246 -295 4 3 2 0000
-44 -51 -1 -1 241 -280 -2 3 -5 0000
16 18 0 0 246 -275 0 -4 2 0000
-10 10 0 0 192 -266 0 -4 -1 0000
-84 -68 -2 -1 194 -236 -4 0 0 0000
-10 37 0 0 210 -234 -3 -2 -1 0000
2 3 0 0 208 -317 1 -2 2 0000
-45 -62 -1 -1 204 -237 5 0 -3 0000
1 11 0 0 147 -227 4 -2 0 0000
-31 -12 -1 0 147 -269 3 2 2 0000
-23 -19 0 0 159 -210 -1 -1 -1 0000
-53 -22 -1 -1 126 -261 -1 -1 0 0000
-1 10 0 0 117 -252 -1 -2 -1 0000
-44 -13 -1 -1 111 -240 3 0 -1 0000
-54 -53 -1 -1 101 -238 1 0 -1 0000
-33 -2 -1 0 42 -201 1 -1 -1 0000
-51 -41 -1 -1 56 -236 -3 0 1 0000
-55 -47 -1 -1 44 -238 3 0 0 0000
-26 13 -1 0 51 -225 0 0 1 0000
-54 -68 -1 -1 39 -225 3 -2 1 0000
-61 -20 -1 -1 -5 -225 1 5 -3 0000
-65 -75 -1 -1 -20 -203 2 2 4 0000
-91 -41 -2 -1 -38 -212 -2 2 -1 0000
-1 12 0 0 -5 -193 -2 -1 -3 0000
-69 -49 -1 -1 -64 -192 -1 1 -2 0000
-61 -63 -1 -1 -38 -186 0 4 -2 0000
-47 -34 -1 -1 -52 -194 -1 -1 0 0000
-69 -35 -1 -1 -71 -192 4 0 1 0000
-110 -20 -2 -1 -78 -199 0 1 -4 0000
-36 -38 -1 0 -118 -174 0 0 -2 0000
-34 -9 -1 0 -110 -177 1 5 -3 0000
-57 -57 -1 -1 -126 -131 2 -1 2 0000
-66 -80 -1 -1 -114 -188 3 2 -2 0000
-74 -64 -1 -1 -115 -176 -3 -1 1 0000
9 32 0 0 -148 -153 -1 -1 -2 0000
-59 -39 -1 -1 -163 -136 1 1 2 0000
-51 -16 -1 -1 -172 -127 0 -4 -1 0000
-47 -58 -1 -1 -171 -178 -1 -2 0 0000
-57 -30 -1 -1 -197 -141 1 2 -4 0000
22 3 0 0 -185 -130 1 1 -3 0000
-50 -30 -1 -1 -190 -126 -1 -2 1 0000
-83 -30 -2 -1 -187 -107 1 2 5 0000
-41 -60 -1 0 -191 -121 -2 0 -2 0000
-17 -1 0 0 -197 -113 4 -3 2 0000
-81 -31 -2 -1 -248 -121 0 1 0 0000
0 6 0 0 -232 -102 0 -2 -4 0000
-42 -10 -1 -1 -221 -120 -1 1 -2 0000
-55 8 -1 -1 -228 -117 1 1 0 0000
-24 -6 0 0 -212 -68 3 0 2 0000
-92 -65 -2 -1 -203 -122 0 4 -4 0000
-6 7 0 0 -233 -54 -1 2 1 0000
-68 -46 -1 -1 -254 -76 2 2 1 0000
-77 -45 -2 -1 -267 -95 2 -3 0 0000
-66 -92 -1 -1 -247 -35 -1 -1 2 0000
-49 -43 -1 -1 -286 -75 2 -1 2 0000
-78 -40 -2 -1 -256 -67 1 1 -2 0000
-125 -42 -2 -1 -287 -78 -1 -1 1 0000
-46 -40 -1 -1 -301 -20 -1 3 -1 0000
-24 0 0 0 -263 -65 4 2 -2 0000
-56 -30 -1 -1 -304 -66 0 -1 -3 0000
-38 -29 -1 0 -263 -44 2 -3 -1 0000
-27 -19 -1 0 -270 -49 4 -2 2 0000
-79 -36 -2 -1 -286 -20 3 0 0 0000
1 32 0 0 -301 -48 0 0 0 0000
-74 -45 -1 -1 -295 -28 -2 -1 -2 0000
-48 -5 -1 -1 -287 -35 0 -2 0 0000
5 8 0 0 -288 11 1 -2 2 0000
-43 -15 -1 -1 -306 -19 -2 -3 -1 0000
-51 -54 -1 -1 -282 1 0 2 -2 0000
-84 -59 -2 -1 -273 -26 2 -3 -1 0000
-85 -50 -2 -1 -277 0 -1 -1 4 0000
-66 -6 -1 -1 -276 -5 1 -2 -1 0000
-63 -54 -1 -1 -290 -18 -1 -2 -2 0000
0 2 0 0 -271 50 4 3 -4 0000
-67 -31 -1 -1 -295 4 -1 0 -1 0000
-84 -41 -2 -1 -276 60 -3 -2 2 0000
-29 -20 -1 0 -283 27 4 0 -2 0000
-45 -24 -1 -1 -297 22 -1 2 -1 0000
-47 -67 -1 -1 -293 15 0 0 -1 0000
-5 -10 0 0 -306 58 1 -4 -3 0000
-19 -34 0 0 -269 52 -2 1 2 0000
-15 -15 0 0 -282 -7 0 2 -2 0000
-57 -31 -1 -1 -276 11 -1 2 2 0000
-55 -16 -1 -1 -279 76 1 0 -3 0000
-52 -15 -1 -1 -294 69 -1 0 0 0000
-75 -46 -1 -1 -299 60 -2 1 2 0000
-86 -65 -2 -1 -301 23 1 1 2 0000
-39 -24 -1 0 -282 50 -1 -3 0 0000
-58 -67 -1 -1 -283 96 1 0 -1 0000
-55 -38 -1 -1 -299 63 -3 -2 1 0000
-25 -27 -1 0 -299 65 6 -1 -1 0000
-90 -60 -2 -1 -311 77 0 4 1 0000
-24 -17 0 0 -286 94 -3 0 -3 0000
-117 -89 -2 -1 -292 69 2 3 -2 0000
-107 -81 -2 -1 -313 69 -1 0 0 0000
-197 -146 -4 -2 -291 64 -1 3 0 0000
-192 -97 -4 -2 -283 100 -2 1 1 0000
-260 -129 -5 -3 -304 100 0 0 1 0000
-291 -195 -6 -3 -311 111 2 -3 3 0000
-328 -204 -7 -4 -279 83 -2 1 2 0000
-297 -155 -6 -4 -308 122 3 2 1 0000
-264 -144 -5 -3 -337 119 1 0 2 0000
-265 -142 -5 -3 -285 142 1 1 0 0000
-222 -142 -4 -3 -297 131 -5 3 -1 0000
-158 -54 -3 -2 -294 155 -2 2 2 0000
-19 -38 0 0 -260 160 -3 -3 -2 0000
151 96 3 2 -300 142 1 1 -1 0000
287 170 6 3 -294 131 -2 -1 1 0000
650 418 13 8 -280 141 -2 0 -1 0000
1058 605 21 13 -281 171 -3 1 2 0000
1437 860 29 17 -282 153 1 5 1 0000
1673 975 33 20 -307 183 0 3 -1 0000
1748 1032 35 21 -302 154 0 1 -2 0001
1666 969 33 20 -291 175 -1 2 0 0000
1380 875 28 17 -274 147 0 -1 -1 0000
1019 613 20 12 -277 197 2 0 3 0000
636 353 13 8 -290 228 1 1 0 0000
341 216 7 4 -295 170 1 1 2 0000
61 52 1 1 -254 169 0 1 -1 0000
-127 -83 -3 -2 -274 170 1 4 0 0000
-184 -88 -4 -2 -257 217 -4 0 -4 0000
-291 -186 -6 -3 -265 226 -1 -4 2 0000
-291 -154 -6 -3 -245 184 -1 2 0 0000
-343 -241 -7 -4 -256 193 2 1 -1 0000
-234 -147 -5 -3 -252 207 0 -1 -2 0000
-175 -71 -3 -2 -254 216 4 2 1 0000
-193 -143 -4 -2 -251 235 -4 5 -1 0000
-11 -27 0 0 -258 253 3 -5 3 0000
-66 -51 -1 -1 -248 237 1 -5 -1 0000
-34 -51 -1 0 -226 237 2 1 1 0000
30 51 1 0 -198 229 2 1 0 0000
76 47 2 1 -212 255 -1 2 -1 0000
76 65 2 1 -200 255 -1 -1 -2 0000
123 67 2 1 -195 246 -4 5 0 0000
97 83 2 1 -195 264 -3 1 3 0000
160 109 3 2 -179 268 1 -1 -1 0000
156 90 3 2 -171 243 1 1 4 0000
222 139 4 3 -180 240 -4 2 -2 0000
191 119 4 2 -165 289 2 -2 3 0000
191 146 4 2 -156 281 5 3 0 0000
210 131 4 3 -165 281 -1 4 0 0000
236 134 5 3 -153 259 -1 -1 -3 0000
209 69 4 3 -113 291 -1 1 -4 0000
216 98 4 3 -97 304 4 0 0 0000
284 170 6 3 -81 309 0 -1 -4 0000
273 157 5 3 -85 296 -2 -1 -1 0000
238 146 5 3 -106 272 1 -1 0 0000
264 157 5 3 -52 296 1 1 0 0000
306 212 6 4 -66 321 1 0 -3 0000
348 181 7 4 -41 296 0 2 -1 0000
327 182 7 4 -4 280 2 2 2 0000
328 179 7 4 -45 334 -1 1 0 0000
321 193 6 4 -36 252 0 -2 -2 0000
319 184 6 4 -14 319 -2 -2 0 0000
326 194 7 4 41 362 0 3 -1 0000
361 238 7 4 25 337 1 1 -2 0000
332 225 7 4 36 329 0 3 2 0000
356 224 7 4 64 350 -2 1 -1 0000
341 214 7 4 64 344 2 0 4 0000
353 231 7 4 79 347 1 -2 1 0000
375 179 8 5 102 325 -4 2 -5 0000
365 222 7 4 131 328 -2 -1 -3 0000
334 189 7 4 120 326 -2 -1 -3 0000
299 193 6 4 128 332 -1 2 3 0000
338 183 7 4 128 323 3 -1 0 0000
317 164 6 4 146 337 -2 -1 2 0000
273 208 5 3 162 359 -3 3 -1 0000
323 189 6 4 176 365 1 -1 -1 0000
309 192 6 4 194 322 -6 3 -4 0000
250 151 5 3 160 348 0 -2 0 0000
339 178 7 4 205 375 4 -1 -1 0000
152 97 3 2 239 393 -1 -1 0 0000
252 168 5 3 241 364 0 -1 -2 0000
205 128 4 2 244 383 0 2 1 0000
212 109 4 3 249 395 -4 -1 2 0000
162 116 3 2 256 386 -1 2 1 0000
172 137 3 2 248 403 0 3 0 0000
148 110 3 2 266 374 -1 1 1 0000
168 95 3 2 273 406 -1 -3 0 0000
154 96 3 2 274 381 3 1 -3 0000
149 75 3 2 302 354 -4 -3 1 0000
127 109 3 2 296 411 -1 2 1 0000
100 75 2 1 293 404 3 3 1 0000
89 57 2 1 295 378 1 -1 0 0000
136 64 3 2 294 362 2 1 2 0000
95 57 2 1 299 426 2 0 -3 0000
58 35 1 1 267 405 -2 -1 -2 0000
95 63 2 1 313 395 -2 -1 1 0000
55 26 1 1 310 415 1 0 -1 0000
30 42 1 0 299 445 -3 -4 -1 0000
-6 -34 0 0 283 404 -2 -1 -1 0000
28 32 1 0 314 408 -1 -2 1 0000
27 49 1 0 306 429 2 2 -2 0000
-14 -18 0 0 252 443 0 0 -2 0000
-31 -26 -1 0 273 463 -3 -2 0 0000
-46 -26 -1 -1 273 428 -1 1 -1 0000
-37 -2 -1 0 267 381 1 1 5 0000
17 15 0 0 237 421 4 0 -1 0000
-5 -8 0 0 230 442 2 -1 2 0000
-51 -42 -1 -1 252 448 -4 4 -2 0000
-74 -47 -1 -1 234 450 -2 2 1 0000
-113 -67 -2 -1 232 419 0 0 0 0000
-60 -31 -1 -1 209 430 0 0 0 0000
-20 2 0 0 201 472 0 -1 -1 0000
-72 -22 -1 -1 224 445 2 2 -1 0000
-29 -36 -1 0 164 447 2 -3 2 0000
13 -11 0 0 155 442 1 0 -1 0000
-106 -93 -2 -1 139 473 -1 0 -1 0000
-46 -25 -1 -1 125 428 -2 0 -3 0000
-72 -50 -1 -1 139 442 -2 5 0 0000
-15 7 0 0 115 471 -2 -2 3 0000
-45 -30 -1 -1 79 487 3 4 0 0000
-35 -1 -1 0 98 463 2 2 0 0000
-41 -33 -1 0 62 469 0 1 1 0000
-40 -46 -1 0 58 445 1 3 -1 0000
-37 -18 -1 0 50 463 3 0 2 0000
-76 -65 -2 -1 28 464 0 -2 -2 0000
-9 -33 0 0 53 476 1 1 0 0000
-2 11 0 0 -27 435 -1 0 2 0000
-53 -55 -1 -1 5 506 -4 0 2 0000
-54 -39 -1 -1 -27 500 -1 -1 0 0000
-104 -78 -2 -1 -16 479 1 4 -1 0000
-44 -11 -1 -1 -19 493 -1 -2 -4 0000
-116 -75 -2 -1 -30 463 1 -1 3 0000
-55 -33 -1 -1 -37 485 1 -3 4 0000
-93 -33 -2 -1 -63 460 3 0 1 0000
-73 -57 -1 -1 -67 490 -1 -1 0 0000
-54 -46 -1 -1 -115 499 2 -4 -2 0000
-33 -8 -1 0 -146 482 1 -2 0 0000
-7 36 0 0 -100 487 -1 -1 1 0000
-62 -14 -1 -1 -136 498 -1 -2 1 0000
-55 -12 -1 -1 -132 461 0 0 -3 0000
-56 -43 -1 -1 -156 488 0 0 -2 0000
-64 -40 -1 -1 -141 480 3 3 -3 0000
-58 -34 -1 -1 -153 515 -1 1 -2 0000
-27 -38 -1 0 -187 524 2 2 1 0000
4 -15 0 0 -181 468 -4 2 -1 0000
-2 14 0 0 -180 497 2 -2 0 0000
-52 -35 -1 -1 -181 519 3 -2 1 0000
-31 -38 -1 0 -207 498 0 1 3 0000
-66 -15 -1 -1 -195 522 -2 0 2 0000
-94 -66 -2 -1 -206 505 -3 3 1 0000
-33 -16 -1 0 -259 513 4 -2 1 0000
-38 7 -1 0 -247 516 1 -2 -1 0000
-1 -17 0 0 -247 496 0 0 -2 0000
-54 -79 -1 -1 -237 482 4 1 3 0000
-100 -54 -2 -1 -211 504 2 -2 0 0000
-40 -21 -1 0 -256 445 2 -2 0 0000
-94 -38 -2 -1 -256 487 -2 0 -3 0000
-82 -55 -2 -1 -265 505 -3 1 1 0000
-63 -49 -1 -1 -270 512 2 -3 1 0000
-62 -36 -1 -1 -271 499 -2 0 -1 0000
-90 -45 -2 -1 -272 469 2 2 0 0000
-17 -5 0 0 -280 528 0 1 0 0000
-39 -43 -1 0 -290 462 1 -1 1 0000
-76 -20 -2 -1 -262 484 -2 2 -3 0000
-74 -49 -1 -1 -264 511 1 -4 3 0000
-85 -62 -2 -1 -285 505 -2 5 -1 0000
-38 -19 -1 0 -276 470 1 1 4 0000
-22 -50 0 0 -264 512 0 3 -1 0000
-62 -30 -1 -1 -284 487 -3 1 -1 0000
-18 7 0 0 -282 463 -3 1 -2 0000
-58 -71 -1 -1 -297 528 1 0 0 0000
-41 -31 -1 0 -268 471 -3 -1 -1 0000
-15 -21 0 0 -306 494 1 2 3 0000
-72 -34 -1 -1 -264 496 1 0 1 0000
-45 8 -1 -1 -315 472 1 1 1 0000
-33 -37 -1 0 -291 499 -1 0 -2 0000
-61 -62 -1 -1 -307 516 2 -1 -1 0000
-44 -49 -1 -1 -278 493 0 -3 2 0000
-36 -20 -1 0 -303 495 3 1 0 0000
-13 -20 0 0 -282 503 -2 -1 2 0000
-21 -29 0 0 -300 495 2 0 -4 0000
-60 -47 -1 -1 -301 486 3 1 -2 0000
-30 -27 -1 0 -276 506 0 3 1 0000
-2 7 0 0 -347 483 1 1 1 0000
-67 -36 -1 -1 -300 496 -2 -2 -2 0000
-6 17 0 0 -282 510 -5 -1 1 0000
-89 -56 -2 -1 -299 539 -1 -1 5 0000
-75 -71 -2 -1 -305 522 3 -2 1 0000
-44 -21 -1 -1 -293 465 0 2 1 0000
-99 -78 -2 -1 -294 522 0 0 -2 0000
-39 -7 -1 0 -304 470 -2 -2 3 0000
-112 -59 -2 -1 -290 476 0 -1 -1 0000
-71 -10 -1 -1 -307 479 -1 -3 -2 0000
-78 -84 -2 -1 -303 469 2 -4 1 0000
-23 -2 0 0 -298 473 -2 0 3 0000
-87 -66 -2 -1 -300 456 -1 1 -1 0000
-20 -24 0 0 -299 478 0 -2 -3 0000
-92 -54 -2 -1 -297 473 -1 2 0 0000
-91 -36 -2 -1 -282 467 1 2 0 0000
-126 -101 -3 -2 -297 469 0 0 -2 0000
-96 -85 -2 -1 -284 478 0 0 1 0000
-201 -139 -4 -2 -247 464 -2 4 0 0000
-176 -94 -4 -2 -305 506 2 0 2 0000
-206 -108 -4 -2 -301 489 1 -5 -2 0000
-278 -180 -6 -3 -305 483 0 0 0 0000
-327 -162 -7 -4 -284 485 2 2 3 0000
-273 -183 -5 -3 -321 480 -1 1 -1 0000
-314 -218 -6 -4 -282 458 0 1 3 0000
-284 -144 -6 -3 -288 485 -1 1 -1 0000
-233 -132 -5 -3 -297 451 -2 -1 4 0000
-171 -141 -3 -2 -308 492 0 -2 -2 0000
12 33 0 0 -277 437 -4 0 -1 0000
140 67 3 2 -303 480 -2 -3 0 0000
365 202 7 4 -273 474 -3 2 0 0000
650 387 13 8 -296 503 0 2 0 0000
1066 657 21 13 -264 434 2 2 -1 0000
1362 842 27 16 -295 449 -2 4 -1 0000
1651 1026 33 20 -287 468 1 -5 -2 0000
1787 1078 36 21 -280 492 -4 1 -6 0001
1622 974 32 19 -267 472 1 4 -2 0000
1377 810 28 17 -272 458 1 -3 0 0000
982 581 20 12 -289 436 1 2 1 0000
613 392 12 7 -297 452 -1 0 0 0000
296 168 6 4 -282 447 1 4 -3 0000
47 27 1 1 -251 440 -3 -2 -1 0000
-84 -55 -2 -1 -306 417 -1 2 -3 0000
-194 -134 -4 -2 -239 464 0 2 4 0000
-240 -129 -5 -3 -244 424 4 2 0 0000
-255 -131 -5 -3 -237 439 4 0 4 0000
-229 -139 -5 -3 -250 423 -4 3 1 0000
-230 -147 -5 -3 -232 421 1 1 1 0000
-172 -99 -3 -2 -226 407 -4 1 -4 0000
-149 -82 -3 -2 -247 435 1 -2 0 0000
-89 -52 -2 -1 -252 426 0 1 -2 0000
-19 -35 0 0 -260 415 -2 3 1 0000
-3 -3 0 0 -224 413 4 0 -1 0000
31 23 1 0 -242 419 0 -2 1 0000
78 31 2 1 -204 407 0 -2 3 0000
138 55 3 2 -198 393 3 -1 3 0000
69 54 1 1 -168 410 3 -1 -3 0000
112 90 2 1 -203 426 1 3 -4 0000
152 93 3 2 -146 419 -3 -2 1 0000
164 105 3 2 -168 417 -2 0 5 0000
126 60 3 2 -179 409 0 -1 0 0000
160 123 3 2 -149 395 3 0 -1 0000
162 90 3 2 -133 447 -2 -2 -2 0000
208 140 4 2 -152 378 -2 -2 -2 0000
262 144 5 3 -132 392 2 -2 1 0000
235 144 5 3 -121 428 -4 1 0 0000
242 144 5 3 -121 355 1 -1 3 0000
329 190 7 4 -88 357 -3 -2 1 0000
255 170 5 3 -87 379 3 0 -1 0000
288 151 6 3 -89 369 2 2 0 0000
286 179 6 3 -94 381 2 -3 0 0000
279 160 6 3 -60 372 0 -2 1 0000
334 210 7 4 -39 354 -4 -2 1 0000
308 195 6 4 -50 362 -2 -2 0 0000
357 209 7 4 -25 351 2 -2 -4 0000
326 207 7 4 -30 343 -1 -1 2 0000
339 238 7 4 26 325 0 -2 2 0000
323 204 6 4 15 337 1 0 2 0000
341 163 7 4 24 341 0 1 0 0000
364 223 7 4 62 353 0 2 0 0000
293 157 6 4 58 295 2 4 1 0000
323 170 6 4 86 358 0 1 1 0000
359 211 7 4 78 344 1 -4 0 0000
315 193 6 4 114 328 -2 0 2 0000
373 228 7 4 110 344 -1 -2 0 0000
308 185 6 4 107 311 3 1 2 0000
306 194 6 4 136 325 1 -3 0 0000
317 203 6 4 146 312 3 0 -1 0000
308 192 6 4 149 290 1 -5 0 0000
299 222 6 4 162 319 2 -3 -1 0000
309 160 6 4 166 309 1 3 1 0000
302 205 6 4 192 291 -1 -2 3 0000
219 144 4 3 205 302 1 -3 2 0000
290 132 6 3 190 296 -2 3 -1 0000
289 183 6 3 216 261 1 -2 1 0000
214 158 4 3 244 306 -5 2 5 0000
166 103 3 2 252 280 -1 1 4 0000
160 90 3 2 245 268 1 -1 -1 0000
139 93 3 2 264 296 0 1 1 0000
192 79 4 2 264 283 0 4 -4 0000
188 108 4 2 283 264 0 0 -2 0000
200 139 4 2 296 255 4 -2 -3 0000
153 74 3 2 271 266 -1 0 -3 0000
158 82 3 2 316 238 0 -2 1 0000
101 55 2 1 264 283 1 0 -3 0000
76 46 2 1 333 247 0 3 2 0000
103 78 2 1 288 290 1 -1 2 0000
94 46 2 1 327 266 2 0 -3 0000
11 56 0 0 311 233 1 0 -1 0000
91 52 2 1 281 232 -1 1 -1 0000
35 39 1 0 295 213 3 -1 0 0000
41 47 1 0 307 228 1 0 2 0000
6 -22 0 0 300 244 2 2 0 0000
48 22 1 1 328 257 0 -3 4 0000
10 17 0 0 275 187 0 -3 2 0000
-28 -6 -1 0 253 207 1 4 2 0000
17 36 0 0 279 197 -2 4 -1 0000
-47 -28 -1 -1 300 210 -1 0 -1 0000
-9 15 0 0 255 214 -2 0 3 0000
-7 8 0 0 273 199 0 0 0 0000
69 57 1 1 238 154 1 -5 2 0000
-1 3 0 0 258 214 2 -1 0 0000
-58 -24 -1 -1 237 189 0 1 2 0000
-11 -10 0 0 208 188 1 6 -4 0000
-29 -21 -1 0 220 165 4 0 -1 0000
-22 -1 0 0 193 168 0 1 -2 0000
-79 -48 -2 -1 210 148 -1 1 0 0000
18 22 0 0 190 203 -2 2 -2 0000
-17 18 0 0 174 125 0 2 1 0000
-47 -6 -1 -1 165 142 3 -3 0 0000
-98 -85 -2 -1 165 179 -1 3 -1 0000
-26 -19 -1 0 151 164 -3 0 5 0000
-81 -53 -2 -1 109 179 4 1 -2 0000
-76 -38 -2 -1 122 124 -3 2 -2 0000
-25 -44 0 0 91 137 4 0 -2 0000
-20 -10 0 0 82 129 1 0 2 0000
-54 -56 -1 -1 106 164 -1 1 0 0000
-92 -44 -2 -1 54 143 2 3 1 0000
-114 -95 -2 -1 61 88 -2 0 2 0000
-86 -95 -2 -1 56 106 -2 -1 -3 0000
-65 -19 -1 -1 36 95 -4 -1 -1 0000
-73 -17 -1 -1 25 146 -4 0 4 0000
-35 -26 -1 0 -11 88 2 -3 1 0000
-69 -50 -1 -1 -3 127 0 2 -3 0000
-30 -54 -1 0 -35 100 0 1 4 0000
-9 -3 0 0 -92 57 1 1 2 0000
-58 -35 -1 -1 -22 73 3 2 1 0000
-85 -79 -2 -1 -37 77 -2 1 2 0000
-80 -70 -2 -1 -91 105 0 -2 -2 0000
-22 -32 0 0 -66 64 0 1 -1 0000
-92 -63 -2 -1 -107 89 1 -1 1 0000
3 8 0 0 -124 65 0 -1 0 0000
-36 22 -1 0 -137 25 -1 -2 0 0000
-16 10 0 0 -141 61 -1 -2 0 0000
-67 -32 -1 -1 -112 78 -1 5 -2 0000
-64 -43 -1 -1 -157 29 -1 1 2 0000
-31 -65 -1 0 -185 15 0 2 0 0000
-50 -30 -1 -1 -141 77 3 -3 -1 0000
-27 -49 -1 0 -146 42 0 1 1 0000
-50 4 -1 -1 -184 17 -3 2 -1 0000
-50 -44 -1 -1 -187 35 0 4 1 0000
8 3 0 0 -215 34 0 2 1 0000
-30 -35 -1 0 -197 -10 0 2 -2 0000
-114 -73 -2 -1 -200 19 1 1 5 0000
-23 -13 0 0 -217 -8 -1 0 -5 0000
-65 -41 -1 -1 -201 7 0 2 0 0000
-43 -48 -1 -1 -181 39 -6 2 1 0000
-4 2 0 0 -199 -1 3 -2 -3 0000
6 17 0 0 -238 3 2 1 0 0000
-104 -67 -2 -1 -224 22 3 0 1 0000
-90 -33 -2 -1 -261 12 0 0 -1 0000
-31 -16 -1 0 -254 -7 0 -2 0 0000
-64 -32 -1 -1 -255 16 2 -2 -1 0000
-59 -41 -1 -1 -256 -24 3 0 -2 0000
-7 0 0 0 -273 -33 0 2 -5 0000
-58 -10 -1 -1 -253 -47 -2 1 1 0000
-79 -53 -2 -1 -255 -76 -2 -2 2 0000
-53 -65 -1 -1 -270 -51 0 3 -2 0000
-21 -12 0 0 -280 -57 1 -1 0 0000
-37 11 -1 0 -277 -31 0 0 1 0000
-22 -50 0 0 -261 -62 1 1 -3 0000
-97 -81 -2 -1 -277 -61 2 0 -5 0000
-41 -65 -1 0 -276 -50 -1 1 0 0000
-23 35 0 0 -315 -61 -1 5 2 0000
-3 19 0 0 -273 -40 -1 -1 0 0000
-126 -127 -3 -2 -301 -57 -1 -1 -1 0000
-67 -31 -1 -1 -291 -74 0 -2 -1 0000
-20 5 0 0 -274 -92 2 -3 -2 0000
-28 -52 -1 0 -279 -85 1 0 -1 0000
-33 -55 -1 0 -277 -95 -1 1 -5 0000
-92 -49 -2 -1 -295 -93 -1 -1 2 0000
-54 -49 -1 -1 -285 -107 4 -1 1 0000
-109 -44 -2 -1 -304 -89 -2 -3 0 0000
-43 -29 -1 -1 -309 -126 -3 0 -1 0000
-74 -66 -1 -1 -297 -137 1 2 -2 0000
-87 -50 -2 -1 -278 -155 -1 0 3 0000
-39 -47 -1 0 -290 -124 1 -2 4 0000
11 14 0 0 -294 -104 2 3 -1 0000
-91 -70 -2 -1 -317 -111 -1 1 -1 0000
-70 -55 -1 -1 -277 -123 -2 0 -3 0000
-49 -25 -1 -1 -315 -167 1 -1 -2 0000
-65 -36 -1 -1 -313 -157 0 -1 6 0000
-75 -23 -1 -1 -303 -183 3 -1 0 0000
-25 -27 -1 0 -313 -139 0 1 -1 0000
-74 -38 -1 -1 -281 -192 0 0 1 0000
-48 -23 -1 -1 -314 -141 3 2 2 0000
-14 -45 0 0 -300 -158 3 -1 -3 0000
-33 -21 -1 0 -266 -173 -1 -1 0 0000
-93 -77 -2 -1 -310 -151 2 0 -4 0000
-6 9 0 0 -297 -146 -2 -2 2 0000
-32 -4 -1 0 -286 -195 -3 0 -2 0000
-47 -32 -1 -1 -304 -172 0 0 -2 0000
-67 -39 -1 -1 -310 -165 -3 -2 -3 0000
-102 -54 -2 -1 -303 -184 0 0 0 0000
-121 -120 -2 -1 -295 -180 -1 2 -3 0000
-152 -56 -3 -2 -313 -233 1 -1 1 0000
-198 -107 -4 -2 -309 -183 0 1 -3 0000
-177 -103 -4 -2 -285 -194 -2 0 0 0000
-271 -190 -5 -3 -318 -175 1 2 0 0000
-249 -134 -5 -3 -312 -213 5 -1 1 0000
-308 -159 -6 -4 -292 -230 0 -2 2 0000
-264 -140 -5 -3 -330 -243 3 -1 -2 0000
-249 -150 -5 -3 -289 -207 0 -3 2 0000
-252 -124 -5 -3 -305 -232 0 3 -1 0000
-195 -143 -4 -2 -307 -214 3 3 -1 0000
-129 -77 -3 -2 -323 -226 -2 0 0 0000
-75 -63 -1 -1 -306 -221 0 0 -1 0000
151 86 3 2 -259 -268 1 2 3 0000
383 251 8 5 -274 -235 -3 1 1 0000
645 394 13 8 -304 -251 0 3 -5 0000
1009 619 20 12 -291 -235 1 2 -5 0000
1409 824 28 17 -289 -262 0 1 1 0000
1630 997 33 20 -282 -261 -1 -2 1 0000
1764 1070 35 21 -294 -304 3 0 0 0001
1674 966 33 20 -280 -289 -3 2 1 0000
1373 825 27 16 -279 -244 1 -2 2 0000
1006 583 20 12 -318 -296 -2 -2 -3 0000
609 360 12 7 -255 -284 1 0 2 0000
294 155 6 4 -267 -264 1 -1 -2 0000
40 8 1 0 -296 -299 2 0 0 0000
-31 -19 -1 0 -262 -273 0 2 -1 0000
-189 -144 -4 -2 -245 -294 -4 2 0 0000
-225 -149 -5 -3 -248 -317 0 -1 -4 0000
-289 -165 -6 -3 -253 -308 -1 0 1 0000
-270 -150 -5 -3 -255 -306 3 -4 -4 0000
-149 -113 -3 -2 -259 -296 2 -1 5 0000
-211 -172 -4 -3 -253 -313 0 1 3 0000
-152 -105 -3 -2 -226 -294 0 1 0 0000
-84 -73 -2 -1 -222 -323 -2 3 -4 0000
3 18 0 0 -246 -300 0 -1 2 0000
-78 -19 -2 -1 -214 -299 1 0 1 0000
109 74 2 1 -241 -293 4 0 -2 0000
42 19 1 1 -202 -308 1 -2 -1 0000
61 57 1 1 -201 -339 1 2 2 0000
106 58 2 1 -185 -326 5 -2 -2 0000
151 73 3 2 -198 -360 -1 0 2 0000
121 101 2 1 -157 -344 4 1 -3 0000
104 53 2 1 -188 -326 4 2 1 0000
159 101 3 2 -171 -319 0 0 1 0000
197 117 4 2 -158 -370 3 0 4 0000
227 179 5 3 -144 -347 -1 -3 -2 0000
249 177 5 3 -150 -379 -3 -1 0 0000
215 131 4 3 -151 -359 -4 -1 1 0000
285 158 6 3 -126 -377 3 -2 -1 0000
290 159 6 3 -107 -355 0 -4 1 0000
253 168 5 3 -92 -384 1 -3 0 0000
306 160 6 4 -101 -361 0 -2 1 0000
322 208 6 4 -83 -356 4 1 0 0000
260 144 5 3 -68 -353 -3 2 0 0000
357 229 7 4 -39 -373 1 0 2 0000
319 182 6 4 -64 -359 -1 -2 -1 0000
345 223 7 4 -17 -378 0 3 4 0000
335 219 7 4 -37 -427 1 2 1 0000
323 191 6 4 -16 -371 -1 0 1 0000
395 254 8 5 -1 -347 1 2 -1 0000
393 243 8 5 15 -364 2 0 -1 0000
324 207 6 4 40 -412 1 0 5 0000
358 219 7 4 39 -393 -1 1 1 0000
375 213 8 5 47 -406 -3 -1 3 0000
305 181 6 4 48 -429 -1 3 -2 0000
343 191 7 4 108 -378 2 3 0 0000
368 177 7 4 93 -438 -1 -2 0 0000
339 190 7 4 94 -443 -4 0 -2 0000
283 192 6 3 95 -428 0 -2 3 0000
293 136 6 4 110 -380 -1 -2 4 0000
302 177 6 4 163 -423 1 0 -1 0000
327 165 7 4 142 -463 -2 -1 -1 0000
258 144 5 3 180 -446 2 0 -1 0000
317 198 6 4 186 -448 1 2 3 0000
323 188 6 4 202 -415 -2 1 -4 0000
263 163 5 3 203 -419 -2 0 -1 0000
296 141 6 4 208 -422 1 2 -4 0000
284 192 6 3 204 -430 0 -4 -1 0000
242 156 5 3 239 -439 3 -1 1 0000
218 99 4 3 244 -452 1 2 1 0000
210 120 4 3 242 -457 -2 3 -1 0000
146 108 3 2 224 -417 0 1 -1 0000
206 101 4 2 237 -437 2 -1 1 0000
186 106 4 2 242 -438 -3 -2 -2 0000
158 102 3 2 307 -472 0 -1 -3 0000
68 31 1 1 299 -502 -1 -1 0 0000
145 45 3 2 289 -464 0 2 -1 0000
141 94 3 2 280 -449 5 0 -1 0000
86 54 2 1 276 -440 -2 -2 -1 0000
131 91 3 2 301 -441 3 -2 1 0000
107 58 2 1 288 -425 2 1 -5 0000
44 -7 1 1 282 -461 -3 -1 0 0000
41 38 1 0 306 -478 0 2 1 0000
53 42 1 1 282 -480 2 0 0 0000
21 23 0 0 287 -448 -3 0 0 0000
11 6 0 0 324 -451 3 3 1 0000
76 53 2 1 312 -444 -2 -1 -3 0000
-7 -15 0 0 296 -486 1 0 0 0000
29 24 1 0 301 -477 1 -3 -1 0000
-32 -39 -1 0 298 -450 -1 -2 -1 0000
9 -3 0 0 252 -517 1 1 2 0000
21 -8 0 0 268 -486 4 0 0 0000
32 -2 1 0 264 -504 0 -1 2 0000
-39 -9 -1 0 270 -470 2 -1 -3 0000
-32 -40 -1 0 230 -482 0 -3 3 0000
14 -19 0 0 235 -475 3 1 -3 0000
1 0 0 0 229 -463 1 -2 -1 0000
-28 -28 -1 0 223 -536 0 -1 1 0000
-20 -18 0 0 208 -479 -1 0 1 0000
-39 -40 -1 0 176 -498 2 -2 -4 0000
-5 -1 0 0 146 -502 0 -1 -1 0000
-17 -30 0 0 191 -512 2 0 -3 0000
-32 -70 -1 0 175 -485 -1 -1 -3 0000
-56 -57 -1 -1 138 -496 6 -2 4 0000
-23 -24 0 0 131 -456 -3 2 0 0000
-41 -42 -1 0 124 -502 3 -1 -1 0000
-89 -65 -2 -1 100 -472 2 -2 -6 0000
-63 -60 -1 -1 84 -488 0 -2 1 0000
-86 -24 -2 -1 87 -501 -1 1 1 0000
-8 -17 0 0 59 -482 1 3 -1 0000
9 5 0 0 28 -470 2 4 -2 0000
34 51 1 0 43 -466 -6 0 2 0000
27 16 1 0 37 -516 1 -5 -1 0000
-60 -34 -1 -1 26 -479 -1 1 -4 0000
-75 -43 -1 -1 0 -482 0 3 -2 0000
-56 -32 -1 -1 2 -507 -2 -1 2 0000
0 -21 0 0 1 -488 0 0 -3 0000
-68 -45 -1 -1 -15 -506 2 1 3 0000
-59 -54 -1 -1 -50 -506 1 3 1 0000
-60 -56 -1 -1 -37 -470 1 1 -1 0000
-46 -22 -1 -1 -86 -490 0 2 3 0000
-18 -50 0 0 -62 -484 0 -1 1 0000
-83 -35 -2 -1 -79 -467 3 0 2 0000
-39 4 -1 0 -111 -520 1 1 0 0000
-91 -19 -2 -1 -109 -514 -1 2 -1 0000
-7 -28 0 0 -110 -481 -1 -2 -1 0000
-12 4 0 0 -142 -504 2 -1 -1 0000
-30 -21 -1 0 -164 -494 1 1 0 0000
-45 -34 -1 -1 -119 -479 1 2 0 0000
-7 -22 0 0 -153 -501 -2 0 0 0000
-19 12 0 0 -133 -490 -1 0 2 0000
-73 -63 -1 -1 -155 -515 0 -1 -2 0000
38 26 1 0 -177 -482 0 1 0 0000
-57 -18 -1 -1 -162 -504 -1 2 -2 0000
-69 -62 -1 -1 -188 -500 1 0 0 0000
-25 -11 0 0 -198 -469 2 -2 -1 0000
-30 -18 -1 0 -217 -513 0 -3 -1 0000
-33 -38 -1 0 -201 -478 -3 4 0 0000
-81 -23 -2 -1 -215 -491 -1 1 3 0000
-35 -27 -1 0 -233 -519 -1 1 -3 0000
-26 -84 -1 0 -235 -486 2 6 0 0000
30 27 1 0 -226 -493 1 0 -3 0000
-61 -13 -1 -1 -210 -470 0 -1 -2 0000
-15 -8 0 0 -256 -481 -1 -1 -1 0000
-63 -38 -1 -1 -230 -493 -2 0 2 0000
-28 -11 -1 0 -265 -476 -1 2 0 0000
-66 -29 -1 -1 -269 -490 -1 -1 -2 0000
-97 -56 -2 -1 -274 -476 1 1 1 0000
-106 -46 -2 -1 -276 -510 0 -4 -1 0000
-11 -29 0 0 -244 -507 -2 0 1 0000
-35 -20 -1 0 -284 -464 2 0 -1 0000
-26 -11 -1 0 -279 -491 3 -1 -2 0000
-99 -72 -2 -1 -273 -470 -2 1 -1 0000
-41 -9 -1 0 -269 -520 -1 -2 -3 0000
-34 -7 -1 0 -262 -473 0 -2 2 0000
13 45 0 0 -264 -487 -1 0 1 0000
-58 -15 -1 -1 -273 -474 3 1 0 0000
-13 -33 0 0 -293 -501 2 -2 1 0000
-38 -14 -1 0 -296 -502 2 0 3 0000
-9 17 0 0 -311 -523 1 1 2 0000
-32 -29 -1 0 -295 -495 1 1 -3 0000
-32 -13 -1 0 -282 -474 1 -1 1 0000
-42 -22 -1 0 -274 -548 0 0 2 0000
-34 -66 -1 0 -287 -469 3 -3 4 0000
-34 -15 -1 0 -306 -485 -1 4 -3 0000
-42 -42 -1 0 -296 -466 -1 2 -2 0000
-41 -46 -1 0 -310 -452 -1 -1 0 0000
-11 -34 0 0 -280 -468 3 0 3 0000
-42 -4 -1 -1 -266 -473 1 0 2 0000
-61 -41 -1 -1 -297 -462 -2 0 0 0000
-39 -32 -1 0 -259 -435 -1 -2 4 0000
-74 -27 -1 -1 -301 -494 4 0 -1 0000
15 19 0 0 -303 -490 3 -2 1 0000
39 44 1 0 -316 -471 -3 -1 -3 0000
-37 -63 -1 0 -290 -484 0 3 -1 0000
-36 -15 -1 0 -308 -440 3 0 2 0000
-65 -37 -1 -1 -327 -448 1 -1 -2 0000
-27 -22 -1 0 -313 -485 2 1 -4 0000
-7 -22 0 0 -302 -463 0 -1 0 0000
-13 -2 0 0 -238 -470 2 -2 3 0000
-36 -41 -1 0 -296 -471 1 -3 0 0000
1 -30 0 0 -313 -440 2 -1 1 0000
15 -2 0 0 -287 -452 -1 -5 -1 0000
-50 -53 -1 -1 -284 -449 -2 -1 0 0000
-33 -9 -1 0 -289 -430 -1 -3 2 0000
-20 -16 0 0 -296 -461 -1 1 0 0000
-77 -52 -2 -1 -314 -467 4 -1 -2 0000
-85 -77 -2 -1 -298 -431 1 3 -1 0000
-149 -75 -3 -2 -291 -432 0 -3 3 0000
-175 -67 -4 -2 -277 -432 -3 1 0 0000
-257 -152 -5 -3 -288 -473 1 1 3 0000
-243 -165 -5 -3 -293 -457 1 2 1 0000
-270 -196 -5 -3 -286 -466 1 -2 -1 0000
-243 -173 -5 -3 -320 -404 -2 -4 -4 0000
-315 -188 -6 -4 -338 -420 0 1 0 0000
-275 -145 -5 -3 -304 -411 4 1 -1 0000
-258 -132 -5 -3 -293 -419 3 0 2 0000
-211 -144 -4 -3 -289 -393 -1 1 3 0000
-126 -93 -3 -2 -298 -447 0 -1 0 0000
20 37 0 0 -286 -401 2 -2 -3 0000
100 52 2 1 -300 -420 3 -3 -4 0000
388 222 8 5 -288 -402 0 -3 -1 0000
660 427 13 8 -301 -453 0 0 -1 0000
1013 584 20 12 -302 -416 0 -1 -1 0000
1431 832 29 17 -274 -419 1 -2 -2 0000
1632 1003 33 20 -277 -358 1 -3 1 0000
1738 1063 35 21 -264 -396 -1 2 -1 0001
1693 1010 34 20 -278 -432 -3 -1 -1 0000
1385 823 28 17 -258 -386 4 -2 2 0000
1066 596 21 13 -293 -399 -1 0 -1 0000
719 429 14 9 -272 -392 0 0 1 0000
317 166 6 4 -281 -444 -1 -3 0 0000
88 47 2 1 -290 -383 1 4 3 0000
-96 -26 -2 -1 -270 -356 1 2 -1 0000
-216 -112 -4 -3 -258 -391 -3 -3 3 0000
-272 -153 -5 -3 -277 -355 -1 -2 0 0000
-235 -151 -5 -3 -260 -379 -3 -1 -3 0000
-234 -150 -5 -3 -245 -374 3 -1 1 0000
-210 -131 -4 -3 -238 -383 2 -1 0 0000
-151 -85 -3 -2 -274 -361 0 1 1 0000
-159 -65 -3 -2 -234 -372 0 1 -2 0000
-105 -86 -2 -1 -239 -362 -4 -1 -1 0000
-17 -2 0 0 -215 -380 4 1 -2 0000
37 43 1 0 -237 -380 0 0 0 0000
90 73 2 1 -209 -331 2 -1 0 0000
128 81 3 2 -196 -347 1 1 0 0000
111 76 2 1 -198 -350 2 -2 1 0000
91 105 2 1 -212 -344 -2 1 -2 0000
104 61 2 1 -209 -346 1 2 0 0000
125 76 3 2 -184 -320 1 -1 -2 0000
210 169 4 3 -177 -353 2 -3 0 0000
194 103 4 2 -181 -312 0 -1 -1 0000
240 163 5 3 -146 -356 -1 1 2 0000
189 174 4 2 -149 -295 2 0 1 0000
221 124 4 3 -123 -308 1 -4 -3 0000
255 145 5 3 -152 -327 4 -1 -1 0000
260 163 5 3 -149 -301 1 4 -2 0000
227 128 5 3 -116 -299 -1 0 0 0000
230 185 5 3 -120 -281 2 -1 5 0000
214 138 4 3 -99 -278 3 1 -1 0000
318 214 6 4 -82 -237 2 1 2 0000
328 229 7 4 -81 -266 -1 1 2 0000
320 214 6 4 -46 -280 -1 0 -1 0000
390 269 8 5 -52 -304 0 2 0 0000
346 192 7 4 -15 -334 0 -1 -1 0000
331 204 7 4 -23 -247 1 -1 2 0000
387 251 8 5 -13 -294 -1 1 1 0000
388 229 8 5 -24 -308 -3 1 -4 0000
341 205 7 4 22 -271 0 1 2 0000
367 214 7 4 23 -287 -3 -4 3 0000
393 239 8 5 23 -271 1 5 -1 0000
396 245 8 5 36 -253 -3 -1 2 0000
363 186 7 4 63 -223 0 1 2 0000
326 197 7 4 56 -227 1 1 -1 0000
412 195 8 5 101 -206 3 1 0 0000
362 206 7 4 116 -239 2 -1 -2 0000
339 157 7 4 143 -227 -3 -3 0 0000
337 199 7 4 125 -205 0 -1 4 0000
326 196 7 4 115 -237 0 -1 2 0000
279 160 6 3 149 -196 -3 3 1 0000
316 177 6 4 172 -215 1 0 -2 0000
340 160 7 4 179 -206 -3 1 -1 0000
368 233 7 4 184 -201 0 -1 0 0000
272 202 5 3 202 -237 2 -1 1 0000
271 141 5 3 224 -173 -1 -2 2 0000
283 161 6 3 190 -208 -1 1 0 0000
246 151 5 3 219 -195 -2 0 -1 0000
222 120 4 3 231 -199 1 2 -1 0000
214 133 4 3 236 -195 -1 3 5 0000
218 149 4 3 257 -175 2 0 -2 0000
130 98 3 2 278 -170 -1 2 4 0000
165 62 3 2 271 -190 3 3 -2 0000
175 106 3 2 299 -188 0 -1 3 0000
173 126 3 2 264 -172 1 3 -3 0000
116 90 2 1 278 -175 0 -1 3 0000
115 80 2 1 301 -160 3 -3 -3 0000
71 77 1 1 310 -162 -4 2 -3 0000
124 46 2 1 293 -190 -2 -2 1 0000
118 85 2 1 311 -166 2 0 1 0000
86 21 2 1 307 -132 -3 1 1 0000
79 55 2 1 311 -144 -3 -5 -1 0000
-7 26 0 0 312 -150 2 3 -2 0000
102 55 2 1 304 -126 0 -2 0 0000
42 14 1 1 288 -134 2 0 -4 0000
26 -33 1 0 261 -126 0 1 0 0000
37 3 1 0 305 -112 -3 3 1 0000
48 36 1 1 312 -120 0 -2 -4 0000
71 46 1 1 295 -111 0 -1 -1 0000
29 28 1 0 277 -139 2 -2 2 0000
-21 -29 0 0 238 -110 -4 0 2 0000
5 -30 0 0 267 -124 -1 -1 -3 0000
6 -3 0 0 265 -90 -3 -2 1 0000
4 -2 0 0 255 -65 0 0 3 0000
25 50 1 0 226 -101 4 3 2 0000
-10 -11 0 0 226 -84 -3 -1 3 0000
-34 -15 -1 0 204 -82 -1 -4 0 0000
29 7 1 0 200 -67 0 0 4 0000
67 6 1 1 184 -94 1 4 0 0000
-26 -28 -1 0 186 -76 -1 2 1 0000
9 45 0 0 189 -79 -1 2 -6 0000
12 33 0 0 163 -49 -2 0 1 0000
6 38 0 0 144 -106 2 0 1 0000
-35 -3 -1 0 122 -72 -2 3 -3 0000
-4 -30 0 0 128 -53 0 0 -1 0000
12 8 0 0 109 -65 -1 2 -3 0000
64 41 1 1 109 -55 -2 0 0 0000
-14 -4 0 0 114 -22 1 -2 3 0000
-24 8 0 0 51 -6 1 -1 0 0000
-56 -86 -1 -1 72 -9 0 -1 -1 0000
-27 -30 -1 0 72 -40 2 3 4 0000
-7 -11 0 0 57 -50 -4 1 -1 0000
-8 1 0 0 18 -13 -2 -3 2 0000
-55 -29 -1 -1 5 -19 -1 -2 2 0000
-28 -72 -1 0 -4 -8 2 1 -2 0000
-61 -24 -1 -1 -5 -23 1 0 -1 0000
-16 -15 0 0 2 -20 -1 1 -1 0000
-26 -10 -1 0 -27 -3 2 -1 0 0000
8 -24 0 0 -36 14 1 -3 1 0000
-24 -42 0 0 -38 17 -2 0 1 0000
1 7 0 0 -50 43 0 -1 -2 0000
-11 -8 0 0 -45 16 3 3 -2 0000
-54 -28 -1 -1 -111 22 1 0 -2 0000
-74 -66 -1 -1 -75 17 3 1 1 0000
-30 -58 -1 0 -101 39 0 0 -3 0000
37 10 1 0 -122 13 1 -3 2 0000
-6 -16 0 0 -129 56 3 -2 -3 0000
-13 -24 0 0 -136 41 1 3 -2 0000
-10 -20 0 0 -180 80 -2 -3 -2 0000
10 26 0 0 -155 58 0 -1 0 0000
22 10 0 0 -169 65 -1 1 -1 0000
0 -10 0 0 -174 43 -1 0 3 0000
10 -22 0 0 -186 72 1 0 0 0000
3 -6 0 0 -192 34 3 2 1 0000
14 -7 0 0 -193 57 4 1 2 0000
6 -23 0 0 -195 86 -2 -3 -1 0000
-76 -47 -2 -1 -230 64 0 0 4 0000
-51 8 -1 -1 -196 98 0 -2 -4 0000
-35 -25 -1 0 -203 49 1 -1 1 0000
-29 -17 -1 0 -244 117 0 0 -1 0000
31 18 1 0 -223 126 1 -2 1 0000
-16 -26 0 0 -263 115 -1 -3 -1 0000
4 9 0 0 -229 64 1 2 0 0000
-36 -33 -1 0 -273 92 -1 -1 0 0000
-22 -24 0 0 -282 143 -1 1 0 0000
-33 -26 -1 0 -249 154 2 -3 0 0000
-33 -5 -1 0 -242 108 0 -1 0 0000
26 -16 1 0 -246 132 -1 0 1 0000
-18 -29 0 0 -262 114 -2 -2 -1 0000
-17 8 0 0 -273 104 0 -1 -2 0000
-29 -1 -1 0 -282 132 2 5 0 0000
-46 -45 -1 -1 -275 173 -1 -2 -2 0000
-34 -17 -1 0 -278 163 0 -3 2 0000
-64 -35 -1 -1 -281 166 -1 1 -1 0000
-28 -16 -1 0 -293 112 2 2 0 0000
-50 -16 -1 -1 -298 139 -2 4 1 0000
8 13 0 0 -289 151 -2 1 2 0000
18 47 0 0 -313 168 -2 1 0 0000
-62 -1 -1 -1 -262 205 -4 -1 -4 0000
-66 -25 -1 -1 -315 163 1 2 -4 0000
-42 -33 -1 0 -288 158 1 0 1 0000
-29 -39 -1 0 -294 153 0 -1 2 0000
-23 -29 0 0 -304 193 0 1 -2 0000
-3 -20 0 0 -305 124 -1 1 1 0000
-57 -49 -1 -1 -299 186 -1 1 -1 0000
-19 -9 0 0 -310 212 1 2 -1 0000
-46 -68 -1 -1 -295 180 3 -4 -1 0000
-45 9 -1 -1 -284 233 0 -1 -2 0000
-10 -42 0 0 -272 194 -3 2 2 0000
-23 -22 0 0 -262 189 -3 -2 -2 0000
-5 19 0 0 -293 235 1 2 0 0000
-51 -47 -1 -1 -309 231 2 1 0 0000
-24 -3 0 0 -320 266 2 -1 0 0000
-32 -17 -1 0 -316 214 0 1 3 0000
4 19 0 0 -316 278 -3 -2 2 0000
-27 7 -1 0 -311 252 0 0 0 0000
-50 -37 -1 -1 -278 245 -1 1 -5 0000
-5 19 0 0 -307 226 0 3 3 0000
-10 11 0 0 -316 231 -3 1 -2 0000
-2 -5 0 0 -292 255 -1 -4 0 0000
-22 26 0 0 -300 286 0 1 1 0000
-54 -8 -1 -1 -272 252 -2 0 0 0000
-76 -59 -2 -1 -298 261 0 -1 -3 0000
-3 -6 0 0 -274 266 3 1 0 0000
-17 0 0 0 -304 284 -1 -1 2 0000
-58 -25 -1 -1 -314 263 2 2 -3 0000
-151 -75 -3 -2 -314 263 -2 1 1 0000
-109 -87 -2 -1 -320 308 1 -3 1 0000
-114 -25 -2 -1 -320 341 1 1 -1 0000
-191 -97 -4 -2 -331 283 0 -3 -2 0000
-203 -98 -4 -2 -292 298 1 1 0 0000
-275 -167 -6 -3 -307 295 4 -3 1 0000
-250 -153 -5 -3 -297 311 -4 2 -1 0000
-312 -177 -6 -4 -317 268 0 3 0 0000
-279 -155 -6 -3 -310 315 -1 -2 1 0000
-198 -108 -4 -2 -290 293 0 -3 -2 0000
-196 -133 -4 -2 -301 315 3 -3 2 0000
-77 -21 -2 -1 -303 279 1 4 0 0000
-4 -49 0 0 -304 293 -1 4 -2 0000
182 125 4 2 -312 347 3 3 1 0000
376 205 8 5 -275 305 -2 -4 -1 0000
711 433 14 9 -310 343 -1 3 -1 0000
1073 632 21 13 -287 297 3 4 2 0000
1404 851 28 17 -281 345 1 -2 0 0000
1729 1036 35 21 -293 343 -2 -1 4 0000
1804 1076 36 22 -278 321 -3 -1 -3 0001
1648 1006 33 20 -300 345 3 3 1 0000
1434 886 29 17 -302 353 1 -3 0 0000
1014 610 20 12 -246 334 -3 -3 3 0000
569 323 11 7 -271 318 -1 0 5 0000
314 189 6 4 -269 341 0 -2 1 0000
48 -27 1 1 -280 368 0 -4 2 0000
-102 -78 -2 -1 -264 355 1 -1 -2 0000
-207 -109 -4 -2 -232 375 -2 2 -3 0000
-314 -162 -6 -4 -262 387 0 2 1 0000
-272 -166 -5 -3 -259 381 1 -1 1 0000
-217 -128 -4 -3 -234 343 0 1 0 0000
-264 -146 -5 -3 -229 372 -1 1 -2 0000
-124 -85 -2 -1 -206 360 2 0 -2 0000
-69 -27 -1 -1 -220 320 1 -2 -1 0000
-90 -39 -2 -1 -246 393 -1 -1 -3 0000
57 90 1 1 -219 402 0 2 0 0000
-2 6 0 0 -219 358 -1 -2 -1 0000
70 31 1 1 -209 371 0 0 -1 0000
82 65 2 1 -201 417 -1 2 -1 0000
154 87 3 2 -205 390 0 -2 3 0000
97 42 2 1 -181 421 0 -1 2 0000
136 46 3 2 -210 426 1 -2 0 0000
120 60 2 1 -210 396 1 1 3 0000
204 119 4 2 -174 466 -3 3 -1 0000
209 107 4 3 -181 401 -4 2 1 0000
202 85 4 2 -141 423 3 1 1 0000
195 122 4 2 -149 435 1 0 0 0000
204 123 4 2 -151 389 1 2 3 0000
249 173 5 3 -114 409 2 2 3 0000
218 164 4 3 -128 379 -2 -1 0 0000
334 216 7 4 -108 408 2 1 -2 0000
252 153 5 3 -98 417 -3 -1 -2 0000
295 176 6 4 -115 435 0 0 1 0000
291 163 6 3 -55 460 2 1 -2 0000
312 186 6 4 -88 417 -2 -1 -2 0000
328 193 7 4 -78 404 -2 2 3 0000
356 223 7 4 -36 455 -4 1 2 0000
324 179 6 4 -29 452 1 1 3 0000
327 182 7 4 -30 445 -1 -3 0 0000
386 245 8 5 -48 417 0 -2 0 0000
428 258 9 5 18 478 -2 -1 -1 0000
394 221 8 5 4 453 -2 -2 0 0000
389 246 8 5 45 407 2 1 1 0000
383 218 8 5 38 440 -1 0 1 0000
380 220 8 5 65 463 2 2 0 0000
319 201 6 4 95 459 0 0 0 0000
393 273 8 5 89 500 -1 -2 3 0000
357 163 7 4 90 445 2 -2 -1 0000
377 241 8 5 109 455 1 2 -2 0000
408 261 8 5 119 424 1 1 1 0000
352 250 7 4 140 454 2 0 0 0000
367 231 7 4 147 516 2 -2 3 0000
319 175 6 4 154 473 2 1 -2 0000
374 239 7 4 164 452 -3 2 1 0000
364 211 7 4 167 484 -4 2 0 0000
334 192 7 4 204 431 -1 5 1 0000
323 193 6 4 215 473 1 -1 -1 0000
296 200 6 4 232 491 1 -1 -3 0000
286 163 6 3 179 489 0 1 2 0000
276 137 6 3 244 486 1 0 -1 0000
243 137 5 3 238 498 -2 -1 -3 0000
218 97 4 3 223 536 -2 2 -2 0000
212 127 4 3 237 482 3 1 1 0000
224 155 4 3 274 472 -1 -4 -1 0000
183 68 4 2 277 507 -3 1 -2 0000
124 99 2 1 291 470 0 1 0 0000
191 108 4 2 277 464 1 0 -1 0000
163 94 3 2 294 492 -1 1 3 0000
123 87 2 1 291 467 1 3 1 0000
125 96 2 1 285 500 2 1 0 0000
132 63 3 2 302 442 4 1 -1 0000
159 89 3 2 305 486 3 2 -4 0000
131 99 3 2 274 516 3 2 -2 0000
71 39 1 1 321 483 -1 -4 -1 0000
153 95 3 2 304 495 2 1 0 0000
109 46 2 1 287 470 0 -3 0 0000
77 41 2 1 305 475 3 1 5 0000
66 37 1 1 291 514 1 5 1 0000
32 13 1 0 284 464 4 1 0 0000
57 33 1 1 281 476 1 -2 0 0000
54 37 1 1 283 506 -5 -2 1 0000
25 0 0 0 264 525 1 1 0 0000
37 51 1 0 270 471 -1 -1 -3 0000
-8 -11 0 0 266 502 -2 -1 1 0000
49 41 1 1 265 487 2 -3 0 0000
7 -7 0 0 256 528 -3 -2 1 0000
-48 -41 -1 -1 239 490 1 3 2 0000
-10 -29 0 0 239 460 0 0 3 0000
9 -11 0 0 204 494 1 -2 0 0000
16 -3 0 0 224 491 -2 1 0 0000
-39 -4 -1 0 191 500 2 -2 3 0000
-4 -13 0 0 194 490 -2 1 -1 0000
-11 -29 0 0 140 494 1 -3 -2 0000
-24 -17 0 0 178 516 2 -2 1 0000
-39 -18 -1 0 158 525 -3 -3 1 0000
-53 14 -1 -1 150 483 -1 3 -3 0000
-6 19 0 0 143 528 3 0 1 0000
-47 -48 -1 -1 106 500 3 -2 2 0000
-38 -19 -1 0 88 531 0 -2 -2 0000
8 8 0 0 95 459 -1 -1 2 0000
-31 1 -1 0 81 503 2 1 -2 0000
-7 -2 0 0 76 483 -3 2 -1 0000
14 -20 0 0 50 502 -3 -2 3 0000
-11 -19 0 0 42 482 1 1 -1 0000
-15 -40 0 0 24 510 -2 6 3 0000
-35 -50 -1 0 3 479 3 -1 1 0000
-40 2 -1 0 9 487 3 2 0 0000
-44 -5 -1 -1 -7 487 2 1 3 0000
-7 -11 0 0 -36 504 0 1 2 0000
-74 -35 -1 -1 -30 514 2 0 1 0000
-5 -2 0 0 -49 509 -2 -5 1 0000
-53 -29 -1 -1 -50 506 -1 0 4 0000
-13 19 0 0 -81 491 0 1 0 0000
20 13 0 0 -77 494 1 6 0 0000
-2 -6 0 0 -91 498 1 1 2 0000
-26 -24 -1 0 -124 505 -1 1 0 0000
-8 7 0 0 -124 512 -1 1 4 0000
-67 -26 -1 -1 -161 458 -1 2 0 0000
-34 -22 -1 0 -109 529 -1 -1 0 0000
-26 -25 -1 0 -168 471 1 2 1 0000
-98 -64 -2 -1 -153 507 -2 -2 1 0000
35 26 1 0 -139 471 1 -2 -1 0000
-8 -14 0 0 -181 491 1 1 -1 0000
14 18 0 0 -182 487 -1 -3 0 0000
-18 15 0 0 -187 496 -1 0 1 0000
-3 4 0 0 -184 452 0 -4 1 0000
40 6 1 0 -189 467 2 2 -2 0000
-16 4 0 0 -201 481 -1 -3 -2 0000
-8 -1 0 0 -236 497 2 -4 2 0000
-1 21 0 0 -222 458 -1 -5 0 0000
-6 -9 0 0 -227 461 -2 0 2 0000
2 -27 0 0 -229 481 -1 0 2 0000
-24 -36 0 0 -260 450 1 0 1 0000
-26 -13 -1 0 -214 503 0 -2 -5 0000
-52 -10 -1 -1 -267 473 3 -2 0 0000
-27 -35 -1 0 -260 480 2 -3 1 0000
-29 -15 -1 0 -276 464 2 0 0 0000
-34 -1 -1 0 -251 458 -1 -2 0 0000
-1 -8 0 0 -285 472 -1 -1 1 0000
-8 -15 0 0 -268 468 -1 -1 -2 0000
-49 -20 -1 -1 -228 475 0 -1 0 0000
-29 -29 -1 0 -263 471 -1 3 -3 0000
-9 -45 0 0 -264 465 -2 3 -2 0000
-6 8 0 0 -285 440 -2 -2 0 0000
-13 -11 0 0 -256 458 -1 -2 1 0000
-34 -44 -1 0 -261 503 -6 -1 1 0000
34 10 1 0 -289 447 -4 1 2 0000
-2 -34 0 0 -278 475 -1 3 -2 0000
-34 -44 -1 0 -284 432 1 -2 0 0000
21 21 0 0 -265 420 4 -1 -3 0000
-28 -18 -1 0 -289 470 0 -2 1 0000
35 19 1 0 -273 444 2 -1 2 0000
-15 -24 0 0 -301 447 1 3 -2 0000
-47 -23 -1 -1 -275 395 -1 -1 -3 0000
-2 -1 0 0 -269 456 1 -1 -1 0000
21 48 0 0 -283 413 0 1 -2 0000
-40 -47 -1 0 -282 417 -2 -7 0 0000
-47 -27 -1 -1 -315 428 0 1 1 0000
-7 -3 0 0 -287 413 -4 -4 1 0000
-71 14 -1 -1 -290 436 1 1 1 0000
-25 -2 -1 0 -293 433 -1 0 1 0000
-33 -14 -1 0 -287 409 0 1 -2 0000
5 18 0 0 -299 386 -2 -3 1 0000
-70 -61 -1 -1 -298 401 -5 -1 1 0000
-61 -37 -1 -1 -278 432 -3 0 1 0000
-23 9 0 0 -285 414 2 0 2 0000
-42 -22 -1 0 -282 414 -2 -3 -2 0000
-4 -43 0 0 -283 409 -4 0 0 0000
-23 0 0 0 -278 403 2 0 -1 0000
-32 -21 -1 0 -296 410 1 -2 -2 0000
29 -3 1 0 -270 426 1 3 2 0000
-77 -28 -2 -1 -288 432 0 1 3 0000
56 55 1 1 -264 403 -1 -1 0 0000
-10 -2 0 0 -291 403 3 5 3 0000
-42 -34 -1 -1 -299 367 2 1 1 0000
-58 -23 -1 -1 -307 402 0 -1 0 0000
-66 -14 -1 -1 -285 395 2 3 -2 0000
-26 -21 -1 0 -294 387 2 -2 -1 0000
-37 -14 -1 0 -310 384 1 -1 3 0000
-115 -70 -2 -1 -298 396 -2 1 3 0000
-94 -32 -2 -1 -302 382 2 0 0 0000
-158 -89 -3 -2 -296 348 2 1 -3 0000
-220 -94 -4 -3 -289 410 0 -3 -3 0000
-193 -115 -4 -2 -317 339 -4 0 -1 0000
-231 -113 -5 -3 -318 374 -1 -2 0 0000
-298 -177 -6 -4 -271 373 -1 -3 -2 0000
-225 -138 -5 -3 -265 375 4 2 0 0000
-183 -117 -4 -2 -307 378 0 0 5 0000
-184 -116 -4 -2 -309 367 0 0 0 0000
-126 -105 -3 -2 -290 353 0 -2 0 0000
20 -6 0 0 -316 363 4 1 0 0000
203 125 4 2 -297 335 0 -1 -1 0000
376 213 8 5 -256 337 0 -1 1 0000
715 423 14 9 -291 359 -3 1 -4 0000
1123 703 22 13 -295 340 1 0 3 0000
1420 870 28 17 -274 345 1 1 -1 0000
1681 974 34 20 -300 342 -1 -3 0 0000
1768 1084 35 21 -277 339 1 5 -2 0001
1652 966 33 20 -291 313 -3 -1 2 0000
1370 823 27 16 -286 316 0 -1 -3 0000
1058 649 21 13 -285 319 0 -2 0 0000
651 372 13 8 -270 327 0 -1 0 0000
290 177 6 3 -274 294 1 0 3 0000
103 81 2 1 -257 300 -1 -4 2 0000
-96 -58 -2 -1 -266 294 -1 -1 -2 0000
-229 -97 -5 -3 -269 302 2 -1 -2 0000
-249 -138 -5 -3 -277 272 1 1 0 0000
-277 -167 -6 -3 -258 296 -1 2 -2 0000
-236 -157 -5 -3 -265 337 -1 2 0 0000
-180 -106 -4 -2 -249 301 -1 1 -2 0000
-126 -87 -3 -2 -240 288 -5 -1 -1 0000
-89 -57 -2 -1 -231 313 0 0 -1 0000
-73 -39 -1 -1 -244 214 -2 0 1 0000
14 40 0 0 -229 248 -1 2 0 0000
10 -11 0 0 -237 288 0 1 0 0000
99 62 2 1 -233 263 0 0 0 0000
100 33 2 1 -208 285 -3 1 1 0000
115 86 2 1 -216 266 1 -1 0 0000
164 135 3 2 -182 228 1 -3 3 0000
172 80 3 2 -200 255 1 2 0 0000
119 62 2 1 -165 276 3 -2 0 0000
131 119 3 2 -204 191 0 0 -2 0000
266 152 5 3 -189 283 -1 -1 -3 0000
223 144 4 3 -159 230 1 -1 -3 0000
272 166 5 3 -135 213 -1 -4 -3 0000
287 164 6 3 -155 228 0 -5 0 0000
256 155 5 3 -147 229 -1 1 -1 0000
232 110 5 3 -140 213 3 0 0 0000
242 166 5 3 -135 250 -1 -2 1 0000
225 110 4 3 -117 257 1 -1 -3 0000
356 205 7 4 -101 209 -1 -2 -3 0000
319 195 6 4 -89 229 1 -2 -1 0000
358 228 7 4 -58 222 1 2 -3 0000
336 193 7 4 -53 207 4 -1 0 0000
389 226 8 5 -43 175 2 1 -4 0000
369 202 7 4 -41 172 0 1 2 0000
377 262 8 5 -14 169 -1 2 0 0000
366 224 7 4 -7 180 -1 -2 2 0000
377 213 8 5 -5 152 0 2 5 0000
412 225 8 5 1 187 0 4 -3 0000
306 206 6 4 27 168 -1 0 2 0000
363 221 7 4 32 159 4 0 -6 0000
357 205 7 4 61 98 3 3 4 0000
377 231 8 5 40 140 -4 -1 3 0000
357 238 7 4 62 156 2 1 -3 0000
405 268 8 5 91 139 -4 3 -3 0000
418 248 8 5 88 168 1 -4 -3 0000
403 264 8 5 109 137 2 -2 1 0000
401 209 8 5 130 151 -1 2 -3 0000
387 216 8 5 117 123 1 0 -1 0000
379 235 8 5 147 157 1 -4 3 0000
314 168 6 4 173 142 2 -4 2 0000
279 155 6 3 178 138 2 2 2 0000
387 216 8 5 182 88 -2 -2 -4 0000
292 179 6 4 212 108 -3 -3 -1 0000
349 206 7 4 209 84 1 2 -4 0000
238 138 5 3 212 141 -3 0 -1 0000
269 144 5 3 254 138 -1 1 1 0000
256 165 5 3 234 117 -1 0 -3 0000
252 172 5 3 226 105 1 -3 1 0000
205 128 4 2 262 73 2 1 0 0000
210 104 4 3 248 74 0 -2 1 0000
231 152 5 3 267 77 -3 0 -1 0000
192 155 4 2 250 46 1 2 0 0000
164 89 3 2 281 37 -4 3 -1 0000
154 78 3 2 256 72 -4 0 -1 0000
231 91 5 3 315 53 0 -2 -3 0000
123 51 2 1 317 76 -3 -2 -4 0000
151 85 3 2 303 55 1 4 0 0000
160 86 3 2 280 52 2 -1 2 0000
79 57 2 1 304 61 0 3 1 0000
90 22 2 1 285 38 -1 1 0 0000
104 66 2 1 325 67 -2 -1 0 0000
119 62 2 1 284 71 0 1 -1 0000
108 67 2 1 307 17 -2 -1 -2 0000
64 47 1 1 276 36 3 4 0 0000
70 39 1 1 282 28 0 3 -1 0000
58 15 1 1 303 27 -4 0 -1 0000
54 30 1 1 271 12 -2 0 -3 0000
35 54 1 0 271 33 1 -1 -3 0000
-21 9 0 0 289 -9 0 1 1 0000
22 4 0 0 257 43 1 1 -2 0000
35 -33 1 0 259 31 1 -1 -1 0000
34 54 1 0 271 17 2 -2 2 0000
18 -8 0 0 242 32 2 2 1 0000
28 7 1 0 240 -20 -1 2 2 0000
5 -17 0 0 239 12 0 -1 -3 0000
-42 -19 -1 -1 181 0 -5 0 0 0000
2 -25 0 0 189 -12 0 5 1 0000
2 25 0 0 181 -33 -1 -2 -2 0000
-67 -45 -1 -1 194 -15 2 -1 3 0000
30 40 1 0 175 -51 1 -1 4 0000
-32 -22 -1 0 139 -59 0 0 0 0000
18 30 0 0 170 -33 -1 -1 -1 0000
6 -19 0 0 117 -23 0 -2 1 0000
-31 -12 -1 0 113 -16 3 -1 -3 0000
5 13 0 0 126 -63 1 4 0 0000
35 3 1 0 89 -91 0 0 -2 0000
2 -14 0 0 73 -60 -1 1 -3 0000
-13 -12 0 0 50 -69 2 -1 2 0000
-3 3 0 0 31 -89 1 -1 -1 0000
-14 -16 0 0 36 -89 1 -3 -2 0000
-53 -42 -1 -1 39 -74 0 -2 0 0000
0 -31 0 0 30 -106 3 0 -2 0000
-33 -46 -1 0 -13 -116 1 3 -6 0000
-53 21 -1 -1 -35 -93 1 2 2 0000
-64 -23 -1 -1 -51 -75 1 -4 -4 0000
-17 -12 0 0 -69 -111 -2 0 -1 0000
13 -2 0 0 -47 -157 -1 -2 2 0000
-51 -62 -1 -1 -29 -101 -3 2 1 0000
-28 -41 -1 0 -61 -167 1 0 -2 0000
8 8 0 0 -98 -151 -2 -2 1 0000
-44 -38 -1 -1 -108 -111 5 0 -1 0000
39 0 1 0 -112 -140 4 4 3 0000
-30 -18 -1 0 -100 -127 1 -2 -4 0000
-20 -12 0 0 -110 -151 -4 0 0 0000
31 -21 1 0 -153 -151 0 3 -3 0000
11 -32 0 0 -117 -123 3 0 3 0000
20 -1 0 0 -145 -120 1 -2 -1 0000
-40 -22 -1 0 -174 -155 0 -1 0 0000
26 23 1 0 -195 -155 1 1 -6 0000
-6 -4 0 0 -183 -194 -2 2 2 0000
9 26 0 0 -196 -188 -3 1 1 0000
-4 -9 0 0 -198 -146 1 -2 -3 0000
-11 19 0 0 -216 -151 -3 0 2 0000
58 47 1 1 -205 -174 -1 -1 1 0000
-45 -13 -1 -1 -193 -169 4 0 -1 0000
38 14 1 0 -203 -215 1 1 3 0000
-15 4 0 0 -210 -179 -2 1 2 0000
-27 -20 -1 0 -227 -180 0 -2 2 0000
16 -13 0 0 -240 -183 -3 2 1 0000
-17 -2 0 0 -253 -240 -2 4 4 0000
23 40 0 0 -269 -190 0 -1 -1 0000
-33 -31 -1 0 -237 -199 -1 2 -3 0000
-37 -8 -1 0 -262 -206 2 -3 1 0000
34 43 1 0 -282 -207 2 0 -2 0000
18 5 0 0 -258 -235 3 -1 2 0000
-9 -12 0 0 -251 -231 1 2 3 0000
11 10 0 0 -254 -221 1 1 0 0000
-3 5 0 0 -253 -234 2 -2 -2 0000
-2 -13 0 0 -278 -239 2 1 -2 0000
-19 -36 0 0 -275 -224 2 -3 1 0000
4 10 0 0 -289 -242 -1 2 0 0000
-8 -10 0 0 -288 -278 -1 0 1 0000
34 -3 1 0 -282 -246 -1 -3 -4 0000
-54 -24 -1 -1 -274 -274 0 1 0 0000
16 10 0 0 -267 -241 -2 0 0 0000
-20 -1 0 0 -307 -268 -3 -4 -1 0000
-20 28 0 0 -275 -237 3 -1 2 0000
-5 -12 0 0 -265 -258 6 -2 1 0000
38 22 1 0 -258 -270 3 -1 -1 0000
-46 8 -1 -1 -294 -235 1 1 0 0000
-31 -20 -1 0 -282 -301 -1 -1 4 0000
-10 5 0 0 -284 -249 -2 -1 -1 0000
2 26 0 0 -270 -265 0 -2 -5 0000
3 29 0 0 -274 -295 -1 0 1 0000
56 22 1 1 -287 -301 3 -1 -2 0000
4 -6 0 0 -264 -281 2 0 1 0000
-5 -16 0 0 -287 -288 0 0 1 0000
2 1 0 0 -286 -263 -2 2 0 0000
-30 -4 -1 0 -298 -329 1 1 2 0000
19 -7 0 0 -306 -316 1 2 -1 0000
-25 -23 -1 0 -286 -326 0 -1 -1 0000
-31 -47 -1 0 -298 -283 0 -1 0 0000
10 11 0 0 -314 -318 -1 1 1 0000
14 40 0 0 -313 -317 -2 -3 0 0000
-50 -32 -1 -1 -282 -284 1 0 -2 0000
38 72 1 0 -289 -359 1 -1 0 0000
-63 -24 -1 -1 -331 -337 -5 1 -1 0000
28 16 1 0 -290 -340 3 2 0 0000
-1 12 0 0 -290 -381 -3 -3 -2 0000
31 18 1 0 -245 -347 2 1 1 0000
10 -7 0 0 -266 -349 3 4 0 0000
32 21 1 0 -309 -337 -1 4 1 0000
-21 -34 0 0 -283 -355 1 0 2 0000
-10 8 0 0 -297 -376 0 1 1 0000
-88 -36 -2 -1 -303 -342 3 2 0 0000
-85 -50 -2 -1 -287 -348 2 -1 0 0000
-73 -56 -1 -1 -284 -352 -3 -1 1 0000
-131 -89 -3 -2 -271 -348 -2 -1 -1 0000
-233 -123 -5 -3 -295 -369 2 -3 0 0000
-238 -157 -5 -3 -315 -351 -3 2 -4 0000
-238 -133 -5 -3 -321 -334 2 1 4 0000
-274 -144 -5 -3 -298 -380 0 2 -1 0000
-261 -144 -5 -3 -290 -418 0 0 1 0000
-160 -103 -3 -2 -294 -372 -4 -1 -2 0000
-198 -105 -4 -2 -328 -339 -2 0 2 0000
-90 -49 -2 -1 -306 -383 3 1 0 0000
34 0 1 0 -318 -418 -1 1 4 0000
175 135 3 2 -286 -399 1 0 1 0000
397 234 8 5 -294 -420 -2 -2 1 0000
734 474 15 9 -280 -375 -1 1 0 0000
1066 640 21 13 -292 -415 -3 2 -1 0000
1487 894 30 18 -301 -394 1 4 -2 0000
1687 1032 34 20 -293 -390 -1 -1 0 0000
1766 1082 35 21 -282 -394 2 0 2 0001
1597 946 32 19 -293 -390 3 0 -4 0000
1431 852 29 17 -282 -418 3 -2 0 0000
1022 598 20 12 -304 -426 -2 -1 0 0000
674 411 13 8 -255 -443 2 -1 0 0000
298 139 6 4 -270 -435 -2 2 0 0000
129 60 3 2 -280 -434 -4 0 0 0000
-72 1 -1 -1 -266 -404 2 0 2 0000
-132 -96 -3 -2 -257 -417 -3 0 -2 0000
-201 -85 -4 -2 -271 -395 3 2 2 0000
-205 -148 -4 -2 -227 -434 1 3 0 0000
-205 -107 -4 -2 -231 -436 0 -3 0 0000
-183 -119 -4 -2 -238 -403 3 -1 -2 0000
-98 -83 -2 -1 -225 -439 -2 2 -2 0000
-104 -59 -2 -1 -244 -445 4 4 2 0000
-76 -62 -2 -1 -247 -480 -5 0 0 0000
73 88 1 1 -232 -436 -3 3 -1 0000
46 34 1 1 -216 -463 3 2 1 0000
118 42 2 1 -235 -461 0 -3 -4 0000
108 79 2 1 -182 -447 -1 1 3 0000
148 127 3 2 -195 -447 -1 -3 0 0000
174 134 3 2 -185 -454 -3 -1 -2 0000
118 48 2 1 -179 -450 2 1 2 0000
199 126 4 2 -169 -449 0 -2 -4 0000
174 111 3 2 -195 -447 0 0 2 0000
273 143 5 3 -175 -479 -3 0 -1 0000
250 149 5 3 -160 -458 4 0 0 0000
280 166 6 3 -131 -443 4 0 -2 0000
249 134 5 3 -126 -451 1 0 1 0000
273 163 5 3 -129 -480 2 -1 -2 0000
294 137 6 4 -129 -471 -6 1 0 0000
308 209 6 4 -114 -505 1 2 -3 0000
281 182 6 3 -98 -479 0 -1 0 0000
315 180 6 4 -110 -503 -2 0 -1 0000
297 167 6 4 -112 -482 -1 -1 0 0000
388 237 8 5 -72 -467 -1 -1 -2 0000
348 223 7 4 -88 -491 -2 -2 1 0000
385 284 8 5 -40 -457 0 0 -2 0000
368 214 7 4 -57 -491 -3 -3 3 0000
403 229 8 5 -36 -470 -2 -2 2 0000
398 256 8 5 -31 -483 1 1 2 0000
424 241 8 5 -3 -498 -3 -2 -1 0000
424 254 8 5 20 -487 -4 1 1 0000
414 237 8 5 42 -463 1 4 -2 0000
389 264 8 5 35 -465 -2 0 0 0000
389 255 8 5 70 -476 0 1 0 0000
418 237 8 5 79 -487 1 3 3 0000
376 267 8 5 76 -491 -2 0 1 0000
432 295 9 5 96 -514 0 0 -1 0000
412 225 8 5 86 -483 -2 4 -1 0000
402 255 8 5 117 -534 -2 2 0 0000
383 233 8 5 171 -493 1 -3 -2 0000
403 239 8 5 144 -492 -2 -1 -1 0000
374 231 7 4 149 -497 0 1 1 0000
352 190 7 4 172 -500 3 3 -1 0000
336 234 7 4 183 -513 2 1 -1 0000
331 218 7 4 191 -500 2 -2 2 0000
350 199 7 4 202 -516 -2 2 -2 0000
317 156 6 4 200 -453 1 1 1 0000
284 137 6 3 223 -518 2 -1 4 0000
279 129 6 3 217 -518 4 2 -2 0000
204 109 4 2 234 -489 1 -3 -4 0000
268 171 5 3 259 -462 -2 -2 1 0000
275 146 6 3 258 -518 3 1 0 0000
198 145 4 2 268 -487 -1 2 3 0000
222 120 4 3 276 -480 -3 1 -1 0000
191 120 4 2 299 -503 3 0 -2 0000
169 105 3 2 269 -519 4 2 -3 0000
183 105 4 2 267 -523 -1 -1 2 0000
146 95 3 2 298 -520 -2 2 -2 0000
154 86 3 2 285 -499 -2 -1 -2 0000
184 111 4 2 289 -519 0 -2 3 0000
83 30 2 1 310 -540 0 1 0 0000
103 93 2 1 330 -507 2 2 2 0000
100 92 2 1 321 -501 4 0 -1 0000
141 108 3 2 298 -508 1 4 -1 0000
121 112 2 1 322 -503 0 0 -1 0000
85 50 2 1 336 -483 0 0 -2 0000
42 44 1 1 306 -515 1 1 0 0000
80 72 2 1 315 -509 0 1 0 0000
68 45 1 1 279 -515 3 0 2 0000
74 27 1 1 273 -484 1 1 -2 0000
53 31 1 1 290 -504 1 0 -4 0000
6 -33 0 0 279 -508 -3 -1 -1 0000
34 30 1 0 263 -520 1 3 3 0000
84 34 2 1 264 -509 1 1 0 0000
-15 7 0 0 192 -521 5 -2 0 0000
36 29 1 0 234 -477 0 -3 2 0000
76 61 2 1 223 -478 -4 -2 -1 0000
11 -10 0 0 234 -497 -1 2 -2 0000
38 34 1 0 209 -509 0 2 -3 0000
6 34 0 0 204 -505 -2 -1 0 0000
31 20 1 0 192 -502 2 4 2 0000
-23 5 0 0 192 -493 4 0 0 0000
-4 8 0 0 163 -487 2 0 2 0000
46 28 1 1 149 -478 -2 0 1 0000
81 61 2 1 153 -462 0 -1 4 0000
-1 3 0 0 141 -468 1 2 2 0000
22 17 0 0 96 -502 -2 3 -3 0000
46 18 1 1 91 -490 2 0 -2 0000
3 38 0 0 73 -503 -1 0 1 0000
13 22 0 0 106 -494 0 0 1 0000
31 -21 1 0 82 -514 2 2 1 0000
-63 -31 -1 -1 63 -504 -1 0 -1 0000
27 37 1 0 41 -485 -6 1 2 0000
-19 -26 0 0 29 -470 4 3 0 0000
11 9 0 0 7 -487 3 3 2 0000
-3 -35 0 0 -9 -447 1 -1 1 0000
5 37 0 0 -5 -499 0 -1 0 0000
35 28 1 0 -30 -480 5 1 3 0000
17 -2 0 0 -23 -488 -2 1 0 0000
-9 8 0 0 -33 -457 -2 6 -3 0000
10 30 0 0 -43 -494 1 -2 1 0000
34 3 1 0 -60 -472 2 -2 1 0000
23 40 0 0 -119 -417 -3 -1 -2 0000
-37 -28 -1 0 -93 -484 -1 1 -1 0000
-82 -42 -2 -1 -84 -436 1 4 -1 0000
18 6 0 0 -111 -509 -1 0 2 0000
-4 -24 0 0 -117 -453 -1 1 1 0000
19 -16 0 0 -135 -516 -1 3 0 0000
16 48 0 0 -173 -452 -1 -1 3 0000
-7 -18 0 0 -143 -433 -3 -4 1 0000
18 12 0 0 -181 -480 -1 3 1 0000
24 -22 0 0 -149 -465 -2 0 -2 0000
36 19 1 0 -177 -462 -1 1 -3 0000
10 -3 0 0 -186 -466 1 0 1 0000
-19 -28 0 0 -183 -461 0 4 -1 0000
1 5 0 0 -174 -457 1 -1 -1 0000
-30 -23 -1 0 -224 -424 2 0 0 0000
12 25 0 0 -198 -427 2 -1 2 0000
-35 -7 -1 0 -186 -459 0 1 -2 0000
71 22 1 1 -218 -453 -2 4 -1 0000
-49 -44 -1 -1 -237 -450 1 -1 3 0000
4 -22 0 0 -217 -436 -3 0 2 0000
68 21 1 1 -244 -404 1 -1 -2 0000
-25 20 0 0 -285 -428 3 -2 -1 0000
-18 49 0 0 -257 -450 -1 0 1 0000
-54 18 -1 -1 -250 -416 1 2 0 0000
-38 -13 -1 0 -278 -401 -1 0 0 0000
-23 10 0 0 -251 -437 3 1 0 0000
-39 -16 -1 0 -284 -433 0 -2 -3 0000
19 22 0 0 -279 -428 -2 1 -3 0000
52 36 1 1 -284 -443 0 1 -3 0000
-17 1 0 0 -266 -399 -1 -1 -2 0000
-25 0 -1 0 -266 -370 3 1 0 0000
44 16 1 1 -287 -415 -1 0 -1 0000
-36 -8 -1 0 -283 -427 2 1 -2 0000
19 49 0 0 -273 -418 -1 5 0 0000
32 40 1 0 -277 -390 2 -2 2 0000
70 47 1 1 -265 -414 -2 -2 4 0000
23 12 0 0 -310 -410 2 -3 1 0000
-16 -4 0 0 -269 -368 -1 2 1 0000
49 16 1 1 -288 -409 -1 0 1 0000
-40 -55 -1 0 -301 -401 4 1 2 0000
25 42 1 0 -294 -376 3 -1 -2 0000
12 -10 0 0 -278 -409 -3 -1 -1 0000
-60 -30 -1 -1 -268 -381 0 -2 2 0000
7 39 0 0 -276 -366 -1 -3 2 0000
21 26 0 0 -303 -386 0 -2 0 0000
10 44 0 0 -284 -351 -1 1 -1 0000
56 5 1 1 -316 -358 0 -6 1 0000
-4 -17 0 0 -295 -382 3 1 -1 0000
-32 -15 -1 0 -317 -352 0 2 -2 0000
1 0 0 0 -315 -335 3 2 2 0000
15 23 0 0 -285 -386 0 2 1 0000
-61 -11 -1 -1 -300 -385 0 1 0 0000
-2 32 0 0 -327 -342 -1 -2 1 0000
29 44 1 0 -297 -306 0 0 -2 0000
7 -11 0 0 -282 -332 2 1 -5 0000
28 16 1 0 -289 -373 -1 2 2 0000
56 43 1 1 -294 -329 -2 -2 -4 0000
-45 -33 -1 -1 -293 -331 3 -1 1 0000
52 31 1 1 -285 -337 0 -4 -1 0000
31 11 1 0 -287 -340 -1 -2 0 0000
49 41 1 1 -269 -332 -2 -1 2 0000
25 45 1 0 -318 -317 -1 0 0 0000
3 -21 0 0 -345 -319 3 1 -1 0000
48 38 1 1 -310 -315 -1 4 1 0000
-29 -39 -1 0 -288 -309 2 -2 2 0000
-103 -61 -2 -1 -262 -304 2 0 1 0000
-68 -46 -1 -1 -316 -291 -1 1 -1 0000
-161 -106 -3 -2 -299 -254 -3 5 -2 0000
-98 -61 -2 -1 -324 -309 -2 4 -1 0000
-219 -97 -4 -3 -286 -305 -4 -4 0 0000
-172 -84 -3 -2 -287 -302 -4 -3 1 0000
-251 -143 -5 -3 -287 -286 -1 -1 1 0000
-246 -158 -5 -3 -297 -308 -1 1 3 0000
-181 -108 -4 -2 -330 -308 -2 3 1 0000
-184 -108 -4 -2 -264 -294 -5 3 2 0000
-194 -89 -4 -2 -312 -262 2 1 2 0000
-89 -43 -2 -1 -280 -293 -4 1 -2 0000
11 8 0 0 -279 -305 -4 1 -2 0000
154 90 3 2 -288 -295 2 -2 -1 0000
434 226 9 5 -284 -251 5 -1 0 0000
806 473 16 10 -317 -297 -3 3 2 0000
1060 629 21 13 -295 -286 -2 -3 3 0000
1446 850 29 17 -296 -243 3 1 0 0000
1797 1108 36 22 -287 -213 0 2 1 0000
1820 1120 36 22 -300 -241 2 -2 -2 0001
1699 1008 34 20 -289 -253 -1 -3 2 0000
1435 877 29 17 -271 -229 0 1 -4 0000
1015 624 20 12 -272 -241 4 0 -2 0000
680 416 14 8 -267 -228 1 -2 2 0000
325 232 6 4 -303 -242 -1 1 1 0000
75 18 1 1 -263 -229 -2 -1 0 0000
-46 -27 -1 -1 -278 -216 -2 1 1 0000
-175 -79 -4 -2 -251 -229 0 -1 2 0000
-189 -123 -4 -2 -239 -226 0 -2 -1 0000
-207 -144 -4 -2 -246 -219 -3 3 -5 0000
-198 -124 -4 -2 -233 -175 2 2 -2 0000
-173 -86 -3 -2 -250 -175 -4 1 1 0000
-116 -69 -2 -1 -249 -193 0 1 2 0000
-112 -90 -2 -1 -252 -170 2 -1 2 0000
-63 -18 -1 -1 -236 -159 -1 1 2 0000
1 5 0 0 -247 -165 -2 3 -1 0000
101 79 2 1 -215 -190 3 2 -2 0000
101 45 2 1 -221 -213 0 2 1 0000
125 90 3 2 -210 -158 -2 -1 -4 0000
146 67 3 2 -186 -168 -2 2 -3 0000
174 113 3 2 -166 -160 -1 0 1 0000
202 131 4 2 -202 -150 0 1 -1 0000
202 89 4 2 -177 -162 -1 3 0 0000
244 164 5 3 -184 -134 2 2 -1 0000
267 129 5 3 -190 -152 0 -2 -3 0000
275 144 5 3 -192 -167 -1 -2 0 0000
261 182 5 3 -149 -144 0 -1 5 0000
312 186 6 4 -149 -158 -2 3 -1 0000
288 188 6 3 -135 -176 1 -2 2 0000
303 185 6 4 -132 -101 -1 -3 -4 0000
313 145 6 4 -127 -112 0 -3 -4 0000
344 176 7 4 -109 -129 2 0 -1 0000
315 168 6 4 -98 -121 1 1 0 0000
322 183 6 4 -99 -152 -2 0 -2 0000
406 257 8 5 -81 -101 3 1 -2 0000
326 177 7 4 -74 -107 -3 2 0 0000
415 245 8 5 -24 -60 -2 4 -1 0000
337 214 7 4 -11 -72 -2 -2 -1 0000
447 253 9 5 -28 -99 0 1 -1 0000
397 276 8 5 -19 -89 -2 1 -1 0000
477 285 10 6 10 -78 -1 -1 0 0000
419 289 8 5 13 -86 -3 1 1 0000
394 230 8 5 -18 -83 -2 0 -1 0000
440 241 9 5 31 -87 0 4 0 0000
422 294 8 5 32 -75 -2 2 2 0000
435 290 9 5 45 -53 -2 3 -2 0000
420 276 8 5 104 -66 0 0 0 0000
451 320 9 5 93 -91 2 -1 -3 0000
434 276 9 5 97 -67 1 -2 2 0000
388 235 8 5 93 -39 0 0 0 0000
400 249 8 5 123 6 0 2 0 0000
435 226 9 5 123 -16 -2 4 -1 0000
383 191 8 5 134 -14 -3 -1 -5 0000
405 252 8 5 164 -7 -2 -1 1 0000
391 225 8 5 175 -23 -4 -2 0 0000
354 229 7 4 214 -4 1 1 0 0000
360 203 7 4 206 16 1 0 -2 0000
307 226 6 4 206 3 2 -1 3 0000
309 183 6 4 229 -7 2 0 2 0000
356 157 7 4 256 8 -1 -2 -2 0000
293 217 6 4 245 -12 1 3 1 0000
309 196 6 4 265 -17 -1 -4 0 0000
246 152 5 3 238 4 -1 -2 3 0000
173 93 3 2 260 -1 -2 4 -1 0000
204 139 4 2 260 55 -3 0 -1 0000
211 140 4 3 273 -6 0 3 2 0000
169 125 3 2 275 6 -2 -1 0 0000
218 136 4 3 312 45 2 -1 -1 0000
180 106 4 2 304 57 2 1 0 0000
139 92 3 2 284 19 -3 -3 2 0000
189 81 4 2 275 38 1 0 -1 0000
136 88 3 2 289 31 -1 2 -1 0000
101 56 2 1 314 72 -2 4 3 0000
122 120 2 1 295 54 0 -1 -2 0000
121 68 2 1 302 75 -1 3 3 0000
179 117 4 2 306 84 2 6 0 0000
107 45 2 1 309 26 0 3 -1 0000
80 26 2 1 304 46 0 -1 -2 0000
54 2 1 1 261 69 1 -2 3 0000
82 32 2 1 304 65 0 1 -1 0000
61 3 1 1 288 86 1 -3 3 0000
90 60 2 1 280 72 0 -1 -3 0000
68 34 1 1 276 108 0 -2 1 0000
99 39 2 1 250 107 2 1 0 0000
57 47 1 1 267 114 1 2 -3 0000
5 2 0 0 262 107 1 2 -2 0000
17 -46 0 0 256 125 0 0 0 0000
39 4 1 0 225 57 0 3 1 0000
55 41 1 1 241 120 0 0 0 0000
108 38 2 1 206 82 -2 1 -2 0000
53 40 1 1 198 108 0 0 0 0000
48 41 1 1 200 108 -1 3 -1 0000
-9 -28 0 0 152 115 2 -2 -1 0000
38 21 1 0 165 172 -1 1 -2 0000
-13 10 0 0 161 159 -2 0 -2 0000
7 13 0 0 137 169 3 -4 3 0000
50 67 1 1 128 145 3 1 -3 0000
52 46 1 1 100 130 0 1 1 0000
10 14 0 0 112 177 -2 1 2 0000
5 -10 0 0 126 129 0 0 0 0000
13 19 0 0 107 163 2 -2 0 0000
77 -5 2 1 100 167 4 0 1 0000
-61 -26 -1 -1 27 180 0 1 0 0000
16 8 0 0 44 153 0 -2 6 0000
53 34 1 1 39 207 2 1 2 0000
15 20 0 0 13 153 1 -1 1 0000
-16 -14 0 0 -4 206 -1 4 2 0000
39 29 1 0 -12 168 -1 0 0 0000
45 32 1 1 -30 215 2 1 -2 0000
-18 -28 0 0 -57 199 0 3 -2 0000
10 -8 0 0 -57 195 3 -2 -2 0000
39 10 1 0 -30 235 2 0 0 0000
-4 0 0 0 -60 221 2 2 1 0000
18 37 0 0 -87 220 -3 0 1 0000
12 7 0 0 -86 206 4 -1 -2 0000
14 18 0 0 -104 206 -2 3 2 0000
14 -11 0 0 -119 189 -2 1 -6 0000
58 39 1 1 -137 239 -1 1 1 0000
52 28 1 1 -135 238 0 5 0 0000
33 29 1 0 -134 254 -1 0 -2 0000
13 -14 0 0 -165 252 -2 0 0 0000
-31 -8 -1 0 -177 234 5 2 1 0000
-9 -10 0 0 -172 221 2 1 2 0000
53 66 1 1 -196 260 -1 -1 -2 0000
-8 -1 0 0 -207 254 3 -1 -2 0000
10 -10 0 0 -212 254 2 -1 1 0000
52 42 1 1 -191 260 3 -5 0 0000
-20 -18 0 0 -203 263 3 -1 3 0000
72 22 1 1 -208 257 1 4 0 0000
16 15 0 0 -194 288 -1 4 -2 0000
-53 -40 -1 -1 -226 304 4 -2 -7 0000
-11 4 0 0 -222 220 -1 0 3 0000
11 24 0 0 -235 255 2 0 -3 0000
61 26 1 1 -208 274 -2 0 5 0000
52 -30 1 1 -239 288 -2 4 1 0000
41 17 1 0 -244 273 1 2 0 0000
32 -2 1 0 -255 290 -3 -2 3 0000
17 9 0 0 -241 288 2 0 2 0000
5 -6 0 0 -221 316 1 1 0 0000
-13 18 0 0 -301 307 0 -1 -2 0000
51 37 1 1 -256 374 0 -1 1 0000
24 19 0 0 -299 316 1 1 1 0000
50 31 1 1 -249 302 0 0 -2 0000
90 25 2 1 -306 340 3 3 1 0000
33 84 1 0 -296 296 0 1 -4 0000
16 -16 0 0 -274 367 -2 -2 1 0000
51 25 1 1 -284 325 -3 1 1 0000
7 -2 0 0 -272 314 -3 1 -3 0000
34 17 1 0 -292 336 1 -2 2 0000
78 27 2 1 -308 346 -1 -2 -2 0000
2 5 0 0 -276 341 2 -1 3 0000
-7 4 0 0 -308 337 1 -2 -5 0000
-11 -14 0 0 -302 367 -2 0 -2 0000
58 12 1 1 -283 327 -1 2 -3 0000
39 57 1 0 -276 362 0 0 2 0000
59 23 1 1 -271 349 1 2 -1 0000
44 -17 1 1 -287 336 -4 -2 -2 0000
28 20 1 0 -296 369 -3 -1 -1 0000
28 17 1 0 -282 376 -2 2 -1 0000
24 -30 0 0 -277 400 0 2 6 0000
1 6 0 0 -309 376 2 2 -1 0000
25 11 1 0 -320 401 -2 -1 0 0000
12 71 0 0 -313 362 1 -3 0 0000
43 30 1 1 -284 321 0 0 -2 0000
-10 -13 0 0 -280 397 -1 1 2 0000
-13 6 0 0 -262 400 2 -2 0 0000
69 15 1 1 -323 390 0 0 -1 0000
17 33 0 0 -273 356 -2 -1 -1 0000
61 74 1 1 -316 415 -2 0 -3 0000
53 34 1 1 -331 397 1 -3 0 0000
-2 20 0 0 -305 415 1 0 0 0000
-7 -12 0 0 -292 427 2 -1 1 0000
3 -7 0 0 -292 359 0 -5 2 0000
-40 -31 -1 0 -282 416 -1 1 0 0000
26 20 1 0 -306 427 4 1 0 0000
-4 21 0 0 -307 409 0 5 0 0000
-40 -13 -1 0 -292 425 2 -1 1 0000
-37 -12 -1 0 -294 422 0 3 2 0000
5 8 0 0 -296 429 -2 0 1 0000
-23 -6 0 0 -280 410 0 1 -1 0000
-55 -43 -1 -1 -289 414 2 -2 2 0000
-148 -91 -3 -2 -278 399 -1 -1 -1 0000
-118 -82 -2 -1 -308 418 3 -2 2 0000
-222 -117 -4 -3 -320 446 -3 -2 -3 0000
-198 -143 -4 -2 -304 431 -1 -1 0 0000
-229 -164 -5 -3 -284 460 0 1 -2 0000
-172 -109 -3 -2 -317 410 0 -2 1 0000
-166 -79 -3 -2 -303 404 0 2 -1 0000
-188 -69 -4 -2 -311 451 1 1 1 0000
-28 -41 -1 0 -301 457 2 0 2 0000
23 -1 0 0 -285 480 0 -3 0 0000
172 71 3 2 -303 430 -5 2 -2 0000
416 279 8 5 -292 494 -4 2 -1 0000
702 419 14 8 -289 428 0 1 1 0000
1090 668 22 13 -297 463 2 1 -1 0000
1426 853 29 17 -287 434 -1 -2 -4 0000
1773 1085 35 21 -277 484 -3 -1 -1 0000
1823 1135 36 22 -265 441 -2 -1 -2 0001
1652 957 33 20 -255 470 -1 3 3 0000
1410 857 28 17 -277 463 3 -1 0 0000
1067 637 21 13 -268 450 0 -1 0 0000
612 378 12 7 -271 481 4 -2 -1 0000
306 197 6 4 -269 468 3 -2 0 0000
72 15 1 1 -261 487 -1 -1 -1 0000
-12 -15 0 0 -279 467 -3 -2 0 0000
-133 -78 -3 -2 -284 443 0 0 2 0000
-199 -127 -4 -2 -287 456 0 -1 1 0000
-251 -166 -5 -3 -241 496 4 -1 -2 0000
-212 -113 -4 -3 -251 505 3 0 1 0000
-202 -122 -4 -2 -259 466 0 -2 2 0000
-116 -63 -2 -1 -231 474 -5 0 2 0000
-51 -43 -1 -1 -216 480 2 -2 3 0000
-19 -17 0 0 -255 479 0 0 3 0000
45 57 1 1 -235 444 -2 0 1 0000
111 52 2 1 -220 478 -1 1 0 0000
115 72 2 1 -219 478 1 0 -1 0000
110 82 2 1 -205 508 1 2 1 0000
221 153 4 3 -212 475 3 0 1 0000
189 127 4 2 -190 490 -2 2 1 0000
184 125 4 2 -208 447 -1 -2 1 0000
208 141 4 2 -181 521 2 -4 6 0000
234 104 5 3 -190 500 -1 2 0 0000
236 142 5 3 -150 470 -1 -1 -3 0000
233 154 5 3 -166 485 0 -3 0 0000
287 161 6 3 -132 486 1 2 3 0000
278 141 6 3 -139 496 0 1 2 0000
276 180 6 3 -143 520 2 -2 2 0000
252 170 5 3 -108 471 2 -2 0 0000
304 187 6 4 -101 497 -1 -1 0 0000
345 184 7 4 -109 506 1 0 -2 0000
365 211 7 4 -112 446 -1 -2 1 0000
319 228 6 4 -67 509 0 -3 2 0000
414 288 8 5 -74 525 0 -5 1 0000
346 228 7 4 -65 504 -2 2 2 0000
370 243 7 4 -46 504 -1 -1 -1 0000
402 257 8 5 -28 492 0 1 -3 0000
417 218 8 5 -46 503 0 0 -1 0000
410 242 8 5 -26 535 0 -1 3 0000
398 246 8 5 6 476 0 1 0 0000
368 233 7 4 3 506 1 -1 -3 0000
392 235 8 5 42 467 2 0 2 0000
433 223 9 5 25 504 1 2 1 0000
437 276 9 5 66 526 2 -1 0 0000
433 277 9 5 77 516 -2 5 -2 0000
421 248 8 5 80 472 0 0 1 0000
420 239 8 5 90 530 0 -1 0 0000
419 220 8 5 119 526 -1 -1 2 0000
502 290 10 6 113 508 3 -1 -1 0000
405 199 8 5 113 481 2 0 -2 0000
366 257 7 4 118 493 2 0 -1 0000
420 238 8 5 150 472 0 4 0 0000
423 268 8 5 174 490 0 -2 -2 0000
394 228 8 5 177 515 4 -1 4 0000
355 203 7 4 177 518 -1 0 1 0000
300 167 6 4 205 508 -2 -2 -1 0000
358 212 7 4 172 514 2 0 0 0000
356 212 7 4 205 533 0 -2 -1 0000
273 175 5 3 214 529 1 -2 -2 0000
265 162 5 3 266 518 -1 -1 0 0000
262 172 5 3 265 511 2 0 1 0000
242 187 5 3 262 522 -2 1 1 0000
255 115 5 3 278 493 -2 0 -1 0000
184 141 4 2 279 512 -1 0 1 0000
234 163 5 3 293 510 -2 0 2 0000
206 106 4 2 249 480 0 0 1 0000
244 187 5 3 303 498 -2 -4 0 0000
160 108 3 2 322 506 -1 0 -1 0000
236 123 5 3 308 452 2 1 3 0000
163 115 3 2 293 484 -1 -1 -3 0000
160 89 3 2 268 461 1 -2 -3 0000
122 52 2 1 299 526 1 0 -1 0000
82 32 2 1 298 498 -1 0 -3 0000
81 49 2 1 300 547 0 2 -1 0000
122 114 2 1 295 489 1 -2 1 0000
109 96 2 1 268 482 -1 1 4 0000
141 101 3 2 292 455 0 2 1 0000
91 50 2 1 297 500 0 0 -1 0000
127 88 3 2 292 477 -2 -1 0 0000
133 111 3 2 274 473 2 -1 0 0000
84 44 2 1 258 486 1 0 1 0000
101 59 2 1 273 468 1 -5 1 0000
54 82 1 1 253 435 -3 2 3 0000
15 11 0 0 254 482 2 0 0 0000
52 -11 1 1 264 507 1 0 2 0000
49 21 1 1 226 502 3 2 -2 0000
16 -27 0 0 235 476 0 2 6 0000
45 54 1 1 207 478 1 -2 0 0000
91 88 2 1 229 462 3 2 0 0000
31 47 1 0 200 474 0 -2 3 0000
96 86 2 1 185 478 3 -1 -4 0000
10 -2 0 0 150 464 3 3 3 0000
-2 -20 0 0 162 496 2 1 -3 0000
-7 -17 0 0 142 456 2 -2 4 0000
46 10 1 1 151 464 -1 0 -4 0000
27 9 1 0 129 479 1 -1 1 0000
38 4 1 0 123 413 1 -3 -1 0000
62 74 1 1 115 452 -2 2 -2 0000
74 83 1 1 75 451 -2 -1 0 0000
18 -4 0 0 58 472 -4 0 0 0000
81 53 2 1 79 435 0 1 0 0000
27 11 1 0 43 442 1 1 1 0000
21 -16 0 0 61 431 -1 2 2 0000
-10 -25 0 0 6 445 0 4 -1 0000
-1 -7 0 0 33 474 3 -2 0 0000
27 20 1 0 34 418 2 -1 0 0000
37 -8 1 0 33 435 0 1 0 0000
1 -32 0 0 -8 472 -2 -1 2 0000
63 13 1 1 -20 427 -1 2 -1 0000
68 47 1 1 -39 405 3 3 2 0000
-28 -46 -1 0 -62 440 -1 -2 3 0000
8 8 0 0 -81 424 1 1 -1 0000
51 49 1 1 -99 407 1 -2 -2 0000
59 4 1 1 -89 450 0 2 -2 0000
36 2 1 0 -83 435 2 -1 2 0000
26 39 1 0 -129 446 -2 -3 3 0000
32 33 1 0 -124 415 2 1 -1 0000
43 30 1 1 -131 422 0 -3 2 0000
36 46 1 0 -142 444 -2 -1 1 0000
129 74 3 2 -157 399 1 1 -1 0000
7 17 0 0 -166 421 -2 -4 0 0000
10 56 0 0 -197 397 -2 -1 1 0000
50 47 1 1 -165 415 4 2 0 0000
64 42 1 1 -165 410 2 -1 -2 0000
33 54 1 0 -186 392 -1 -1 -1 0000
32 -3 1 0 -194 413 1 2 -4 0000
26 7 1 0 -206 415 2 -3 -5 0000
68 77 1 1 -236 398 0 1 1 0000
19 3 0 0 -194 402 1 2 -4 0000
21 33 0 0 -235 368 1 0 2 0000
65 61 1 1 -228 386 0 1 1 0000
66 38 1 1 -241 362 1 3 2 0000
21 8 0 0 -225 375 -3 0 1 0000
20 28 0 0 -228 351 2 2 1 0000
77 15 2 1 -246 374 -2 -2 -2 0000
71 48 1 1 -265 360 0 -2 -3 0000
66 60 1 1 -261 338 -2 2 2 0000
9 -22 0 0 -271 371 1 -2 -3 0000
-10 3 0 0 -254 332 -1 -1 -5 0000
60 10 1 1 -271 325 -1 3 0 0000
35 28 1 0 -275 358 0 -1 2 0000
69 42 1 1 -260 308 2 1 1 0000
-8 4 0 0 -295 351 1 2 -1 0000
87 59 2 1 -261 368 -3 -3 -1 0000
21 28 0 0 -265 358 0 2 1 0000
27 16 1 0 -298 352 2 1 -1 0000
39 14 1 0 -283 299 -2 0 3 0000
12 47 0 0 -250 350 4 2 3 0000
37 48 1 0 -253 330 1 -1 1 0000
12 33 0 0 -278 326 -3 -1 3 0000
38 34 1 0 -285 351 1 4 1 0000
5 4 0 0 -308 300 -2 -3 2 0000
8 62 0 0 -291 308 3 0 2 0000
56 54 1 1 -279 334 -3 0 0 0000
98 62 2 1 -286 302 2 1 0 0000
23 9 0 0 -303 333 -2 4 0 0000
11 -16 0 0 -291 301 0 1 0 0000
60 34 1 1 -292 293 -2 -3 2 0000
24 30 0 0 -259 311 -4 1 2 0000
52 36 1 1 -282 296 -3 -1 0 0000
-17 -25 0 0 -311 288 -2 -1 -1 0000
47 67 1 1 -261 289 -1 2 -1 0000
96 93 2 1 -270 253 0 -3 -3 0000
39 30 1 0 -292 263 -1 -1 1 0000
70 35 1 1 -311 276 0 -1 -4 0000
35 2 1 0 -310 278 -6 -3 -1 0000
62 46 1 1 -308 284 0 1 1 0000
21 17 0 0 -292 235 -2 -2 5 0000
20 63 0 0 -307 296 1 -2 -1 0000
45 32 1 1 -303 281 2 3 -2 0000
47 14 1 1 -303 249 -4 -2 -2 0000
69 42 1 1 -299 196 -1 -1 -1 0000
58 37 1 1 -307 259 1 -1 2 0000
5 13 0 0 -298 216 -2 -1 -3 0000
13 11 0 0 -310 237 2 -4 1 0000
7 8 0 0 -300 228 1 0 3 0000
19 -13 0 0 -301 251 0 -2 5 0000
-63 -5 -1 -1 -306 234 1 3 2 0000
-18 -71 0 0 -314 200 0 -4 -3 0000
-79 -58 -2 -1 -310 216 0 -1 1 0000
-114 -88 -2 -1 -290 220 0 -2 -2 0000
-132 -106 -3 -2 -296 267 -2 1 -1 0000
-188 -100 -4 -2 -294 230 3 1 -2 0000
-228 -143 -5 -3 -291 227 0 -2 0 0000
-235 -128 -5 -3 -309 208 -3 -1 1 0000
-220 -163 -4 -3 -309 200 0 -2 1 0000
-168 -91 -3 -2 -299 214 1 1 -2 0000
-174 -59 -3 -2 -319 191 -2 0 -1 0000
-100 -69 -2 -1 -322 182 3 0 1 0000
70 22 1 1 -314 184 -1 1 -2 0000
180 104 4 2 -291 215 3 1 4 0000
423 266 8 5 -267 192 -3 5 -2 0000
815 490 16 10 -267 187 -1 -3 -1 0000
1103 635 22 13 -295 186 5 -3 -5 0000
1462 887 29 18 -300 173 4 0 1 0000
1755 1045 35 21 -288 153 1 -1 1 0000
1860 1136 37 22 -273 140 -2 0 0 0001
1755 1044 35 21 -276 129 0 0 -1 0000
1538 930 31 18 -279 152 -3 -2 -2 0000
1149 679 23 14 -280 153 -2 0 -1 0000
743 409 15 9 -259 165 0 -1 2 0000
341 198 7 4 -268 135 -2 0 -1 0000
125 87 3 2 -261 119 4 2 1 0000
-93 -62 -2 -1 -250 139 -5 -1 -2 0000
-173 -119 -3 -2 -285 144 -2 0 -1 0000
-175 -90 -4 -2 -247 91 0 -3 -2 0000
-185 -67 -4 -2 -243 119 2 3 0 0000
-219 -135 -4 -3 -259 83 3 -2 0 0000
-168 -97 -3 -2 -255 124 2 1 -1 0000
-63 7 -1 -1 -243 92 -3 -3 1 0000
-56 -33 -1 -1 -224 64 -3 0 -2 0000
33 3 1 0 -260 81 -2 1 -1 0000
61 -1 1 1 -225 75 0 1 -1 0000
79 38 2 1 -212 94 0 -1 2 0000
100 79 2 1 -212 70 -3 -1 2 0000
166 91 3 2 -217 90 1 2 0 0000
155 84 3 2 -199 44 0 2 -2 0000
190 135 4 2 -177 32 1 -1 0 0000
218 109 4 3 -185 102 0 -2 0 0000
221 99 4 3 -157 71 -3 2 -1 0000
208 128 4 2 -200 43 -2 -2 0 0000
218 121 4 3 -178 42 2 0 1 0000
273 174 5 3 -174 80 2 4 5 0000
297 136 6 4 -163 74 0 1 -1 0000
300 166 6 4 -134 15 -2 1 2 0000
320 213 6 4 -118 40 2 1 -2 0000
284 146 6 3 -98 52 0 4 4 0000
322 202 6 4 -102 26 1 -2 -1 0000
366 225 7 4 -86 20 -5 -1 1 0000
398 205 8 5 -112 29 -4 -2 3 0000
339 224 7 4 -68 43 -1 1 0 0000
328 204 7 4 -82 39 2 -3 0 0000
392 245 8 5 -67 -2 1 1 1 0000
409 240 8 5 -45 2 0 2 -3 0000
433 253 9 5 -40 0 2 2 1 0000
457 289 9 5 -50 -10 -5 -2 -2 0000
419 298 8 5 1 13 -4 -1 2 0000
385 215 8 5 1 -5 1 3 1 0000
382 242 8 5 5 -21 -2 1 7 0000
383 253 8 5 36 -43 -3 0 -2 0000
434 297 9 5 28 -9 3 -2 1 0000
448 268 9 5 44 -31 0 0 -1 0000
416 260 8 5 67 -57 2 -1 -1 0000
473 265 9 6 101 -46 1 1 1 0000
447 281 9 5 90 -13 -2 0 1 0000
419 252 8 5 85 -26 -2 -3 -1 0000
441 300 9 5 89 -72 1 -2 0 0000
428 261 9 5 128 -79 -5 2 1 0000
396 239 8 5 143 -53 -1 -2 -2 0000
413 232 8 5 178 -64 3 1 -1 0000
428 241 9 5 146 -62 1 0 -1 0000
403 266 8 5 177 -57 1 -1 0 0000
386 238 8 5 180 -136 0 -1 1 0000
341 248 7 4 190 -86 -3 0 -1 0000
350 198 7 4 227 -85 -2 -1 -1 0000
300 132 6 4 238 -79 6 2 -3 0000
330 228 7 4 210 -83 3 5 -1 0000
293 206 6 4 252 -64 3 -1 -1 0000
268 158 5 3 232 -113 3 3 0 0000
252 118 5 3 250 -86 -1 -1 -2 0000
267 157 5 3 270 -109 0 1 -1 0000
246 140 5 3 253 -110 -1 -1 0 0000
213 123 4 3 274 -101 2 -1 -1 0000
228 129 5 3 275 -120 1 2 2 0000
265 160 5 3 295 -129 0 -5 2 0000
254 167 5 3 287 -158 -3 0 1 0000
167 117 3 2 277 -148 -1 1 -1 0000
158 82 3 2 280 -167 -2 -1 -1 0000
169 100 3 2 294 -142 4 2 2 0000
146 91 3 2 291 -151 -2 -1 0 0000
200 69 4 2 292 -139 2 -2 -1 0000
152 121 3 2 317 -184 0 1 2 0000
145 62 3 2 295 -193 1 2 0 0000
137 104 3 2 287 -215 -3 -2 0 0000
103 58 2 1 314 -162 1 -2 1 0000
129 108 3 2 263 -183 -1 -5 0 0000
57 84 1 1 274 -185 1 -2 1 0000
91 55 2 1 278 -162 -1 0 3 0000
126 64 3 2 252 -168 -4 0 1 0000
26 24 1 0 269 -210 -3 -2 0 0000
45 44 1 1 255 -170 1 3 1 0000
38 49 1 0 226 -244 -2 0 -3 0000
89 21 2 1 232 -195 3 -2 0 0000
63 36 1 1 207 -190 0 3 -1 0000
53 30 1 1 242 -216 0 -1 0 0000
80 46 2 1 209 -236 2 0 2 0000
1 3 0 0 229 -209 -2 4 2 0000
81 25 2 1 217 -224 -1 -2 2 0000
36 47 1 0 222 -266 1 4 -1 0000
60 7 1 1 189 -223 0 -2 1 0000
78 66 2 1 192 -216 2 -2 1 0000
27 45 1 0 146 -239 1 3 3 0000
97 50 2 1 135 -250 4 0 -1 0000
39 16 1 0 121 -244 1 0 1 0000
68 44 1 1 100 -238 -3 1 -2 0000
-6 16 0 0 109 -268 -2 0 0 0000
16 12 0 0 102 -235 3 -1 -1 0000
39 41 1 0 86 -237 3 -1 -2 0000
69 53 1 1 61 -232 0 3 5 0000
44 56 1 1 27 -245 -1 0 2 0000
-2 2 0 0 41 -257 -3 -1 3 0000
57 36 1 1 33 -269 0 0 2 0000
47 7 1 1 -4 -245 -1 -1 2 0000
70 25 1 1 -14 -300 -1 1 0 0000
36 -1 1 0 -25 -285 2 1 -2 0000
105 54 2 1 -23 -274 3 0 2 0000
6 40 0 0 -27 -260 1 -1 -1 0000
57 36 1 1 -29 -290 -3 -1 -1 0000
87 54 2 1 -42 -287 -1 -1 -1 0000
25 9 1 0 -98 -317 0 -1 2 0000
58 39 1 1 -85 -291 0 1 1 0000
50 34 1 1 -87 -293 3 1 1 0000
27 14 1 0 -100 -319 0 -2 3 0000
89 49 2 1 -92 -310 0 2 -2 0000
31 -8 1 0 -142 -337 0 -3 -2 0000
15 10 0 0 -107 -325 3 1 -4 0000
-18 2 0 0 -139 -297 -5 -3 3 0000
66 8 1 1 -128 -340 3 -1 -2 0000
2 -4 0 0 -185 -309 0 1 1 0000
56 58 1 1 -166 -346 -1 -2 -3 0000
52 51 1 1 -178 -341 -3 -3 0 0000
-34 -41 -1 0 -189 -347 1 2 -1 0000
43 21 1 1 -197 -343 -2 1 -2 0000
42 40 1 0 -207 -333 2 1 -5 0000
63 31 1 1 -196 -385 -3 -7 1 0000
12 -7 0 0 -218 -373 -1 0 -2 0000
77 55 2 1 -249 -372 2 2 0 0000
71 24 1 1 -231 -355 0 0 -4 0000
110 73 2 1 -219 -349 -1 -2 1 0000
83 53 2 1 -212 -341 -1 1 2 0000
14 21 0 0 -220 -321 -1 3 4 0000
42 22 1 0 -234 -360 2 1 -2 0000
23 40 0 0 -247 -423 1 2 -1 0000
-4 -10 0 0 -247 -361 2 -2 1 0000
-16 -8 0 0 -269 -335 1 0 -2 0000
39 32 1 0 -259 -401 -1 1 2 0000
4 15 0 0 -251 -395 -1 -4 1 0000
50 1 1 1 -283 -383 -1 0 3 0000
64 22 1 1 -267 -408 -2 2 1 0000
77 80 2 1 -291 -377 2 -2 0 0000
32 13 1 0 -279 -376 -1 1 -3 0000
73 38 1 1 -263 -385 1 -2 1 0000
74 33 1 1 -273 -372 2 -5 0 0000
51 10 1 1 -276 -396 0 1 3 0000
24 18 0 0 -261 -435 0 2 -1 0000
69 25 1 1 -288 -419 0 3 3 0000
-16 -3 0 0 -261 -402 1 -1 0 0000
80 47 2 1 -260 -385 -1 -4 0 0000
77 24 2 1 -290 -396 3 1 -1 0000
37 8 1 0 -308 -421 -2 -2 -2 0000
48 64 1 1 -319 -443 0 1 2 0000
-12 -4 0 0 -293 -405 -2 -1 -2 0000
20 7 0 0 -296 -421 2 -5 0 0000
27 33 1 0 -288 -428 -1 0 0 0000
96 68 2 1 -285 -451 1 0 0 0000
-5 17 0 0 -283 -406 2 -2 1 0000
11 -28 0 0 -295 -425 2 1 3 0000
48 41 1 1 -284 -425 1 -1 2 0000
48 31 1 1 -302 -400 0 0 -1 0000
34 34 1 0 -266 -398 -3 3 -1 0000
42 73 1 1 -324 -446 0 -1 3 0000
64 36 1 1 -291 -439 0 -1 -1 0000
31 -48 1 0 -290 -450 -2 -1 1 0000
73 15 1 1 -304 -400 4 -1 -1 0000
64 43 1 1 -279 -424 0 0 1 0000
93 97 2 1 -305 -426 2 -4 -1 0000
33 24 1 0 -289 -496 -1 1 -3 0000
9 0 0 0 -289 -453 -1 0 -4 0000
47 49 1 1 -298 -476 1 0 1 0000
67 -8 1 1 -295 -481 4 1 5 0000
80 42 2 1 -297 -456 3 -2 -1 0000
94 106 2 1 -314 -460 0 1 3 0000
-28 -29 -1 0 -324 -427 1 -1 -1 0000
10 19 0 0 -289 -470 -1 0 -1 0000
47 -3 1 1 -308 -440 2 -1 0 0000
-42 -45 -1 0 -321 -458 -1 1 3 0000
-50 -60 -1 -1 -306 -447 -5 1 -2 0000
-109 -61 -2 -1 -302 -508 -1 -4 3 0000
-134 -77 -3 -2 -309 -463 -1 -1 1 0000
-167 -84 -3 -2 -313 -463 -2 -1 2 0000
-202 -111 -4 -2 -297 -471 1 3 -3 0000
-182 -98 -4 -2 -298 -442 1 3 -1 0000
-269 -172 -5 -3 -290 -465 0 2 -1 0000
-196 -134 -4 -2 -297 -501 -1 -1 0 0000
-125 -59 -2 -1 -306 -463 -2 -3 1 0000
-164 -114 -3 -2 -300 -523 3 -5 -3 0000
-39 17 -1 0 -297 -500 0 3 -3 0000
17 8 0 0 -297 -502 -1 0 1 0000
202 109 4 2 -286 -500 2 2 2 0000
449 246 9 5 -337 -476 -1 -2 -1 0000
786 489 16 9 -277 -537 -3 -1 -1 0000
1131 685 23 14 -289 -481 -1 3 2 0000
1461 864 29 18 -288 -449 -3 1 -1 0000
1770 1073 35 21 -271 -499 1 -1 0 0000
1795 1068 36 22 -264 -470 -2 2 0 0001
1762 1045 35 21 -282 -485 0 0 0 0000
1436 835 29 17 -298 -497 1 0 -1 0000
1060 620 21 13 -295 -504 -2 2 3 0000
718 392 14 9 -279 -496 -1 -2 1 0000
326 197 7 4 -272 -489 -1 2 1 0000
121 49 2 1 -273 -522 -2 2 0 0000
-48 -32 -1 -1 -233 -521 -1 -3 1 0000
-157 -93 -3 -2 -252 -515 4 -2 2 0000
-169 -104 -3 -2 -275 -491 -2 1 -1 0000
-187 -82 -4 -2 -222 -539 2 -2 -1 0000
-163 -140 -3 -2 -271 -524 5 -1 -1 0000
-96 -55 -2 -1 -256 -518 -2 -1 0 0000
-106 -65 -2 -1 -263 -506 1 0 2 0000
11 -22 0 0 -234 -504 -3 -1 1 0000
-50 -14 -1 -1 -239 -532 0 -5 1 0000
3 10 0 0 -223 -471 2 -1 0 0000
67 60 1 1 -230 -516 1 -3 1 0000
124 73 2 1 -219 -502 -3 3 1 0000
157 73 3 2 -208 -481 -3 -1 -2 0000
231 124 5 3 -231 -507 -1 -1 1 0000
186 102 4 2 -197 -520 3 1 2 0000
247 141 5 3 -189 -504 0 2 0 0000
236 177 5 3 -173 -487 0 2 1 0000
271 199 5 3 -172 -485 1 -2 0 0000
292 194 6 4 -162 -513 3 1 3 0000
217 140 4 3 -157 -492 1 2 -3 0000
304 175 6 4 -138 -508 1 -1 -3 0000
285 152 6 3 -134 -498 -2 1 1 0000
298 175 6 4 -125 -466 2 -1 -1 0000
293 221 6 4 -133 -516 1 1 -3 0000
328 169 7 4 -89 -496 -1 1 -1 0000
311 183 6 4 -100 -496 1 -3 1 0000
338 220 7 4 -74 -505 -2 -1 2 0000
375 206 7 4 -98 -468 0 -2 2 0000
378 238 8 5 -64 -514 2 0 -1 0000
418 247 8 5 -73 -489 2 -2 -1 0000
338 192 7 4 -14 -496 0 -2 0 0000
439 282 9 5 -34 -547 -1 -1 0 0000
435 266 9 5 -20 -486 1 -1 -2 0000
389 256 8 5 -46 -486 1 -1 -1 0000
419 256 8 5 -31 -497 -1 1 1 0000
428 243 9 5 14 -492 1 0 0 0000
440 285 9 5 20 -529 -3 -1 0 0000
410 282 8 5 45 -486 0 5 -1 0000
407 265 8 5 59 -459 -1 5 0 0000
496 297 10 6 74 -488 3 -2 0 0000
413 275 8 5 91 -478 1 -2 2 0000
412 253 8 5 98 -469 3 0 1 0000
435 268 9 5 107 -464 -2 1 4 0000
459 265 9 6 128 -491 0 0 -1 0000
393 221 8 5 124 -475 -1 -2 3 0000
423 235 8 5 150 -490 0 2 -1 0000
442 261 9 5 161 -481 -2 -1 1 0000
401 260 8 5 137 -494 -3 1 1 0000
380 194 8 5 180 -478 2 -1 0 0000
386 228 8 5 185 -456 -1 0 -3 0000
367 225 7 4 175 -513 4 -2 0 0000
321 216 6 4 222 -478 -1 0 0 0000
349 168 7 4 217 -484 1 1 0 0000
300 177 6 4 225 -461 -1 2 1 0000
371 232 7 4 230 -485 -1 4 1 0000
273 137 5 3 229 -453 -1 -1 -1 0000
335 203 7 4 263 -481 -1 5 -1 0000
286 169 6 3 277 -446 -1 -2 0 0000
277 165 6 3 287 -478 -2 -1 -1 0000
247 147 5 3 286 -453 1 3 0 0000
192 109 4 2 284 -440 1 0 -3 0000
220 105 4 3 294 -520 1 -2 3 0000
202 136 4 2 299 -474 1 0 -2 0000
268 200 5 3 313 -468 2 -2 0 0000
197 138 4 2 284 -468 -1 2 1 0000
171 91 3 2 285 -482 -1 -2 -3 0000
166 76 3 2 302 -470 2 1 1 0000
216 141 4 3 272 -420 -2 1 1 0000
96 52 2 1 307 -449 -3 0 -2 0000
133 57 3 2 295 -435 1 2 -2 0000
131 72 3 2 334 -453 1 2 4 0000
127 82 3 2 270 -461 1 0 -4 0000
153 118 3 2 303 -417 -1 -1 5 0000
83 22 2 1 304 -448 1 2 -1 0000
37 10 1 0 299 -442 6 1 -3 0000
77 73 2 1 275 -447 0 -1 -2 0000
64 30 1 1 276 -418 -3 1 -1 0000
25 6 1 0 251 -456 0 -5 2 0000
84 10 2 1 247 -445 -2 1 1 0000
78 31 2 1 237 -448 0 2 -1 0000
42 41 1 1 249 -418 1 -2 -1 0000
132 72 3 2 270 -435 0 0 2 0000
109 54 2 1 225 -407 0 -2 0 0000
43 35 1 1 219 -432 1 -3 0 0000
100 81 2 1 188 -426 -4 5 1 0000
23 -46 0 0 192 -419 1 0 2 0000
61 48 1 1 181 -392 -1 -1 0 0000
123 113 2 1 190 -452 1 1 -1 0000
81 35 2 1 131 -385 -2 -2 -2 0000
40 6 1 0 130 -431 0 2 0 0000
-14 -19 0 0 113 -426 -1 -2 0 0000
72 37 1 1 118 -413 2 0 -1 0000
24 5 0 0 78 -402 -2 2 4 0000
99 61 2 1 115 -371 3 2 -2 0000
88 -9 2 1 82 -415 1 0 -1 0000
58 50 1 1 52 -401 0 -1 3 0000
90 65 2 1 67 -404 -2 2 5 0000
1 10 0 0 29 -394 0 -2 1 0000
112 60 2 1 34 -390 1 1 2 0000
95 65 2 1 6 -405 0 1 0 0000
83 68 2 1 10 -363 -3 -1 -1 0000
60 35 1 1 -33 -365 0 0 0 0000
22 6 0 0 -32 -393 1 0 2 0000
31 -9 1 0 -35 -399 2 0 0 0000
34 15 1 0 -51 -383 -1 0 3 0000
86 60 2 1 -53 -361 -2 2 0 0000
-12 4 0 0 -49 -363 3 -2 2 0000
36 14 1 0 -101 -338 -2 -2 1 0000
62 86 1 1 -123 -361 -2 -2 4 0000
-5 -1 0 0 -112 -333 0 -1 0 0000
30 25 1 0 -99 -331 3 1 -3 0000
93 85 2 1 -105 -363 2 1 -1 0000
51 14 1 1 -131 -321 -2 2 3 0000
79 59 2 1 -147 -374 2 -4 -1 0000
43 29 1 1 -162 -341 -3 -1 0 0000
73 50 1 1 -150 -326 0 1 3 0000
62 51 1 1 -165 -330 -4 2 -1 0000
78 83 2 1 -191 -331 1 -1 -2 0000
47 -1 1 1 -176 -332 4 -2 -1 0000
15 0 0 0 -167 -330 -1 1 1 0000
5 -7 0 0 -168 -339 2 2 0 0000
69 36 1 1 -210 -339 -3 -2 0 0000
33 45 1 0 -206 -314 -4 -3 3 0000
21 16 0 0 -213 -328 -2 0 0 0000
66 39 1 1 -236 -312 -2 -2 1 0000
58 45 1 1 -254 -321 -1 2 4 0000
11 -9 0 0 -256 -345 1 -2 0 0000
-5 3 0 0 -239 -320 0 1 -1 0000
2 -18 0 0 -249 -290 -2 0 -3 0000
91 45 2 1 -230 -286 2 -3 2 0000
60 19 1 1 -234 -303 3 0 0 0000
38 32 1 0 -291 -255 1 0 1 0000
62 26 1 1 -241 -277 0 -1 0 0000
43 67 1 1 -265 -295 -1 3 -3 0000
1 -8 0 0 -259 -264 2 -1 0 0000
72 44 1 1 -265 -264 0 -2 3 0000
74 19 1 1 -306 -245 1 3 -4 0000
6 29 0 0 -261 -227 -3 -1 -2 0000
88 102 2 1 -284 -268 6 1 -2 0000
42 18 1 1 -285 -287 -1 0 -1 0000
23 39 0 0 -265 -263 2 -1 2 0000
144 104 3 2 -293 -255 -3 2 4 0000
41 -6 1 0 -275 -239 2 0 1 0000
-5 7 0 0 -285 -252 0 1 0 0000
49 12 1 1 -238 -258 -2 3 -1 0000
65 75 1 1 -264 -245 -3 0 1 0000
80 57 2 1 -312 -261 3 3 -2 0000
58 35 1 1 -264 -241 4 -4 0 0000
43 32 1 1 -275 -252 2 -4 1 0000
29 10 1 0 -293 -216 1 1 -2 0000
65 -3 1 1 -296 -226 -3 0 1 0000
26 81 1 0 -319 -202 0 3 1 0000
74 49 1 1 -283 -200 -3 -2 -2 0000
35 36 1 0 -287 -209 -1 -1 0 0000
-16 14 0 0 -302 -191 -4 -2 4 0000
71 17 1 1 -295 -239 -1 -3 1 0000
38 31 1 0 -315 -183 0 0 3 0000
47 43 1 1 -304 -162 1 1 1 0000
95 45 2 1 -288 -208 1 1 0 0000
41 41 1 0 -295 -159 -4 0 2 0000
54 24 1 1 -298 -179 -1 -5 0 0000
51 -11 1 1 -273 -185 -1 -2 -1 0000
93 65 2 1 -266 -174 -2 1 -1 0000
37 42 1 0 -288 -199 0 -1 -2 0000
23 -43 0 0 -306 -185 -1 1 1 0000
24 44 0 0 -317 -130 0 -2 0 0000
-17 16 0 0 -308 -157 0 1 0 0000
-12 -4 0 0 -307 -164 -2 4 -3 0000
80 36 2 1 -310 -160 0 0 1 0000
35 72 1 0 -264 -153 3 1 0 0000
30 5 1 0 -284 -124 2 3 -3 0000
21 37 0 0 -286 -149 4 0 -1 0000
30 2 1 0 -294 -138 1 -4 1 0000
-42 -27 -1 -1 -308 -127 1 -3 -3 0000
-72 -15 -1 -1 -297 -137 1 -2 -1 0000
-75 -52 -2 -1 -291 -98 -2 2 -1 0000
-106 -53 -2 -1 -306 -91 -2 3 1 0000
-142 -98 -3 -2 -302 -114 0 -1 -1 0000
-228 -108 -5 -3 -306 -118 -2 1 0 0000
-194 -122 -4 -2 -286 -100 0 -4 -1 0000
-203 -127 -4 -2 -304 -96 -2 0 4 0000
-176 -106 -4 -2 -310 -97 1 2 -2 0000
-109 -53 -2 -1 -301 -74 -2 3 0 0000
-2 -25 0 0 -316 -92 -1 6 -3 0000
6 11 0 0 -319 -63 0 1 -2 0000
192 110 4 2 -311 -84 -3 -1 1 0000
449 281 9 5 -321 -53 0 1 1 0000
751 471 15 9 -296 -91 2 0 5 0000
1155 720 23 14 -294 -108 4 1 0 0000
1482 885 30 18 -290 -67 2 1 -2 0000
1738 1046 35 21 -257 -87 1 2 -2 0000
1891 1113 38 23 -293 -48 2 -2 -1 0001
1773 1040 35 21 -273 -74 -2 4 -1 0000
1440 865 29 17 -271 -57 1 3 -5 0000
1047 615 21 13 -282 -26 -1 -2 0 0000
727 456 15 9 -259 -37 -2 -2 2 0000
465 296 9 6 -287 -17 1 -3 -3 0000
133 71 3 2 -278 27 3 1 2 0000
-59 -23 -1 -1 -295 -20 -5 0 -1 0000
-150 -93 -3 -2 -243 3 1 2 -2 0000
-209 -120 -4 -3 -301 -1 1 -1 0 0000
-196 -129 -4 -2 -258 5 1 -1 1 0000
-145 -100 -3 -2 -248 -45 -2 0 -1 0000
-133 -114 -3 -2 -241 18 -1 -1 3 0000
-66 -15 -1 -1 -233 -7 -2 0 0 0000
-8 -9 0 0 -246 -11 0 2 -2 0000
17 25 0 0 -236 -7 0 1 2 0000
70 45 1 1 -225 5 -1 2 4 0000
73 51 1 1 -239 13 -1 -1 -3 0000
157 109 3 2 -242 25 2 -1 2 0000
167 54 3 2 -207 1 0 2 0 0000
164 85 3 2 -188 37 1 -2 0 0000
195 132 4 2 -205 41 2 1 2 0000
227 114 5 3 -193 49 2 -1 1 0000
308 199 6 4 -178 35 0 0 2 0000
288 132 6 3 -162 64 -1 1 -1 0000
236 153 5 3 -147 53 2 1 -2 0000
296 171 6 4 -148 66 0 2 2 0000
264 134 5 3 -162 19 -2 4 -1 0000
321 179 6 4 -142 48 1 0 0 0000
280 142 6 3 -137 112 2 -1 -1 0000
288 194 6 3 -104 54 0 -2 0 0000
349 224 7 4 -138 57 4 2 0 0000
384 242 8 5 -95 81 1 1 -3 0000
340 220 7 4 -91 115 0 -1 0 0000
408 246 8 5 -78 108 0 0 1 0000
428 256 9 5 -68 101 1 -2 -2 0000
421 256 8 5 -69 112 -1 -2 0 0000
444 224 9 5 -51 108 -2 -1 0 0000
422 274 8 5 -37 106 -3 -2 -3 0000
479 289 10 6 -40 104 0 3 -1 0000
461 263 9 6 -8 94 -2 1 5 0000
445 257 9 5 3 116 -1 -1 0 0000
425 249 8 5 16 101 -1 -1 1 0000
451 243 9 5 25 90 -3 4 3 0000
484 284 10 6 37 131 -1 -1 5 0000
468 227 9 6 35 139 -1 3 2 0000
427 246 9 5 67 129 2 -5 -1 0000
421 275 8 5 67 127 -4 -1 2 0000
459 276 9 6 94 132 0 1 1 0000
409 270 8 5 107 121 1 -2 1 0000
474 285 9 6 117 178 -1 0 1 0000
425 236 9 5 136 142 4 3 0 0000
425 252 8 5 119 124 1 0 -1 0000
345 184 7 4 136 181 -1 0 -1 0000
441 257 9 5 156 150 -1 0 2 0000
380 244 8 5 151 184 -3 3 -3 0000
405 239 8 5 173 219 1 2 2 0000
307 193 6 4 156 155 1 0 -1 0000
373 237 7 4 228 166 -3 4 3 0000
355 224 7 4 251 213 1 1 -2 0000
283 163 6 3 259 164 4 -3 -1 0000
323 183 6 4 238 184 -5 -1 0 0000
266 143 5 3 225 186 3 -1 -3 0000
265 164 5 3 248 177 0 -4 0 0000
296 157 6 4 282 223 -1 0 -3 0000
261 181 5 3 284 243 1 2 1 0000
243 156 5 3 276 210 -2 -2 2 0000
216 176 4 3 283 262 0 -1 -4 0000
165 93 3 2 306 245 0 -2 2 0000
225 167 4 3 283 220 -1 0 0 0000
129 68 3 2 283 247 1 -2 1 0000
221 138 4 3 319 234 1 4 -2 0000
183 138 4 2 267 237 -1 1 -3 0000
171 130 3 2 279 248 3 -2 -2 0000
144 120 3 2 299 254 1 -2 1 0000
84 1 2 1 298 234 1 2 -2 0000
154 99 3 2 290 228 2 0 1 0000
140 138 3 2 292 281 0 0 -1 0000
111 80 2 1 276 237 1 4 1 0000
124 60 2 1 302 257 0 1 4 0000
133 61 3 2 268 256 -3 2 0 0000
117 72 2 1 305 271 -1 0 1 0000
117 78 2 1 294 293 -3 -3 -4 0000
107 78 2 1 262 259 -1 0 2 0000
68 15 1 1 230 282 1 2 -1 0000
141 63 3 2 257 294 0 4 1 0000
95 54 2 1 253 305 0 3 4 0000
86 39 2 1 237 306 -1 -4 -3 0000
62 64 1 1 249 295 -1 0 -1 0000
18 76 0 0 221 306 1 -2 0 0000
59 15 1 1 179 295 -1 0 0 0000
50 66 1 1 170 285 6 3 -2 0000
2 -26 0 0 196 285 0 1 -1 0000
84 77 2 1 175 296 2 0 1 0000
57 76 1 1 144 307 0 -3 1 0000
98 60 2 1 160 350 0 0 2 0000
52 38 1 1 131 323 -4 0 -4 0000
100 69 2 1 135 324 -1 5 2 0000
19 17 0 0 144 314 0 2 -1 0000
21 -3 0 0 110 357 -2 0 2 0000
43 14 1 1 83 323 1 4 1 0000
85 45 2 1 84 359 -3 -1 -1 0000
7 3 0 0 43 331 2 1 2 0000
104 64 2 1 77 299 2 -1 3 0000
68 53 1 1 29 352 -2 3 3 0000
67 35 1 1 43 348 0 6 0 0000
26 11 1 0 8 358 1 0 2 0000
55 20 1 1 10 355 2 2 3 0000
28 -4 1 0 0 374 -3 3 -1 0000
44 4 1 1 -28 371 -1 2 1 0000
40 35 1 0 -53 385 -3 -2 2 0000
75 28 2 1 -44 367 -1 1 4 0000
38 41 1 0 -70 393 3 0 -2 0000
31 -4 1 0 -67 341 1 1 1 0000
49 34 1 1 -61 364 -1 0 -1 0000
67 11 1 1 -73 395 5 3 2 0000
75 62 1 1 -85 385 -4 -2 2 0000
69 43 1 1 -140 368 -2 -1 -1 0000
88 10 2 1 -139 357 0 4 -3 0000
74 37 1 1 -128 405 -2 -1 -3 0000
-1 -1 0 0 -145 431 -3 0 -1 0000
92 30 2 1 -147 381 -2 -2 0 0000
79 66 2 1 -183 380 -1 1 1 0000
34 -7 1 0 -172 400 -1 1 1 0000
89 56 2 1 -171 394 1 0 1 0000
1 -2 0 0 -173 422 2 0 5 0000
50 32 1 1 -191 420 -3 0 -2 0000
100 60 2 1 -190 418 1 -3 -1 0000
69 61 1 1 -221 431 -2 2 -1 0000
65 56 1 1 -202 428 -1 4 1 0000
-8 25 0 0 -220 444 0 -1 1 0000
11 26 0 0 -215 450 1 0 0 0000
23 -4 0 0 -222 387 2 -2 -1 0000
32 3 1 0 -222 413 1 2 -4 0000
99 79 2 1 -248 402 1 1 0 0000
45 -21 1 1 -240 400 -4 3 2 0000
29 37 1 0 -242 443 -1 -1 1 0000
45 23 1 1 -225 467 -2 -4 1 0000
87 34 2 1 -262 450 1 -1 4 0000
61 52 1 1 -266 456 -2 2 2 0000
38 44 1 0 -269 420 2 2 1 0000
-17 0 0 0 -279 426 -2 4 2 0000
71 53 1 1 -283 447 0 0 1 0000
39 15 1 0 -271 440 3 -3 1 0000
57 51 1 1 -294 452 -4 -1 -2 0000
45 12 1 1 -293 451 0 0 0 0000
43 29 1 1 -269 445 1 0 0 0000
63 44 1 1 -261 435 0 -4 -3 0000
57 17 1 1 -300 439 -2 -5 1 0000
50 38 1 1 -265 462 -2 1 1 0000
103 60 2 1 -279 463 -2 2 3 0000
20 3 0 0 -292 490 -1 -2 -5 0000
64 52 1 1 -275 487 1 -3 0 0000
61 5 1 1 -310 446 -1 -1 -1 0000
30 24 1 0 -269 438 2 1 0 0000
0 -13 0 0 -305 448 1 3 0 0000
62 24 1 1 -300 458 1 1 -3 0000
69 28 1 1 -304 498 0 2 0 0000
71 50 1 1 -306 448 -2 -1 -3 0000
57 4 1 1 -308 471 -2 1 2 0000
61 32 1 1 -304 455 -1 3 -3 0000
49 43 1 1 -305 497 2 1 -2 0000
41 65 1 0 -273 478 -1 -2 -1 0000
72 46 1 1 -303 484 1 -3 1 0000
62 59 1 1 -293 515 1 -2 -3 0000
110 34 2 1 -285 472 3 3 0 0000
42 26 1 1 -301 498 0 -2 1 0000
12 3 0 0 -288 467 1 -2 -3 0000
35 52 1 0 -280 472 -1 -2 -2 0000
58 43 1 1 -305 470 -3 2 -3 0000
72 49 1 1 -320 475 1 0 -2 0000
53 71 1 1 -289 491 -5 -3 -2 0000
62 -4 1 1 -310 503 -2 -3 1 0000
58 19 1 1 -286 488 -1 -3 2 0000
73 56 1 1 -279 482 -1 1 1 0000
101 74 2 1 -329 474 0 0 -1 0000
75 41 2 1 -286 500 0 0 -1 0000
45 5 1 1 -305 476 -1 1 -5 0000
26 14 1 0 -289 481 5 -1 -2 0000
-35 -29 -1 0 -310 485 0 -2 2 0000
-12 8 0 0 -300 473 1 -5 -2 0000
-105 -85 -2 -1 -295 521 3 2 -1 0000
-116 -62 -2 -1 -298 486 -1 -3 0 0000
-75 -36 -2 -1 -271 566 3 -7 1 0000
-184 -140 -4 -2 -311 473 -2 -1 2 0000
-175 -143 -3 -2 -304 479 -1 3 -1 0000
-181 -108 -4 -2 -300 488 0 0 -1 0000
-201 -127 -4 -2 -310 520 2 -2 -2 0000
-179 -90 -4 -2 -285 484 -2 -1 -2 0000
-88 -69 -2 -1 -277 529 5 1 0 0000
10 32 0 0 -293 471 0 2 -1 0000
65 26 1 1 -294 456 -1 0 2 0000
194 102 4 2 -291 517 0 1 -4 0000
453 239 9 5 -281 521 3 -1 1 0000
700 398 14 8 -292 521 0 -4 1 0000
1110 631 22 13 -282 488 0 1 2 0000
1525 925 30 18 -302 483 -2 1 -1 0000
1712 1047 34 21 -303 517 -4 -4 0 0000
1854 1109 37 22 -305 528 3 0 1 0001
1810 1116 36 22 -294 470 1 3 -2 0000
1440 901 29 17 -252 520 1 0 -3 0000
1084 627 22 13 -298 496 -2 4 2 0000
718 427 14 9 -258 504 1 2 -4 0000
429 231 9 5 -291 493 -1 -4 0 0000
135 113 3 2 -281 489 0 1 -3 0000
-44 -59 -1 -1 -280 498 2 -4 2 0000
-123 -70 -2 -1 -262 528 -2 -2 -1 0000
-184 -103 -4 -2 -244 514 0 1 -1 0000
-173 -103 -3 -2 -275 500 -2 0 0 0000
-176 -147 -4 -2 -275 482 0 -2 1 0000
-147 -89 -3 -2 -259 510 -3 1 3 0000
-130 -66 -3 -2 -245 503 2 1 -2 0000
11 40 0 0 -263 500 1 -3 0 0000
-16 9 0 0 -266 452 -2 0 3 0000
7 -5 0 0 -225 465 1 1 0 0000
88 90 2 1 -238 485 0 0 0 0000
108 44 2 1 -230 480 -1 1 -4 0000
206 119 4 2 -221 487 2 -2 0 0000
186 117 4 2 -209 510 -5 0 3 0000
183 123 4 2 -191 480 0 -1 0 0000
232 150 5 3 -219 518 0 -2 -2 0000
249 157 5 3 -181 497 0 2 1 0000
282 135 6 3 -210 450 0 0 -1 0000
248 138 5 3 -171 485 -4 3 0 0000
243 144 5 3 -141 453 1 1 2 0000
322 180 6 4 -150 494 -3 1 -2 0000
308 185 6 4 -141 505 4 -1 -3 0000
310 189 6 4 -130 518 0 1 1 0000
342 181 7 4 -131 457 0 -3 2 0000
344 210 7 4 -86 490 -2 2 -3 0000
344 190 7 4 -104 501 3 -1 1 0000
355 194 7 4 -83 503 -1 2 2 0000
376 217 8 5 -76 477 -3 -1 3 0000
382 216 8 5 -53 481 1 3 6 0000
407 228 8 5 -66 457 2 4 0 0000
443 283 9 5 -54 480 -3 2 -1 0000
393 205 8 5 -49 497 -2 0 3 0000
461 308 9 6 -19 471 -3 -2 -1 0000
449 251 9 5 -23 465 0 -1 2 0000
414 250 8 5 -30 481 -4 0 -2 0000
434 257 9 5 -1 488 1 1 -1 0000
481 271 10 6 28 483 3 -1 2 0000
491 309 10 6 20 479 -2 1 -1 0000
459 252 9 6 26 444 -1 -4 -1 0000
444 243 9 5 56 503 0 0 -1 0000
392 234 8 5 92 452 0 1 2 0000
390 231 8 5 113 462 1 2 -2 0000
458 254 9 5 88 436 -1 0 3 0000
443 268 9 5 122 480 0 -1 2 0000
456 245 9 5 147 434 1 0 0 0000
467 294 9 6 133 451 0 1 0 0000
446 285 9 5 165 475 2 0 -1 0000
390 197 8 5 177 440 1 0 3 0000
422 240 8 5 182 475 4 0 -1 0000
366 203 7 4 185 388 0 -1 0 0000
394 230 8 5 215 418 -2 -2 2 0000
401 254 8 5 215 423 -1 4 2 0000
347 206 7 4 219 412 3 2 -2 0000
358 192 7 4 236 454 -2 -5 2 0000
291 162 6 3 232 443 -1 1 0 0000
306 227 6 4 269 404 1 -3 1 0000
267 161 5 3 249 433 -3 -2 -3 0000
284 164 6 3 252 417 0 4 1 0000
248 125 5 3 258 413 1 4 3 0000
242 101 5 3 275 419 2 0 2 0000
225 126 5 3 296 408 -3 -1 -3 0000
217 136 4 3 312 432 1 4 -1 0000
191 113 4 2 298 409 5 0 0 0000
183 117 4 2 299 399 -1 3 3 0000
183 120 4 2 280 417 -1 1 2 0000
215 181 4 3 301 437 3 -1 1 0000
207 125 4 2 325 404 0 -2 3 0000
158 69 3 2 290 420 -1 2 -1 0000
169 81 3 2 297 426 -3 0 0 0000
175 94 4 2 319 402 1 1 0 0000
110 71 2 1 280 388 0 0 -2 0000
116 55 2 1 310 388 2 0 -1 0000
131 78 3 2 287 403 -2 2 -1 0000
130 103 3 2 284 412 -3 -3 0 0000
97 48 2 1 263 388 -1 4 3 0000
106 43 2 1 283 349 3 1 4 0000
96 90 2 1 267 400 3 -3 3 0000
74 67 1 1 271 402 -2 0 -1 0000
18 33 0 0 271 394 0 3 2 0000
99 60 2 1 260 421 1 0 4 0000
97 31 2 1 261 387 -1 -1 2 0000
98 56 2 1 242 362 3 1 3 0000
64 17 1 1 212 364 -2 0 2 0000
120 105 2 1 195 384 -2 2 2 0000
91 23 2 1 195 362 1 1 3 0000
101 71 2 1 193 371 -5 -3 0 0000
63 61 1 1 175 352 -2 0 -1 0000
-28 -9 -1 0 166 362 3 0 2 0000
88 67 2 1 179 325 -3 1 1 0000
37 43 1 0 145 331 2 -2 -1 0000
26 -7 1 0 128 366 0 -1 1 0000
43 28 1 1 112 340 3 2 -1 0000
108 98 2 1 89 291 1 -1 1 0000
-13 -3 0 0 111 306 -2 -2 2 0000
35 21 1 0 77 316 1 0 -3 0000
90 39 2 1 75 351 -2 2 0 0000
39 -6 1 0 49 302 2 -1 -1 0000
88 40 2 1 57 297 1 1 2 0000
89 102 2 1 35 305 -4 -3 0 0000
110 18 2 1 8 316 2 1 0 0000
77 15 2 1 2 276 -3 -2 0 0000
0 26 0 0 -4 306 -1 2 2 0000
-9 -25 0 0 -30 319 0 1 0 0000
-17 27 0 0 -63 325 0 2 2 0000
15 -19 0 0 -58 281 3 0 0 0000
-14 12 0 0 -64 320 -2 4 -1 0000
39 33 1 0 -79 307 4 3 1 0000
12 12 0 0 -89 279 0 -3 -1 0000
-9 7 0 0 -81 298 -2 1 -1 0000
13 -3 0 0 -103 258 1 -5 1 0000
34 33 1 0 -137 274 -3 1 -2 0000
43 24 1 1 -121 269 -2 0 3 0000
11 12 0 0 -134 252 -1 1 0 0000
93 62 2 1 -155 265 1 0 3 0000
44 48 1 1 -144 221 -3 -1 0 0000
77 40 2 1 -159 301 -2 2 -1 0000
71 11 1 1 -175 265 2 2 -2 0000
76 52 2 1 -152 271 -5 -1 -4 0000
47 1 1 1 -150 266 -3 0 -1 0000
50 40 1 1 -214 242 3 0 -2 0000
14 24 0 0 -209 244 0 0 -3 0000
72 30 1 1 -228 216 1 1 2 0000
15 4 0 0 -218 247 0 4 -2 0000
66 61 1 1 -231 244 1 -2 -4 0000
41 17 1 0 -240 240 -3 -1 0 0000
-1 36 0 0 -186 255 0 -5 -4 0000
33 11 1 0 -249 237 -1 3 -1 0000
63 29 1 1 -237 227 -2 5 -2 0000
30 30 1 0 -214 218 -1 -3 3 0000
72 19 1 1 -253 208 1 0 -2 0000
20 16 0 0 -269 236 -3 -2 -2 0000
47 -14 1 1 -279 226 -4 2 0 0000
0 0 0 0 -275 221 -3 1 -1 0000
30 71 1 0 -247 189 -1 0 -3 0000
24 5 0 0 -259 175 1 3 2 0000
33 45 1 0 -265 187 1 3 0 0000
42 43 1 1 -252 201 1 0 2 0000
59 47 1 1 -293 181 0 2 0 0000
31 0 1 0 -274 158 -1 2 0 0000
71 56 1 1 -272 191 0 1 -1 0000
23 15 0 0 -260 175 2 -2 2 0000
63 31 1 1 -279 162 1 -1 3 0000
34 8 1 0 -265 175 2 -1 -3 0000
107 88 2 1 -262 155 1 3 2 0000
47 40 1 1 -284 145 -4 0 -2 0000
71 14 1 1 -281 152 -3 -1 -2 0000
75 65 1 1 -298 121 -3 -1 1 0000
35 45 1 0 -275 145 -1 1 0 0000
67 46 1 1 -311 136 -1 2 2 0000
23 38 0 0 -276 128 0 1 0 0000
84 69 2 1 -286 135 0 1 1 0000
76 71 2 1 -272 151 0 -4 0 0000
48 25 1 1 -301 148 0 4 2 0000
40 5 1 0 -293 109 -1 -1 2 0000
6 6 0 0 -300 114 1 0 0 0000
59 35 1 1 -276 128 0 0 2 0000
74 75 1 1 -283 100 2 -1 2 0000
18 38 0 0 -288 101 3 3 -4 0000
69 63 1 1 -292 96 3 -1 -1 0000
72 14 1 1 -323 72 -4 2 -1 0000
104 61 2 1 -291 77 2 1 0 0000
25 28 0 0 -316 108 -2 1 -3 0000
61 27 1 1 -290 48 -1 1 -1 0000
-15 -6 0 0 -271 82 -1 -2 1 0000
53 27 1 1 -281 106 -2 0 0 0000
70 57 1 1 -297 81 0 -2 1 0000
87 62 2 1 -299 53 -1 -1 3 0000
13 -7 0 0 -305 23 0 0 0 0000
60 34 1 1 -298 55 1 0 0 0000
38 14 1 0 -282 17 0 -2 -1 0000
42 47 1 1 -328 48 1 0 1 0000
49 50 1 1 -305 64 3 0 -1 0000
-2 0 0 0 -263 -4 3 -2 -1 0000
20 26 0 0 -304 51 0 1 -2 0000
-88 -90 -2 -1 -314 17 2 1 1 0000
-61 -19 -1 -1 -279 7 -4 -1 0 0000
-104 -48 -2 -1 -314 -15 -1 1 0 0000
-218 -156 -4 -3 -319 20 2 -1 2 0000
-201 -92 -4 -2 -313 13 -3 1 2 0000
-234 -137 -5 -3 -280 17 -1 -2 -1 0000
-157 -113 -3 -2 -299 1 -1 1 2 0000
-108 -25 -2 -1 -309 5 0 3 -2 0000
-206 -122 -4 -2 -313 0 -3 -1 3 0000
20 44 0 0 -285 19 -1 0 1 0000
64 42 1 1 -304 11 2 0 -3 0000
223 130 4 3 -285 -32 2 -3 0 0000
410 253 8 5 -293 12 1 0 5 0000
769 489 15 9 -287 -53 2 1 3 0000
1113 672 22 13 -296 -42 0 3 1 0000
1520 913 30 18 -263 -42 -1 4 -1 0000
1714 1026 34 21 -302 -42 -3 2 2 0000
1819 1086 36 22 -287 -24 -2 2 -3 0001
1762 1061 35 21 -284 -14 -1 -1 -2 0000
1470 889 29 18 -271 -57 1 -1 1 0000
1093 651 22 13 -275 -58 0 -1 4 0000
690 415 14 8 -297 -80 2 0 2 0000
408 259 8 5 -297 -50 -1 2 -4 0000
132 96 3 2 -250 -62 1 -2 2 0000
-23 -9 0 0 -278 -85 2 -1 2 0000
-108 -52 -2 -1 -281 -71 2 2 1 0000
-116 -44 -2 -1 -256 -69 2 -1 -1 0000
-184 -86 -4 -2 -265 -80 0 4 2 0000
-206 -161 -4 -2 -247 -111 1 -1 -5 0000
-153 -82 -3 -2 -231 -116 -4 3 0 0000
-125 -55 -3 -2 -258 -136 -5 -1 3 0000
-26 -16 -1 0 -226 -103 -1 1 2 0000
-12 -16 0 0 -228 -111 -4 2 -4 0000
49 3 1 1 -233 -129 -1 0 -2 0000
104 49 2 1 -210 -147 0 -2 1 0000
119 92 2 1 -210 -114 0 0 -1 0000
162 88 3 2 -224 -122 -1 0 0 0000
166 97 3 2 -182 -115 -2 3 -3 0000
213 145 4 3 -195 -121 4 -1 2 0000
275 154 5 3 -166 -102 2 1 -1 0000
227 139 5 3 -157 -147 -2 -1 0 0000
268 136 5 3 -166 -172 0 1 1 0000
227 137 5 3 -175 -150 -1 0 0 0000
273 122 5 3 -161 -149 2 -1 3 0000
278 132 6 3 -155 -153 -1 1 1 0000
321 208 6 4 -131 -178 -3 -2 -1 0000
321 210 6 4 -145 -162 2 5 0 0000
332 231 7 4 -163 -191 0 0 -1 0000
397 237 8 5 -129 -172 0 0 -1 0000
349 224 7 4 -108 -180 -1 -1 1 0000
373 225 7 4 -86 -194 2 0 -3 0000
382 229 8 5 -74 -181 -1 0 0 0000
382 210 8 5 -83 -198 2 -4 0 0000
429 249 9 5 -72 -189 -2 0 -1 0000
435 275 9 5 -32 -190 1 1 -1 0000
479 304 10 6 -27 -169 -2 0 4 0000
431 243 9 5 -31 -208 0 -4 -1 0000
443 273 9 5 -17 -231 -1 3 -2 0000
450 277 9 5 -3 -208 2 1 1 0000
499 290 10 6 9 -222 2 -3 3 0000
431 268 9 5 4 -228 4 -1 -3 0000
450 214 9 5 38 -254 1 1 1 0000
447 279 9 5 46 -228 0 5 -1 0000
421 274 8 5 53 -215 0 0 -1 0000
450 245 9 5 92 -238 0 -2 0 0000
408 293 8 5 106 -264 0 -1 -1 0000
412 225 8 5 110 -268 -1 -2 2 0000
436 233 9 5 108 -213 -2 2 2 0000
471 320 9 6 131 -287 3 -1 1 0000
439 258 9 5 168 -218 1 -2 0 0000
463 274 9 6 150 -248 -1 -4 0 0000
376 263 8 5 140 -309 -3 1 -3 0000
429 215 9 5 155 -287 0 -2 2 0000
430 244 9 5 204 -283 -2 0 -2 0000
339 207 7 4 225 -280 0 -1 0 0000
297 152 6 4 185 -269 -1 3 2 0000
336 190 7 4 210 -276 1 -4 3 0000
349 177 7 4 241 -309 3 2 -2 0000
328 190 7 4 227 -278 1 -1 -3 0000
326 169 7 4 260 -281 -1 -1 -1 0000
250 156 5 3 273 -298 0 0 3 0000
258 151 5 3 248 -309 -2 0 1 0000
302 165 6 4 272 -301 1 1 0 0000
254 181 5 3 263 -324 -1 -3 -2 0000
236 125 5 3 292 -328 -1 2 2 0000
234 140 5 3 284 -298 -3 2 1 0000
244 120 5 3 309 -329 3 -1 -4 0000
137 105 3 2 300 -292 -1 -1 6 0000
141 90 3 2 320 -325 0 2 0 0000
201 123 4 2 306 -327 -1 -1 0 0000
222 119 4 3 301 -350 0 -2 0 0000
154 127 3 2 305 -369 2 0 -1 0000
133 73 3 2 299 -318 -3 -1 1 0000
138 100 3 2 302 -351 1 -1 -4 0000
109 62 2 1 303 -345 -2 0 0 0000
98 65 2 1 298 -360 2 1 0 0000
78 54 2 1 275 -339 0 -1 2 0000
122 84 2 1 276 -355 2 0 0 0000
106 75 2 1 269 -348 -1 0 2 0000
66 54 1 1 247 -352 1 2 3 0000
86 41 2 1 256 -385 2 1 -3 0000
100 28 2 1 267 -349 0 0 1 0000
57 48 1 1 248 -348 -1 0 -1 0000
44 42 1 1 252 -360 2 0 -1 0000
78 47 2 1 260 -356 -2 3 3 0000
86 53 2 1 221 -319 -3 -1 -2 0000
40 25 1 0 212 -395 0 -2 -2 0000
9 27 0 0 189 -394 3 0 1 0000
78 55 2 1 183 -376 -1 2 -1 0000
45 8 1 1 203 -371 0 1 1 0000
110 67 2 1 157 -382 -1 3 1 0000
61 29 1 1 175 -358 1 1 1 0000
88 42 2 1 151 -377 0 3 1 0000
67 32 1 1 142 -345 1 -3 0 0000
52 37 1 1 157 -419 0 1 0 0000
87 66 2 1 132 -404 4 -4 0 0000
72 21 1 1 97 -436 -1 -3 -1 0000
50 16 1 1 78 -421 -2 3 -3 0000
86 61 2 1 62 -392 -2 3 0 0000
95 68 2 1 34 -381 -2 3 0 0000
59 39 1 1 29 -401 1 2 4 0000
78 21 2 1 69 -448 -2 -1 -7 0000
23 10 0 0 -1 -395 1 4 3 0000
73 46 1 1 2 -446 1 -4 2 0000
56 0 1 1 -7 -411 -1 -1 2 0000
89 37 2 1 8 -421 -2 1 2 0000
51 36 1 1 -46 -433 -3 -3 2 0000
49 33 1 1 -46 -467 1 1 -2 0000
9 -1 0 0 -47 -427 -2 1 0 0000
72 20 1 1 -44 -407 1 0 -3 0000
64 35 1 1 -92 -422 2 -3 -2 0000
50 17 1 1 -101 -418 0 3 2 0000
55 12 1 1 -104 -421 -1 -1 0 0000
42 -1 1 1 -115 -462 2 -1 2 0000
48 2 1 1 -125 -480 -2 -2 1 0000
74 99 1 1 -142 -444 3 2 -2 0000
76 24 2 1 -132 -441 -1 1 1 0000
22 -21 0 0 -153 -463 -1 1 1 0000
13 22 0 0 -146 -427 -1 -4 2 0000
64 31 1 1 -153 -470 -2 0 0 0000
13 14 0 0 -150 -492 -3 3 0 0000
46 30 1 1 -192 -467 -3 -1 -2 0000
58 59 1 1 -213 -476 -1 -1 -1 0000
62 67 1 1 -187 -443 4 0 6 0000
57 48 1 1 -203 -460 -2 1 -1 0000
50 30 1 1 -245 -486 1 1 3 0000
63 30 1 1 -238 -472 2 1 -1 0000
82 26 2 1 -232 -451 1 3 2 0000
51 40 1 1 -229 -486 1 0 -2 0000
60 27 1 1 -219 -458 0 0 0 0000
54 42 1 1 -262 -470 1 2 3 0000
86 45 2 1 -258 -449 0 2 -3 0000
89 43 2 1 -220 -469 -1 -1 1 0000
26 17 1 0 -236 -513 0 2 0 0000
107 63 2 1 -263 -489 0 0 -1 0000
77 15 2 1 -253 -487 -2 2 -3 0000
41 28 1 0 -269 -514 1 1 0 0000
14 12 0 0 -270 -489 2 1 -2 0000
55 24 1 1 -274 -451 1 -4 -1 0000
106 71 2 1 -250 -481 1 -3 0 0000
56 21 1 1 -263 -448 2 -4 -2 0000
29 -4 1 0 -272 -496 1 0 -1 0000
59 42 1 1 -265 -487 -1 -3 1 0000
30 -18 1 0 -269 -503 1 2 -5 0000
33 34 1 0 -258 -464 2 5 -2 0000
38 48 1 0 -304 -470 1 -2 2 0000
87 7 2 1 -279 -520 2 -3 3 0000
22 32 0 0 -289 -489 0 -1 1 0000
26 36 1 0 -269 -503 0 -1 -2 0000
108 48 2 1 -265 -500 -1 -3 1 0000
54 18 1 1 -270 -465 1 -3 -4 0000
53 -7 1 1 -283 -500 0 2 1 0000
29 32 1 0 -302 -517 -1 0 2 0000
32 41 1 0 -304 -469 0 3 -1 0000
16 20 0 0 -307 -502 -1 2 1 0000
72 61 1 1 -307 -494 -1 -2 -2 0000
81 44 2 1 -289 -477 1 0 -4 0000
51 29 1 1 -313 -498 0 5 5 0000
81 32 2 1 -279 -518 -1 -2 -1 0000
57 53 1 1 -270 -495 0 -2 2 0000
39 -6 1 0 -279 -514 -3 3 -2 0000
9 3 0 0 -294 -498 -1 0 1 0000
84 55 2 1 -306 -510 -2 2 0 0000
17 -20 0 0 -301 -485 4 2 -2 0000
66 17 1 1 -302 -489 2 1 0 0000
43 0 1 1 -293 -506 2 -2 0 0000
38 32 1 0 -291 -480 -4 -1 1 0000
20 44 0 0 -321 -465 -2 0 2 0000
15 11 0 0 -308 -454 -1 -2 2 0000
37 33 1 0 -318 -455 -1 1 -1 0000
31 -3 1 0 -280 -522 -2 5 1 0000
59 40 1 1 -275 -482 -3 -3 4 0000
66 70 1 1 -303 -497 -2 0 0 0000
33 35 1 0 -293 -490 -1 3 0 0000
90 63 2 1 -323 -504 1 0 3 0000
-6 -17 0 0 -301 -498 0 -4 0 0000
-34 -29 -1 0 -283 -513 2 -2 1 0000
-28 -54 -1 0 -308 -472 -1 4 3 0000
-37 -16 -1 0 -285 -522 1 0 1 0000
-130 -67 -3 -2 -299 -496 2 -2 0 0000
-123 -84 -2 -1 -270 -469 -2 1 -1 0000
-161 -71 -3 -2 -313 -511 4 -1 4 0000
-216 -157 -4 -3 -317 -484 0 2 -4 0000
-172 -123 -3 -2 -316 -520 2 -1 3 0000
-210 -105 -4 -3 -328 -483 3 -1 2 0000
-168 -102 -3 -2 -306 -470 -2 1 1 0000
-109 -66 -2 -1 -288 -475 -3 1 5 0000
9 11 0 0 -298 -487 0 0 2 0000
13 43 0 0 -319 -442 1 0 -1 0000
181 124 4 2 -290 -501 1 -2 0 0000
402 197 8 5 -292 -472 -1 3 -1 0000
732 414 15 9 -277 -486 0 3 1 0000
1124 681 22 13 -286 -473 -1 -2 1 0000
1460 850 29 18 -267 -497 2 1 2 0000
1728 1039 35 21 -296 -489 -1 -1 -2 0000
1890 1176 38 23 -269 -515 2 -1 1 0001
1734 1041 35 21 -270 -509 1 3 0 0000
1473 893 29 18 -256 -534 1 -1 -1 0000
1110 665 22 13 -278 -501 0 -1 0 0000
670 383 13 8 -247 -488 1 2 0 0000
306 201 6 4 -295 -489 1 0 1 0000
168 81 3 2 -267 -513 -1 2 0 0000
-71 -47 -1 -1 -261 -486 -3 -1 1 0000
-102 -69 -2 -1 -278 -482 -3 -1 -3 0000
-165 -97 -3 -2 -252 -447 -2 3 0 0000
-186 -135 -4 -2 -246 -458 0 -1 1 0000
-180 -94 -4 -2 -265 -499 -1 1 -1 0000
-102 -53 -2 -1 -237 -482 -3 2 -1 0000
-107 -71 -2 -1 -248 -448 0 5 2 0000
-33 -32 -1 0 -251 -500 1 -3 0 0000
5 2 0 0 -257 -461 -2 2 0 0000
75 54 1 1 -236 -437 0 -1 2 0000
89 17 2 1 -252 -508 -4 0 0 0000
114 58 2 1 -214 -468 4 -2 -2 0000
210 157 4 3 -210 -426 -2 0 2 0000
204 113 4 2 -230 -479 1 1 1 0000
162 100 3 2 -197 -433 2 -2 -1 0000
187 115 4 2 -216 -468 -1 -2 -1 0000
235 181 5 3 -175 -468 1 3 2 0000
223 107 4 3 -201 -482 4 -3 3 0000
252 155 5 3 -155 -440 -3 1 1 0000
309 202 6 4 -155 -489 -1 2 -1 0000
274 149 5 3 -131 -486 -3 0 -4 0000
293 191 6 4 -138 -429 0 -1 2 0000
320 187 6 4 -144 -480 -3 0 -1 0000
285 129 6 3 -137 -486 1 -1 -1 0000
321 196 6 4 -108 -461 -1 3 0 0000
366 230 7 4 -78 -415 2 -1 1 0000
351 201 7 4 -105 -430 -2 0 -1 0000
362 187 7 4 -76 -416 2 -1 1 0000
364 236 7 4 -72 -433 -2 2 1 0000
367 227 7 4 -55 -435 1 2 -1 0000
412 250 8 5 -50 -457 0 -3 0 0000
421 260 8 5 -43 -424 -3 -4 -1 0000
434 281 9 5 0 -470 1 1 -1 0000
456 249 9 5 -3 -417 -4 1 -2 0000
421 274 8 5 9 -430 2 2 3 0000
380 215 8 5 20 -416 -4 -6 1 0000
459 300 9 6 39 -459 2 1 1 0000
448 263 9 5 76 -422 -4 -3 1 0000
436 230 9 5 31 -412 0 0 -4 0000
474 303 9 6 73 -393 1 2 0 0000
400 216 8 5 95 -407 2 1 -1 0000
446 245 9 5 104 -390 -1 1 2 0000
448 259 9 5 115 -399 -2 -3 1 0000
471 280 9 6 113 -405 2 -1 2 0000
496 279 10 6 126 -405 1 0 -1 0000
455 297 9 5 139 -435 0 0 0 0000
408 237 8 5 157 -372 3 1 1 0000
415 279 8 5 150 -363 0 -1 -2 0000
440 271 9 5 158 -409 1 -1 -1 0000
360 221 7 4 181 -389 5 1 -3 0000
356 240 7 4 212 -407 2 2 0 0000
314 171 6 4 201 -414 0 3 1 0000
303 195 6 4 220 -358 1 2 0 0000
303 184 6 4 233 -392 1 0 0 0000
270 132 5 3 262 -385 -2 0 -1 0000
306 186 6 4 246 -364 -4 -1 -4 0000
330 192 7 4 229 -354 3 0 1 0000
238 164 5 3 266 -375 0 -2 0 0000
195 129 4 2 283 -369 1 1 3 0000
258 114 5 3 243 -363 -1 1 -1 0000
205 102 4 2 286 -363 -2 7 2 0000
180 100 4 2 296 -363 0 0 -1 0000
203 144 4 2 279 -336 1 -2 1 0000
222 159 4 3 296 -354 -1 -2 0 0000
148 102 3 2 300 -360 -1 -1 1 0000
161 70 3 2 305 -364 1 2 2 0000
170 96 3 2 283 -351 -3 -3 -3 0000
162 76 3 2 303 -319 3 -2 0 0000
121 80 2 1 285 -371 -1 4 -2 0000
124 91 2 1 295 -310 -3 -1 -1 0000
141 122 3 2 274 -335 2 -2 -3 0000
142 82 3 2 305 -323 -1 1 1 0000
89 62 2 1 295 -321 -3 -3 0 0000
77 23 2 1 294 -304 1 2 1 0000
87 50 2 1 281 -325 2 2 -4 0000
67 22 1 1 290 -323 0 -2 2 0000
150 62 3 2 272 -313 3 2 -2 0000
173 110 3 2 273 -336 3 2 -3 0000
74 72 1 1 255 -333 -2 -1 1 0000
32 28 1 0 239 -306 -2 0 -3 0000
96 46 2 1 228 -332 -3 0 -5 0000
53 63 1 1 217 -328 -3 -1 0 0000
37 18 1 0 236 -298 2 -1 2 0000
29 4 1 0 200 -271 1 -1 2 0000
81 32 2 1 199 -294 -1 -1 -1 0000
16 -27 0 0 211 -273 0 -2 4 0000
2 30 0 0 170 -279 0 1 -1 0000
39 36 1 0 157 -324 2 0 1 0000
53 11 1 1 130 -275 -3 -1 -2 0000
73 35 1 1 146 -249 0 4 -4 0000
95 66 2 1 146 -266 -4 0 1 0000
53 41 1 1 124 -243 0 0 0 0000
6 -30 0 0 101 -250 0 2 0 0000
58 44 1 1 53 -240 -1 -2 -1 0000
77 52 2 1 91 -253 2 1 2 0000
22 -51 0 0 62 -253 2 0 -1 0000
18 -3 0 0 68 -244 0 -2 2 0000
44 47 1 1 27 -265 0 2 -2 0000
90 20 2 1 18 -226 -1 -4 0 0000
57 12 1 1 2 -183 2 -1 0 0000
64 30 1 1 -3 -232 -1 2 1 0000
2 28 0 0 -5 -221 0 -1 3 0000
78 24 2 1 -22 -206 -1 0 1 0000
16 26 0 0 -30 -219 0 1 4 0000
38 -7 1 0 -59 -214 -2 0 2 0000
23 5 0 0 -43 -222 -1 0 -1 0000
30 -15 1 0 -80 -214 -1 0 2 0000
18 6 0 0 -104 -183 -1 0 -2 0000
68 31 1 1 -109 -185 3 1 4 0000
31 31 1 0 -116 -174 -2 -3 1 0000
11 17 0 0 -110 -206 4 0 0 0000
127 82 3 2 -124 -192 2 0 -4 0000
56 45 1 1 -128 -167 2 2 -3 0000
54 63 1 1 -167 -189 2 -2 -2 0000
-4 -4 0 0 -163 -189 -2 1 0 0000
62 44 1 1 -178 -185 4 3 1 0000
68 48 1 1 -186 -158 0 4 4 0000
43 40 1 1 -194 -154 1 0 3 0000
-12 -3 0 0 -201 -153 3 0 0 0000
75 11 2 1 -192 -148 -4 1 4 0000
104 90 2 1 -198 -154 2 2 0 0000
40 55 1 0 -207 -155 1 1 1 0000
29 29 1 0 -239 -136 -1 0 3 0000
43 45 1 1 -218 -118 -1 2 -2 0000
93 50 2 1 -191 -120 3 -3 0 0000
14 27 0 0 -198 -130 -1 -2 1 0000
67 28 1 1 -258 -157 -2 2 -3 0000
-12 -28 0 0 -232 -91 0 0 0 0000
14 33 0 0 -259 -76 -1 3 -1 0000
-11 -17 0 0 -242 -157 1 3 -2 0000
48 -14 1 1 -253 -113 1 4 -2 0000
12 4 0 0 -252 -118 2 0 -2 0000
10 -1 0 0 -246 -102 -1 -1 0 0000
14 13 0 0 -271 -90 -1 3 -2 0000
25 31 1 0 -286 -54 2 1 0 0000
36 35 1 0 -266 -132 -1 1 -2 0000
91 34 2 1 -253 -97 0 -1 1 0000
79 62 2 1 -266 -74 -1 0 -1 0000
30 -6 1 0 -241 -45 0 -1 -2 0000
63 30 1 1 -296 -101 -2 -1 -1 0000
44 17 1 1 -271 -91 -2 -4 2 0000
28 19 1 0 -275 -84 4 -3 -3 0000
55 49 1 1 -298 -54 -4 0 3 0000
45 0 1 1 -305 -60 1 3 -3 0000
62 1 1 1 -292 -73 0 1 -3 0000
31 12 1 0 -298 -44 1 -1 -2 0000
28 23 1 0 -318 -46 0 4 1 0000
26 12 1 0 -302 -72 1 2 1 0000
60 22 1 1 -285 -58 0 1 -5 0000
54 39 1 1 -292 14 -1 -7 -2 0000
64 36 1 1 -298 -14 1 3 -1 0000
22 7 0 0 -284 -13 2 1 3 0000
27 11 1 0 -322 -40 1 -6 0 0000
4 11 0 0 -265 -24 3 -2 1 0000
-4 -38 0 0 -284 -18 2 0 -2 0000
59 31 1 1 -301 27 2 -2 -1 0000
-3 -16 0 0 -298 25 3 1 0 0000
28 22 1 0 -281 42 -4 3 2 0000
41 3 1 0 -282 -17 2 -1 3 0000
6 49 0 0 -285 -10 -1 -1 3 0000
100 59 2 1 -294 30 0 2 1 0000
45 38 1 1 -341 20 -2 -1 -1 0000
46 14 1 1 -311 23 1 0 2 0000
52 15 1 1 -306 33 0 0 -2 0000
34 28 1 0 -287 40 -1 0 3 0000
-8 0 0 0 -299 39 -2 -1 0 0000
45 70 1 1 -296 21 1 -1 -4 0000
-6 -1 0 0 -293 61 0 1 0 0000
50 26 1 1 -285 62 2 -1 -2 0000
26 26 1 0 -304 67 0 -3 -3 0000
30 9 1 0 -288 53 0 0 1 0000
-21 -29 0 0 -311 43 2 -2 0 0000
-11 -17 0 0 -288 93 3 0 -1 0000
-53 -34 -1 -1 -313 70 2 1 -5 0000
-60 -38 -1 -1 -320 61 1 0 -1 0000
-117 -86 -2 -1 -307 70 0 -1 2 0000
-147 -74 -3 -2 -306 31 -1 1 -1 0000
-193 -151 -4 -2 -306 81 2 -2 -2 0000
-239 -142 -5 -3 -284 122 1 4 0 0000
-207 -115 -4 -2 -331 116 0 -3 2 0000
-198 -128 -4 -2 -296 124 0 1 -1 0000
-170 -118 -3 -2 -300 76 -2 0 -1 0000
-159 -97 -3 -2 -288 111 -1 2 2 0000
-26 -56 -1 0 -301 119 -2 0 -2 0000
68 55 1 1 -292 118 2 -2 -3 0000
202 124 4 2 -267 114 -1 2 -1 0000
461 241 9 6 -286 117 1 -2 -2 0000
711 388 14 9 -275 131 -4 1 1 0000
1052 640 21 13 -282 127 1 0 -1 0000
1489 932 30 18 -290 113 -1 -3 -1 0000
1792 1074 36 22 -261 145 -1 1 0 0000
1823 1081 36 22 -314 184 1 0 4 0001
1740 1100 35 21 -270 163 0 0 1 0000
1482 918 30 18 -302 159 0 -2 2 0000
1121 642 22 13 -257 167 -3 -3 -2 0000
668 352 13 8 -275 150 2 1 -2 0000
384 258 8 5 -296 195 -3 0 2 0000
108 84 2 1 -291 204 -1 -2 1 0000
-34 -1 -1 0 -311 170 -3 0 0 0000
-148 -63 -3 -2 -246 134 -2 1 0 0000
-183 -109 -4 -2 -291 175 2 1 -1 0000
-203 -149 -4 -2 -237 207 -2 1 -1 0000
-220 -132 -4 -3 -252 214 1 -2 2 0000
-162 -122 -3 -2 -237 204 -3 1 -4 0000
-79 -39 -2 -1 -215 224 -3 1 2 0000
-60 -5 -1 -1 -246 178 0 -1 -6 0000
-34 -37 -1 0 -209 175 -1 2 0 0000
51 35 1 1 -220 204 2 0 0 0000
48 2 1 1 -218 216 1 0 3 0000
103 54 2 1 -220 216 -1 -2 -2 0000
148 103 3 2 -229 167 0 0 3 0000
150 104 3 2 -187 221 -2 0 -1 0000
187 106 4 2 -196 234 -5 0 -1 0000
247 124 5 3 -209 258 -1 -1 -2 0000
170 109 3 2 -172 238 -1 -1 1 0000
183 93 4 2 -168 239 -1 -1 3 0000
254 122 5 3 -138 237 1 -1 -1 0000
256 150 5 3 -154 217 -1 0 -2 0000
276 174 6 3 -148 250 -5 -1 -1 0000
308 149 6 4 -123 222 -1 -1 2 0000
339 183 7 4 -152 231 0 0 0 0000
311 206 6 4 -129 278 1 2 -1 0000
362 231 7 4 -121 251 2 2 2 0000
396 230 8 5 -101 287 -4 0 -1 0000
326 174 7 4 -106 279 0 4 -2 0000
403 245 8 5 -92 255 0 1 3 0000
432 260 9 5 -73 245 -3 0 1 0000
415 249 8 5 -89 315 2 -2 1 0000
427 225 9 5 -59 247 2 0 0 0000
378 236 8 5 -78 315 0 0 0 0000
421 260 8 5 -46 305 1 0 -2 0000
434 252 9 5 -39 274 -3 -3 -3 0000
421 266 8 5 5 298 -2 -2 -2 0000
408 254 8 5 3 285 3 3 -3 0000
441 265 9 5 34 299 0 -1 1 0000
410 253 8 5 32 329 0 1 2 0000
476 267 10 6 46 314 0 -2 1 0000
485 265 10 6 67 327 -5 1 0 0000
440 278 9 5 52 317 0 1 3 0000
385 221 8 5 87 324 -1 -4 -1 0000
456 297 9 5 106 324 -2 7 -5 0000
396 239 8 5 105 300 -2 2 1 0000
446 234 9 5 153 335 0 0 4 0000
459 305 9 6 154 348 -1 -2 1 0000
409 285 8 5 157 314 -2 3 0 0000
408 256 8 5 156 317 1 -2 -1 0000
378 237 8 5 179 393 0 2 -1 0000
354 188 7 4 196 352 1 -2 -1 0000
331 220 7 4 178 359 2 1 -1 0000
341 177 7 4 196 321 4 1 1 0000
374 189 7 4 236 383 1 3 2 0000
340 170 7 4 221 345 -3 -1 0 0000
300 185 6 4 261 328 0 0 2 0000
262 175 5 3 255 348 -1 -1 1 0000
269 149 5 3 262 399 -1 -5 -2 0000
239 151 5 3 265 407 -1 -2 -5 0000
273 159 5 3 252 376 -2 1 0 0000
199 95 4 2 287 376 -1 0 0 0000
231 172 5 3 283 350 0 -3 -5 0000
247 139 5 3 261 415 -1 1 1 0000
218 127 4 3 301 363 0 -2 1 0000
181 83 4 2 301 369 0 -1 -1 0000
208 139 4 2 265 415 -3 0 -2 0000
230 75 5 3 302 389 2 -1 1 0000
155 81 3 2 303 410 -2 -1 2 0000
120 112 2 1 291 389 2 1 -2 0000
125 108 3 2 308 424 2 -1 1 0000
161 65 3 2 273 391 0 1 -1 0000
168 86 3 2 274 394 -2 -2 2 0000
103 23 2 1 299 456 -1 -2 -3 0000
91 61 2 1 290 381 -1 2 -1 0000
85 46 2 1 286 448 0 1 -1 0000
49 16 1 1 283 414 -3 -2 0 0000
92 46 2 1 274 415 1 -2 -1 0000
103 91 2 1 268 417 1 1 0 0000
71 28 1 1 259 404 0 2 0 0000
103 76 2 1 247 412 4 0 -2 0000
78 52 2 1 245 432 -1 -2 3 0000
72 50 1 1 233 413 -3 -1 2 0000
78 34 2 1 216 410 0 -1 0 0000
67 35 1 1 220 442 1 2 0 0000
31 4 1 0 208 439 1 1 3 0000
97 86 2 1 224 423 0 -2 5 0000
26 -26 1 0 184 421 -1 0 0 0000
5 13 0 0 167 468 -1 -2 -2 0000
29 50 1 0 162 433 -3 -1 -1 0000
49 41 1 1 168 420 -2 -3 3 0000
11 6 0 0 141 452 0 -3 -2 0000
73 48 1 1 115 433 0 3 0 0000
47 29 1 1 117 483 -1 0 -3 0000
8 16 0 0 135 469 1 0 -2 0000
97 73 2 1 78 447 1 1 -2 0000
39 -19 1 0 80 491 3 2 -3 0000
2 29 0 0 70 457 4 1 3 0000
42 30 1 0 35 461 -2 0 1 0000
93 67 2 1 34 433 0 0 0 0000
11 -4 0 0 16 494 -3 1 -3 0000
-8 -37 0 0 14 447 0 -1 4 0000
20 8 0 0 14 448 -2 3 3 0000
48 47 1 1 -15 449 -4 1 0 0000
26 15 1 0 -34 442 -1 -2 3 0000
47 13 1 1 -23 488 -1 1 -3 0000
14 23 0 0 -49 484 2 2 6 0000
48 59 1 1 -62 512 -2 1 -1 0000
48 15 1 1 -76 436 -1 0 0 0000
31 39 1 0 -67 504 0 0 1 0000
42 14 1 1 -91 486 1 0 -1 0000
42 38 1 1 -94 455 -2 1 -1 0000
47 60 1 1 -106 474 0 -1 0 0000
75 36 2 1 -143 485 0 0 -2 0000
67 73 1 1 -121 485 1 1 1 0000
96 26 2 1 -151 447 -1 -2 -2 0000
98 46 2 1 -157 491 -3 2 -2 0000
28 -2 1 0 -161 533 0 3 0 0000
37 14 1 0 -161 470 2 1 2 0000
3 26 0 0 -195 462 1 -1 0 0000
-19 -41 0 0 -161 471 2 3 0 0000
65 67 1 1 -225 494 -1 0 2 0000
45 73 1 1 -206 507 0 -1 -1 0000
134 60 3 2 -207 502 0 -1 0 0000
35 25 1 0 -177 472 0 -2 -2 0000
27 45 1 0 -226 480 -1 -1 0 0000
57 33 1 1 -205 500 0 0 3 0000
-13 -8 0 0 -240 510 -2 3 0 0000
9 4 0 0 -234 475 -5 2 -1 0000
66 10 1 1 -259 481 3 1 1 0000
41 -7 1 0 -260 504 -2 2 -1 0000
43 -2 1 1 -218 499 0 -1 -2 0000
37 4 1 0 -272 499 -1 1 -2 0000
-4 -6 0 0 -237 476 0 0 -4 0000
-20 -22 0 0 -245 477 0 1 -1 0000
-17 4 0 0 -256 523 -1 -1 0 0000
55 41 1 1 -265 507 0 -2 1 0000
32 7 1 0 -285 503 0 1 3 0000
31 25 1 0 -252 498 0 3 -2 0000
61 27 1 1 -271 502 -1 0 3 0000
69 20 1 1 -325 521 -2 2 1 0000
-8 -22 0 0 -274 476 2 -5 -2 0000
47 66 1 1 -294 515 1 2 1 0000
81 39 2 1 -281 482 0 -3 0 0000
83 99 2 1 -260 514 -2 -1 -1 0000
33 31 1 0 -298 486 0 -2 1 0000
60 34 1 1 -293 528 1 0 1 0000
54 34 1 1 -285 495 2 1 1 0000
85 60 2 1 -302 498 2 -1 5 0000
85 68 2 1 -307 491 -2 1 -6 0000
3 61 0 0 -301 528 1 0 -1 0000
9 0 0 0 -267 513 1 5 1 0000
94 79 2 1 -295 550 -1 -1 -1 0000
46 -1 1 1 -289 526 2 0 3 0000
20 14 0 0 -281 537 1 2 3 0000
49 43 1 1 -282 517 3 1 -2 0000
21 9 0 0 -263 510 -3 2 0 0000
53 18 1 1 -278 515 0 2 0 0000
12 7 0 0 -280 485 2 -1 1 0000
50 51 1 1 -285 487 -3 2 -2 0000
75 22 1 1 -296 477 2 -1 -1 0000
47 53 1 1 -304 480 1 -2 3 0000
38 8 1 0 -295 477 2 -1 0 0000
-25 -8 0 0 -322 484 0 -2 -2 0000
25 12 0 0 -310 492 -3 3 -4 0000
33 41 1 0 -279 516 0 1 2 0000
47 11 1 1 -293 513 1 2 0 0000
22 22 0 0 -306 527 1 -1 5 0000
28 4 1 0 -290 490 0 -2 1 0000
39 13 1 0 -285 500 4 1 3 0000
6 -33 0 0 -334 496 0 0 -2 0000
26 -16 1 0 -315 511 1 0 -2 0000
14 18 0 0 -317 488 2 2 0 0000
-44 1 -1 -1 -278 462 3 -2 1 0000
-38 -20 -1 0 -299 475 -3 3 0 0000
-56 -21 -1 -1 -301 494 -2 -1 1 0000
-89 -55 -2 -1 -305 480 -3 1 1 0000
-157 -95 -3 -2 -319 490 1 2 -2 0000
-133 -78 -3 -2 -291 483 -1 1 1 0000
-153 -78 -3 -2 -322 459 1 0 -1 0000
-214 -111 -4 -3 -308 487 1 -1 0 0000
-252 -115 -5 -3 -298 496 1 -4 0 0000
-190 -80 -4 -2 -293 458 -1 1 3 0000
-163 -95 -3 -2 -301 527 2 2 -1 0000
-165 -97 -3 -2 -311 437 0 -3 -3 0000
-70 -52 -1 -1 -331 495 0 0 0 0000
50 24 1 1 -304 488 1 -1 -1 0000
162 76 3 2 -274 464 1 1 3 0000
431 287 9 5 -274 451 0 0 0 0000
695 450 14 8 -292 437 -1 2 2 0000
1108 661 22 13 -256 477 -2 2 2 0000
1461 899 29 18 -289 476 -1 1 1 0000
1738 1047 35 21 -307 448 3 3 -3 0000
1854 1112 37 22 -277 455 0 -1 1 0001
1718 1061 34 21 -296 425 0 -1 1 0000
1508 897 30 18 -270 422 -1 0 -3 0000
1061 609 21 13 -273 438 1 1 1 0000
727 449 15 9 -291 487 -1 -2 0 0000
380 217 8 5 -283 501 1 -2 4 0000
145 97 3 2 -292 454 2 2 -2 0000
15 -14 0 0 -258 420 -2 2 2 0000
-167 -115 -3 -2 -284 458 4 0 0 0000
-156 -121 -3 -2 -253 414 0 1 -1 0000
-242 -136 -5 -3 -234 444 -5 -1 -2 0000
-179 -103 -4 -2 -242 454 0 2 1 0000
-206 -113 -4 -2 -227 477 -2 2 -2 0000
-140 -46 -3 -2 -226 415 2 1 1 0000
-81 -33 -2 -1 -235 447 -1 -1 2 0000
-71 -43 -1 -1 -223 448 2 -1 4 0000
30 16 1 0 -228 417 1 -1 1 0000
43 14 1 1 -205 384 -1 1 2 0000
-3 -17 0 0 -219 447 2 -1 1 0000
141 81 3 2 -225 377 1 2 1 0000
188 105 4 2 -206 399 0 2 2 0000
151 129 3 2 -217 404 -2 2 0 0000
184 147 4 2 -227 384 -1 0 -1 0000
222 115 4 3 -180 422 3 0 -1 0000
222 82 4 3 -191 435 -1 -1 2 0000
232 124 5 3 -202 419 -3 -2 2 0000
295 166 6 4 -177 410 -2 3 0 0000
313 209 6 4 -155 409 -1 1 1 0000
279 159 6 3 -145 398 -3 1 3 0000
316 172 6 4 -120 404 0 -1 -3 0000
303 202 6 4 -171 390 2 0 -2 0000
328 210 7 4 -111 397 -1 -4 -4 0000
318 185 6 4 -88 403 1 -1 -2 0000
321 190 6 4 -102 414 3 -1 -2 0000
406 231 8 5 -67 354 -3 2 -1 0000
408 240 8 5 -55 378 6 -2 0 0000
398 255 8 5 -67 357 3 -4 -4 0000
323 179 6 4 -32 370 -2 -5 0 0000
382 255 8 5 -18 375 4 -1 5 0000
369 236 7 4 -21 394 0 -3 0 0000
432 240 9 5 -5 374 -1 -5 0 0000
436 278 9 5 -42 376 3 0 -1 0000
404 252 8 5 35 383 1 2 2 0000
457 245 9 5 17 389 -1 1 0 0000
453 275 9 5 24 362 0 -1 1 0000
400 248 8 5 49 360 0 -3 -2 0000
426 224 9 5 45 357 -1 1 0 0000
423 265 8 5 88 394 2 2 2 0000
407 205 8 5 122 350 -1 2 0 0000
396 241 8 5 104 348 1 0 1 0000
424 221 8 5 126 309 6 -1 -1 0000
445 221 9 5 115 356 -4 0 0 0000
409 250 8 5 171 348 1 4 0 0000
417 235 8 5 154 328 -1 0 2 0000
352 201 7 4 151 351 0 2 1 0000
342 178 7 4 173 377 4 -3 0 0000
371 215 7 4 185 347 -3 4 1 0000
321 180 6 4 198 330 -6 0 0 0000
340 216 7 4 231 314 -1 1 1 0000
291 160 6 3 208 318 0 -1 4 0000
298 168 6 4 251 304 0 -1 -1 0000
263 153 5 3 246 291 -1 2 2 0000
278 150 6 3 250 299 0 2 0 0000
252 134 5 3 281 271 3 -1 -3 0000
288 173 6 3 269 286 -3 -3 0 0000
255 155 5 3 275 300 1 3 -3 0000
229 131 5 3 280 317 0 1 -1 0000
192 106 4 2 269 306 3 0 -4 0000
218 137 4 3 271 304 0 3 -2 0000
202 139 4 2 289 264 -3 -4 0 0000
161 101 3 2 327 266 1 -1 1 0000
210 113 4 3 304 284 0 0 2 0000
173 125 3 2 286 273 -3 2 -2 0000
175 98 4 2 302 262 -1 -3 -3 0000
118 28 2 1 312 224 2 -1 -1 0000
154 112 3 2 304 253 0 0 2 0000
115 103 2 1 310 264 2 -1 0 0000
101 61 2 1 315 263 1 0 -2 0000
75 90 1 1 303 256 -1 -2 -1 0000
27 21 1 0 290 258 2 -1 -2 0000
59 43 1 1 289 220 1 3 2 0000
73 10 1 1 281 217 1 -1 -6 0000
107 72 2 1 282 210 2 0 0 0000
78 21 2 1 271 221 -3 3 0 0000
68 61 1 1 248 249 3 0 -2 0000
63 24 1 1 248 231 0 1 1 0000
64 0 1 1 243 236 2 -1 -3 0000
55 53 1 1 238 203 0 -2 -2 0000
21 22 0 0 225 233 0 1 2 0000
85 72 2 1 237 195 1 -1 0 0000
33 17 1 0 201 186 1 0 1 0000
86 39 2 1 214 188 1 0 0 0000
0 -1 0 0 207 163 -3 0 2 0000
19 13 0 0 196 177 0 0 -6 0000
1 24 0 0 185 204 -1 -3 -3 0000
33 13 1 0 184 186 2 -3 1 0000
30 21 1 0 153 201 0 2 4 0000
49 36 1 1 137 195 -1 0 2 0000
48 4 1 1 89 207 3 -2 1 0000
32 -13 1 0 93 179 -2 3 4 0000
73 2 1 1 86 161 0 0 2 0000
48 60 1 1 73 132 1 -1 -3 0000
-6 -11 0 0 56 145 2 3 0 0000
32 49 1 0 51 147 0 1 1 0000
53 28 1 1 12 110 1 1 -1 0000
15 42 0 0 34 155 -2 2 2 0000
-8 13 0 0 6 202 3 2 1 0000
66 41 1 1 7 137 2 1 2 0000
15 18 0 0 -40 101 -2 0 0 0000
8 30 0 0 -30 119 0 2 -1 0000
21 26 0 0 -25 113 -4 5 -1 0000
16 -15 0 0 -50 111 3 -1 -4 0000
47 18 1 1 -100 94 0 0 -1 0000
38 51 1 0 -69 137 0 0 -2 0000
62 17 1 1 -79 112 -1 -3 -3 0000
21 11 0 0 -111 74 -3 -1 1 0000
28 8 1 0 -114 92 -3 -2 0 0000
8 -12 0 0 -98 124 0 1 2 0000
43 25 1 1 -109 102 -2 0 -1 0000
-11 -35 0 0 -128 101 -3 -2 1 0000
23 -6 0 0 -163 49 5 3 0 0000
35 6 1 0 -136 67 0 4 0 0000
45 41 1 1 -137 77 0 4 0 0000
4 -6 0 0 -155 92 -1 2 1 0000
13 35 0 0 -151 74 1 0 0 0000
8 0 0 0 -173 68 3 2 0 0000
44 40 1 1 -210 80 -1 2 -2 0000
47 27 1 1 -215 59 0 2 2 0000
13 25 0 0 -195 52 -2 0 -2 0000
5 2 0 0 -228 25 -1 -2 -2 0000
15 36 0 0 -239 42 0 4 -1 0000
-26 1 -1 0 -223 52 2 -2 -3 0000
-24 5 0 0 -247 27 -2 -4 -1 0000
-16 38 0 0 -233 11 -1 1 0 0000
55 56 1 1 -241 15 -1 1 -1 0000
47 72 1 1 -246 51 0 2 -1 0000
-4 -31 0 0 -237 -14 1 0 3 0000
42 1 1 1 -264 66 2 -2 3 0000
15 -5 0 0 -243 -38 0 2 -3 0000
35 45 1 0 -284 -2 -2 0 -1 0000
59 79 1 1 -254 -26 1 -5 3 0000
29 35 1 0 -260 19 4 2 0 0000
46 56 1 1 -260 -21 -1 2 0 0000
46 25 1 1 -252 14 1 2 0 0000
60 19 1 1 -262 2 -1 3 3 0000
51 -1 1 1 -277 -22 2 3 1 0000
54 68 1 1 -270 -51 2 0 -1 0000
6 7 0 0 -269 -15 0 1 -1 0000
15 2 0 0 -275 -64 -1 1 2 0000
43 26 1 1 -257 -21 -1 0 3 0000
17 31 0 0 -301 -19 1 -3 -3 0000
46 30 1 1 -275 -35 -1 1 -2 0000
15 -6 0 0 -282 -62 -1 2 0 0000
42 15 1 1 -255 -68 -1 -1 -1 0000
-28 -35 -1 0 -293 -53 1 0 0 0000
9 -20 0 0 -301 -78 -4 0 -1 0000
29 36 1 0 -321 -70 1 0 -1 0000
91 66 2 1 -268 -66 1 3 0 0000
5 42 0 0 -317 -123 0 0 1 0000
39 51 1 0 -308 -63 -2 -1 1 0000
61 32 1 1 -294 -77 4 1 -1 0000
-1 -15 0 0 -301 -81 0 -2 -1 0000
-25 11 -1 0 -317 -82 -1 3 -1 0000
7 -7 0 0 -280 -62 -4 3 -2 0000
38 40 1 0 -279 -125 -1 -3 0 0000
-7 0 0 0 -289 -122 2 1 -1 0000
0 -30 0 0 -314 -95 1 -1 0 0000
42 21 1 1 -317 -113 -1 -3 2 0000
21 37 0 0 -289 -142 -1 1 3 0000
58 80 1 1 -308 -100 2 0 1 0000
-34 -10 -1 0 -324 -130 -2 1 -2 0000
23 4 0 0 -277 -76 1 -3 -2 0000
21 25 0 0 -309 -158 0 -3 0 0000
41 34 1 0 -300 -146 2 0 0 0000
57 60 1 1 -291 -124 2 0 1 0000
39 65 1 0 -278 -124 1 -3 1 0000
-7 -18 0 0 -279 -182 0 1 1 0000
12 10 0 0 -294 -171 -1 3 1 0000
48 36 1 1 -316 -188 0 1 0 0000
-47 -44 -1 -1 -300 -160 0 -4 -2 0000
-80 -64 -2 -1 -298 -187 -1 1 -1 0000
-79 -37 -2 -1 -325 -158 3 -3 2 0000
-58 -55 -1 -1 -330 -191 -1 1 1 0000
-223 -170 -4 -3 -287 -175 0 0 -1 0000
-234 -166 -5 -3 -301 -174 -1 0 1 0000
-231 -134 -5 -3 -289 -195 2 1 0 0000
-251 -120 -5 -3 -302 -183 -3 -1 -2 0000
-182 -111 -4 -2 -311 -201 0 3 0 0000
-202 -115 -4 -2 -313 -218 -1 0 2 0000
-92 -46 -2 -1 -259 -186 2 2 -1 0000
-115 -42 -2 -1 -302 -223 2 2 0 0000
28 9 1 0 -308 -180 -1 0 0 0000
186 92 4 2 -320 -182 -1 -1 -3 0000
460 243 9 6 -290 -242 2 -1 0 0000
707 415 14 8 -324 -227 -1 0 -1 0000
1090 640 22 13 -272 -237 -1 -4 0 0000
1476 893 30 18 -272 -258 -2 -2 -2 0000
1710 1042 34 21 -292 -228 1 0 2 0000
1851 1127 37 22 -266 -208 -1 0 -1 0001
1728 1035 35 21 -281 -241 -5 -2 2 0000
1458 863 29 17 -299 -287 -1 -2 1 0000
1075 599 21 13 -265 -246 1 3 -4 0000
717 441 14 9 -255 -247 2 -4 1 0000
422 249 8 5 -257 -235 0 0 -2 0000
124 85 2 1 -270 -304 0 -2 -6 0000
-57 -50 -1 -1 -243 -214 -1 3 -1 0000
-146 -63 -3 -2 -248 -284 1 2 1 0000
-191 -102 -4 -2 -236 -299 0 1 4 0000
-214 -110 -4 -3 -280 -292 2 4 -1 0000
-146 -150 -3 -2 -268 -285 1 5 0 0000
-166 -73 -3 -2 -279 -311 1 3 1 0000
-121 -62 -2 -1 -224 -267 -1 0 2 0000
-13 -6 0 0 -238 -261 -2 1 2 0000
-24 -17 0 0 -232 -342 2 0 -1 0000
37 43 1 0 -258 -326 -1 7 2 0000
103 74 2 1 -212 -304 -1 -2 2 0000
110 116 2 1 -237 -290 -3 1 2 0000
129 59 3 2 -202 -266 0 -2 5 0000
144 87 3 2 -179 -296 0 -1 -2 0000
153 74 3 2 -220 -345 1 0 -4 0000
223 136 4 3 -207 -346 -1 -2 1 0000
172 89 3 2 -185 -306 2 0 -1 0000
224 122 4 3 -196 -334 2 3 1 0000
224 167 4 3 -167 -322 -1 -1 -3 0000
204 112 4 2 -165 -339 2 1 -1 0000
256 151 5 3 -140 -358 3 2 -4 0000
304 183 6 4 -158 -326 1 0 0 0000
299 182 6 4 -113 -334 -1 0 0 0000
277 134 6 3 -127 -352 1 2 1 0000
332 213 7 4 -131 -349 2 -1 1 0000
338 199 7 4 -102 -362 2 -2 1 0000
341 153 7 4 -118 -329 -2 1 -1 0000
358 214 7 4 -65 -339 1 0 -1 0000
344 225 7 4 -89 -343 1 0 4 0000
349 238 7 4 -62 -383 -1 -1 -3 0000
324 217 6 4 -67 -380 0 2 4 0000
364 219 7 4 -58 -355 0 0 -2 0000
400 251 8 5 -7 -389 -1 -1 -2 0000
402 220 8 5 -27 -372 3 0 0 0000
420 235 8 5 -11 -376 2 -1 0 0000
371 188 7 4 27 -390 0 1 2 0000
405 249 8 5 24 -358 -2 1 -1 0000
417 257 8 5 46 -402 -4 2 0 0000
393 244 8 5 66 -368 1 2 -4 0000
447 250 9 5 53 -352 3 -1 -3 0000
376 200 8 5 97 -428 2 2 0 0000
427 243 9 5 89 -412 3 1 1 0000
388 252 8 5 110 -375 -2 1 0 0000
407 245 8 5 110 -408 0 -1 0 0000
436 253 9 5 111 -382 -1 0 3 0000
394 216 8 5 122 -432 -2 3 -1 0000
379 231 8 5 133 -390 2 -1 5 0000
423 254 8 5 151 -388 2 1 0 0000
348 209 7 4 177 -411 -4 -2 -1 0000
338 228 7 4 197 -434 1 -1 1 0000
331 197 7 4 187 -415 1 -3 0 0000
323 196 6 4 237 -389 -4 -1 -2 0000
331 173 7 4 214 -422 1 1 -3 0000
277 166 6 3 246 -451 -1 2 5 0000
307 189 6 4 245 -421 2 0 -2 0000
255 177 5 3 252 -447 2 -1 2 0000
197 102 4 2 277 -417 2 -1 1 0000
246 142 5 3 252 -438 1 0 3 0000
216 183 4 3 268 -461 0 0 -2 0000
229 120 5 3 260 -443 -2 -3 0 0000
248 139 5 3 279 -445 -1 2 3 0000
163 90 3 2 273 -435 1 0 1 0000
125 77 3 2 274 -430 2 0 -2 0000
122 66 2 1 304 -445 -1 2 0 0000
74 54 1 1 291 -455 0 0 1 0000
86 41 2 1 299 -450 0 2 -5 0000
157 113 3 2 289 -448 1 -1 2 0000
146 92 3 2 292 -413 -1 3 -1 0000
98 33 2 1 291 -446 0 -2 0 0000
88 35 2 1 312 -442 -1 2 1 0000
87 52 2 1 314 -469 1 1 0 0000
118 48 2 1 312 -453 2 -4 2 0000
98 62 2 1 301 -457 -1 1 1 0000
84 47 2 1 300 -476 -1 -2 1 0000
55 47 1 1 273 -459 3 2 1 0000
49 72 1 1 268 -466 4 3 -2 0000
15 41 0 0 235 -493 2 1 1 0000
-41 0 -1 0 251 -475 1 1 1 0000
51 20 1 1 261 -462 2 0 1 0000
-7 3 0 0 221 -437 -2 -1 2 0000
20 37 0 0 221 -461 -2 0 -2 0000
34 -8 1 0 213 -465 -3 -1 0 0000
47 46 1 1 206 -499 1 -1 -1 0000
41 7 1 0 207 -462 0 -1 1 0000
14 4 0 0 189 -496 -1 -2 1 0000
8 27 0 0 161 -485 1 0 0 0000
49 14 1 1 179 -513 -3 0 3 0000
49 25 1 1 147 -445 -2 1 3 0000
-6 -35 0 0 113 -486 3 -2 0 0000
-7 -7 0 0 156 -474 0 0 4 0000
17 40 0 0 132 -464 4 0 0 0000
65 24 1 1 111 -471 2 1 2 0000
21 -5 0 0 99 -508 -1 1 -2 0000
-3 -12 0 0 48 -509 2 2 0 0000
-17 3 0 0 58 -474 0 -5 0 0000
22 1 0 0 56 -475 0 0 0 0000
23 -13 0 0 85 -495 0 -1 -1 0000
-46 -31 -1 -1 33 -476 0 2 -4 0000
36 23 1 0 22 -501 -3 3 2 0000
22 15 0 0 1 -502 0 0 2 0000
42 42 1 0 -22 -472 3 3 1 0000
10 23 0 0 5 -486 -1 0 1 0000
-4 -9 0 0 -25 -476 1 -1 1 0000
17 3 0 0 -48 -500 -4 -2 -2 0000
-17 -21 0 0 -45 -497 -2 0 -1 0000
48 28 1 1 -70 -538 -2 2 -3 0000
-27 3 -1 0 -88 -505 -1 -1 -1 0000
20 17 0 0 -84 -482 2 -2 3 0000
24 15 0 0 -89 -492 3 -1 2 0000
2 6 0 0 -87 -451 3 1 0 0000
21 36 0 0 -130 -506 -3 0 2 0000
-11 -15 0 0 -140 -441 -2 0 0 0000
62 59 1 1 -127 -508 1 2 -2 0000
49 21 1 1 -126 -465 -1 1 -1 0000
-4 17 0 0 -148 -504 -1 2 -2 0000
50 33 1 1 -165 -482 2 0 -2 0000
17 18 0 0 -162 -518 1 -1 -1 0000
-63 -36 -1 -1 -164 -523 0 0 -3 0000
34 -13 1 0 -205 -492 3 3 2 0000
23 -17 0 0 -170 -504 0 -1 0 0000
-23 -46 0 0 -201 -486 -2 1 -2 0000
5 0 0 0 -209 -464 0 0 1 0000
51 35 1 1 -217 -511 1 1 2 0000
9 -24 0 0 -213 -492 0 1 2 0000
34 24 1 0 -219 -463 0 0 0 0000
31 6 1 0 -216 -492 1 0 5 0000
-20 -4 0 0 -213 -534 1 1 1 0000
22 14 0 0 -236 -485 1 2 -2 0000
26 -5 1 0 -230 -528 2 -1 2 0000
25 -6 0 0 -251 -504 0 2 2 0000
-31 -39 -1 0 -250 -500 0 -2 1 0000
1 2 0 0 -264 -491 3 -1 -1 0000
-58 -51 -1 -1 -262 -486 -3 -1 0 0000
29 24 1 0 -260 -456 3 2 1 0000
22 23 0 0 -263 -477 3 3 2 0000
43 15 1 1 -242 -494 -2 2 2 0000
11 13 0 0 -297 -499 0 -3 1 0000
8 3 0 0 -279 -495 1 3 -1 0000
4 -37 0 0 -235 -498 -1 -1 -3 0000
-20 3 0 0 -269 -460 2 2 -2 0000
1 49 0 0 -307 -532 0 1 -3 0000
-22 -18 0 0 -270 -472 2 2 -1 0000
87 51 2 1 -301 -465 -2 2 -1 0000
8 32 0 0 -254 -517 -1 0 -4 0000
-9 -2 0 0 -293 -488 3 -4 -2 0000
11 -9 0 0 -267 -518 -2 2 -6 0000
69 75 1 1 -318 -498 -2 1 1 0000
36 40 1 0 -277 -477 -3 3 1 0000
104 93 2 1 -302 -453 4 2 -1 0000
-24 24 0 0 -272 -496 1 -1 3 0000
20 29 0 0 -305 -473 -1 -4 2 0000
0 24 0 0 -299 -463 0 1 2 0000
17 30 0 0 -306 -492 -2 -1 -4 0000
25 52 1 0 -292 -501 -1 4 0 0000
30 25 1 0 -304 -455 -4 -3 -1 0000
-7 11 0 0 -283 -449 2 2 1 0000
-10 -35 0 0 -300 -468 2 0 0 0000
0 17 0 0 -280 -454 -3 0 0 0000
14 34 0 0 -292 -491 -2 5 0 0000
3 -46 0 0 -290 -463 0 1 -2 0000
100 58 2 1 -279 -477 0 -5 0 0000
35 53 1 0 -305 -501 -2 2 3 0000
-23 -22 0 0 -294 -481 1 -1 -2 0000
-52 -66 -1 -1 -304 -487 0 -3 -4 0000
60 47 1 1 -303 -471 1 -2 0 0000
-7 16 0 0 -293 -462 2 0 0 0000
57 32 1 1 -295 -450 -3 -2 -2 0000
-9 -29 0 0 -316 -481 -1 1 1 0000
-15 -18 0 0 -298 -487 -4 3 0 0000
0 -11 0 0 -327 -422 1 -3 2 0000
-10 -9 0 0 -277 -445 2 -1 1 0000
-69 -48 -1 -1 -304 -443 4 2 3 0000
-39 -2 -1 0 -287 -407 0 0 -1 0000
-58 -34 -1 -1 -305 -471 1 1 3 0000
-89 -44 -2 -1 -308 -473 -1 -4 3 0000
-138 -100 -3 -2 -318 -448 2 3 1 0000
-211 -91 -4 -3 -321 -441 0 -3 -4 0000
-182 -99 -4 -2 -301 -464 3 -1 -1 0000
-248 -143 -5 -3 -304 -456 -3 1 -1 0000
-277 -170 -6 -3 -323 -435 3 3 0 0000
-254 -124 -5 -3 -305 -425 0 -4 -1 0000
-227 -111 -5 -3 -311 -412 -2 1 0 0000
-134 -71 -3 -2 -319 -426 -3 3 0 0000
-18 -19 0 0 -297 -403 0 1 2 0000
32 25 1 0 -313 -427 -1 5 -1 0000
177 93 4 2 -282 -426 -2 -1 2 0000
424 225 8 5 -266 -451 5 -1 2 0000
698 402 14 8 -309 -449 -1 -1 0 0000
1074 688 21 13 -269 -403 -1 -1 3 0000
1458 882 29 17 -261 -419 2 -2 1 0000
1694 1038 34 20 -264 -399 2 1 -1 0000
1794 1067 36 22 -296 -393 1 1 -1 0001
1674 1012 33 20 -245 -406 -1 -1 2 0000
1453 901 29 17 -265 -393 -1 -3 -1 0000
1087 630 22 13 -268 -352 0 0 1 0000
710 427 14 9 -291 -410 0 -2 -1 0000
372 241 7 4 -285 -435 2 -1 1 0000
141 66 3 2 -276 -404 1 0 1 0000
10 34 0 0 -290 -396 1 2 2 0000
-162 -94 -3 -2 -261 -378 0 -2 -4 0000
-218 -125 -4 -3 -248 -379 0 4 4 0000
-245 -179 -5 -3 -270 -398 -6 -1 2 0000
-151 -104 -3 -2 -241 -372 1 -2 -2 0000
-173 -101 -3 -2 -266 -339 1 1 0 0000
-175 -125 -3 -2 -250 -384 -1 2 1 0000
-78 -35 -2 -1 -247 -389 0 -3 0 0000
-41 -6 -1 0 -255 -384 -1 1 -2 0000
24 -17 0 0 -213 -372 1 2 0 0000
41 18 1 0 -243 -402 -2 1 1 0000
92 50 2 1 -196 -373 1 0 3 0000
153 104 3 2 -249 -362 1 0 -2 0000
103 57 2 1 -215 -371 -1 -1 1 0000
123 79 2 1 -235 -356 -4 1 -1 0000
174 81 3 2 -192 -361 0 -1 0 0000
158 118 3 2 -178 -367 3 1 -1 0000
207 104 4 2 -194 -323 1 0 4 0000
289 174 6 3 -167 -329 -3 -1 1 0000
222 123 4 3 -173 -331 -1 -1 0 0000
233 133 5 3 -125 -332 3 -2 2 0000
183 100 4 2 -130 -318 -1 3 0 0000
287 178 6 3 -143 -330 -1 1 1 0000
240 144 5 3 -122 -361 1 -3 1 0000
299 179 6 4 -116 -324 -2 -3 0 0000
322 178 6 4 -118 -339 -1 -1 0 0000
267 155 5 3 -96 -310 -1 -3 0 0000
392 206 8 5 -80 -322 -1 -2 2 0000
317 226 6 4 -81 -340 -3 0 -2 0000
384 217 8 5 -69 -344 -4 3 -2 0000
345 201 7 4 -62 -277 0 -1 0 0000
333 198 7 4 -44 -329 -3 -4 1 0000
355 206 7 4 -10 -308 1 0 -3 0000
389 267 8 5 7 -273 3 -2 1 0000
388 258 8 5 39 -297 1 3 -2 0000
405 213 8 5 5 -272 2 2 0 0000
430 249 9 5 48 -269 -4 -3 -1 0000
369 225 7 4 32 -316 -2 3 0 0000
356 224 7 4 36 -271 -3 -2 0 0000
389 236 8 5 63 -291 1 -2 -1 0000
354 235 7 4 71 -281 -3 -1 -1 0000
390 247 8 5 118 -243 -2 -1 -1 0000
405 263 8 5 109 -254 -3 1 0 0000
366 225 7 4 91 -249 -3 0 -3 0000
361 246 7 4 118 -283 4 0 0 0000
310 184 6 4 155 -273 1 1 -1 0000
366 219 7 4 157 -243 1 -2 -4 0000
343 198 7 4 174 -264 -1 1 0 0000
366 206 7 4 185 -207 4 1 -1 0000
341 227 7 4 197 -241 1 -2 -2 0000
370 205 7 4 194 -218 -2 0 -1 0000
248 144 5 3 227 -260 -1 -2 -1 0000
324 193 6 4 196 -229 -2 -1 2 0000
273 170 5 3 192 -228 -2 1 -2 0000
238 125 5 3 209 -237 4 2 3 0000
242 167 5 3 257 -254 0 1 2 0000
240 143 5 3 275 -198 2 2 -2 0000
210 140 4 3 262 -215 -2 -1 -2 0000
231 114 5 3 266 -171 3 1 -2 0000
151 83 3 2 285 -160 3 0 2 0000
193 130 4 2 276 -195 1 -5 1 0000
189 132 4 2 301 -197 0 0 -2 0000
232 135 5 3 292 -188 -3 1 -3 0000
181 110 4 2 290 -207 -3 -3 2 0000
96 79 2 1 278 -170 -3 2 -4 0000
93 63 2 1 323 -199 1 3 -1 0000
115 67 2 1 292 -175 0 0 -4 0000
123 110 2 1 266 -192 0 1 -4 0000
128 88 3 2 292 -185 -1 2 3 0000
118 84 2 1 286 -133 0 1 -3 0000
79 37 2 1 265 -157 -3 2 0 0000
133 81 3 2 306 -161 1 -2 3 0000
43 5 1 1 297 -128 -3 2 -3 0000
64 59 1 1 306 -203 0 -1 -1 0000
52 14 1 1 271 -158 0 4 2 0000
20 1 0 0 263 -123 -2 1 1 0000
37 58 1 0 239 -125 0 1 -3 0000
71 19 1 1 287 -95 -2 3 1 0000
63 50 1 1 271 -102 2 0 -3 0000
-7 1 0 0 238 -118 -2 0 2 0000
36 -19 1 0 218 -123 2 0 -1 0000
38 25 1 0 225 -81 -2 -1 1 0000
60 32 1 1 234 -107 0 -2 -2 0000
-3 -7 0 0 219 -99 -1 -3 -1 0000
28 18 1 0 215 -53 -1 2 3 0000
15 -3 0 0 168 -86 0 -4 2 0000
-31 -12 -1 0 204 -83 0 -2 4 0000
3 -9 0 0 186 -68 3 1 7 0000
8 5 0 0 150 -79 5 2 1 0000
18 13 0 0 148 -86 3 0 1 0000
71 56 1 1 139 -66 1 -3 0 0000
46 13 1 1 86 -41 -1 3 3 0000
32 -18 1 0 104 -74 2 0 0 0000
-10 -63 0 0 92 -69 -1 3 1 0000
-2 -14 0 0 76 -60 1 -5 -1 0000
2 3 0 0 81 -45 2 1 -2 0000
15 0 0 0 31 -71 -2 1 0 0000
-30 -30 -1 0 47 -58 2 -1 1 0000
16 -31 0 0 11 0 2 -2 1 0000
-29 -51 -1 0 27 -51 -3 -4 0 0000
70 28 1 1 3 -14 -3 2 2 0000
-5 -26 0 0 -55 -17 -2 -1 -1 0000
-12 -41 0 0 -6 -19 1 -1 -1 0000
3 -13 0 0 -38 -34 -4 -2 -2 0000
-31 11 -1 0 -55 -26 -1 -2 -3 0000
0 5 0 0 -86 -45 3 2 1 0000
-25 -25 -1 0 -68 -42 0 -1 -5 0000
-27 -45 -1 0 -92 2 2 0 -1 0000
-3 -5 0 0 -101 -18 -1 0 -1 0000
8 8 0 0 -115 -10 0 -5 -2 0000
-2 -34 0 0 -100 -42 1 4 -2 0000
-37 -13 -1 0 -121 45 1 -2 1 0000
-23 -38 0 0 -108 23 3 2 -1 0000
-17 10 0 0 -109 28 2 2 -2 0000
25 48 1 0 -145 35 0 0 -1 0000
-10 20 0 0 -163 27 0 -3 0 0000
7 -19 0 0 -194 55 1 0 0 0000
-17 -5 0 0 -186 34 2 0 -2 0000
32 42 1 0 -174 39 3 -1 -2 0000
-33 -2 -1 0 -185 53 3 -4 1 0000
29 -8 1 0 -184 36 -2 3 3 0000
8 -28 0 0 -214 39 2 0 -1 0000
-10 -34 0 0 -210 7 2 -1 -3 0000
6 -1 0 0 -210 82 0 0 2 0000
13 -16 0 0 -240 44 4 -3 1 0000
0 2 0 0 -229 71 1 6 -3 0000
-34 3 -1 0 -241 99 -1 1 -2 0000
-29 -39 -1 0 -235 95 3 -1 0 0000
-19 -42 0 0 -247 129 3 5 -1 0000
-38 11 -1 0 -262 130 2 1 0 0000
0 -28 0 0 -274 124 0 1 -2 0000
-37 -37 -1 0 -252 101 1 1 -1 0000
-28 -7 -1 0 -254 101 0 2 1 0000
-39 -33 -1 0 -256 71 0 0 -2 0000
10 -24 0 0 -280 121 3 -1 -3 0000
-19 3 0 0 -263 123 0 -3 2 0000
-3 1 0 0 -296 78 2 2 -2 0000
-3 3 0 0 -279 119 0 2 2 0000
-4 -7 0 0 -289 136 -1 -3 3 0000
-27 -41 -1 0 -278 141 -1 0 2 0000
34 17 1 0 -275 141 -1 -2 1 0000
-31 -44 -1 0 -282 122 -1 0 -1 0000
-15 10 0 0 -277 186 2 0 -2 0000
-30 -62 -1 0 -281 163 -3 -3 -1 0000
-38 12 -1 0 -300 151 -1 -2 0 0000
-17 -11 0 0 -292 164 1 0 0 0000
-1 27 0 0 -283 126 1 -2 2 0000
-72 -51 -1 -1 -314 138 1 -3 -2 0000
-14 -16 0 0 -297 142 3 1 -3 0000
41 23 1 0 -307 188 -3 1 1 0000
-9 12 0 0 -282 181 0 -1 2 0000
-42 -9 -1 0 -295 167 1 0 -2 0000
5 -17 0 0 -305 161 0 -1 3 0000
-61 -36 -1 -1 -285 185 1 0 -3 0000
-20 11 0 0 -304 236 6 -1 1 0000
-22 -18 0 0 -297 204 1 0 3 0000
-59 -7 -1 -1 -301 194 2 2 1 0000
2 -8 0 0 -313 209 0 -1 -4 0000
10 8 0 0 -298 172 -2 1 3 0000
27 23 1 0 -303 211 0 1 5 0000
44 5 1 1 -287 241 0 3 3 0000
-19 10 0 0 -296 209 -2 -1 3 0000
20 12 0 0 -299 231 2 1 3 0000
-20 6 0 0 -309 230 3 3 -1 0000
6 4 0 0 -276 226 -2 3 1 0000
-29 8 -1 0 -304 200 2 -1 0 0000
-7 2 0 0 -324 237 0 1 2 0000
31 6 1 0 -287 247 0 -2 -1 0000
0 -4 0 0 -298 243 -2 0 -2 0000
-27 -7 -1 0 -268 221 3 0 -2 0000
-89 -96 -2 -1 -304 255 0 1 0 0000
-31 -1 -1 0 -281 240 -1 2 -1 0000
0 27 0 0 -312 224 -1 -1 1 0000
-112 -59 -2 -1 -317 255 0 3 -1 0000
-127 -32 -3 -2 -281 294 -4 1 3 0000
-126 -68 -3 -2 -299 283 0 -3 0 0000
-142 -37 -3 -2 -327 302 -1 -1 0 0000
-246 -147 -5 -3 -309 276 2 2 0 0000
-260 -178 -5 -3 -307 279 0 -1 3 0000
-304 -174 -6 -4 -284 281 0 -1 -5 0000
-235 -141 -5 -3 -294 264 -2 3 1 0000
-175 -121 -3 -2 -319 290 1 1 3 0000
-169 -81 -3 -2 -316 295 -1 -2 2 0000
-72 -55 -1 -1 -291 260 1 6 -3 0000
9 -25 0 0 -282 283 4 2 -3 0000
175 75 3 2 -284 319 6 0 1 0000
429 267 9 5 -320 303 1 -2 -1 0000
729 448 15 9 -276 291 2 -1 1 0000
1021 672 20 12 -272 294 3 0 0 0000
1472 914 29 18 -290 317 1 -1 -2 0000
1702 1019 34 20 -264 344 -1 3 0 0000
1866 1141 37 22 -268 376 0 2 -2 0001
1770 1067 35 21 -316 294 2 -3 -3 0000
1391 835 28 17 -279 351 -1 -3 0 0000
1105 636 22 13 -284 332 1 -1 1 0000
675 411 13 8 -320 323 0 1 3 0000
329 208 7 4 -280 357 0 -1 2 0000
98 60 2 1 -255 347 0 -2 5 0000
-55 0 -1 -1 -268 375 1 -2 0 0000
-174 -85 -3 -2 -259 333 0 1 -1 0000
-249 -127 -5 -3 -259 377 1 4 1 0000
-229 -133 -5 -3 -233 348 -1 2 2 0000
-259 -150 -5 -3 -245 348 -1 -1 -2 0000
-198 -164 -4 -2 -246 333 1 -2 -1 0000
-114 -57 -2 -1 -239 353 0 0 -1 0000
-133 -85 -3 -2 -240 364 1 2 0 0000
-46 -22 -1 -1 -230 372 -3 3 4 0000
29 18 1 0 -244 366 -1 4 0 0000
52 39 1 1 -220 357 2 1 2 0000
72 30 1 1 -228 381 -1 4 -1 0000
86 65 2 1 -230 376 0 5 -1 0000
131 81 3 2 -193 401 1 1 0 0000
195 98 4 2 -199 379 2 -2 -2 0000
155 101 3 2 -197 388 0 1 -1 0000
170 124 3 2 -189 393 -2 3 4 0000
204 108 4 2 -206 399 -1 3 0 0000
215 168 4 3 -157 371 2 -1 0 0000
274 167 5 3 -164 371 -1 -3 0 0000
292 167 6 3 -122 402 0 -1 1 0000
214 127 4 3 -179 419 0 1 -1 0000
281 146 6 3 -128 406 -4 -1 -4 0000
291 187 6 3 -140 378 0 -2 2 0000
290 140 6 3 -109 396 -3 -2 1 0000
309 162 6 4 -105 392 1 2 -1 0000
343 194 7 4 -103 454 -1 -1 0 0000
350 201 7 4 -83 449 0 -1 3 0000
304 182 6 4 -72 431 0 2 -2 0000
381 213 8 5 -55 408 -3 3 -3 0000
400 225 8 5 -52 421 -4 4 2 0000
378 226 8 5 -36 416 0 3 3 0000
291 210 6 3 -8 423 4 4 -1 0000
420 265 8 5 -4 465 1 -2 0 0000
338 174 7 4 -29 416 0 -2 2 0000
434 292 9 5 -1 416 2 1 2 0000
387 206 8 5 39 418 2 -1 -2 0000
367 193 7 4 42 435 1 4 0 0000
342 205 7 4 34 441 1 -1 1 0000
420 284 8 5 81 440 1 1 -2 0000
379 235 8 5 96 454 0 -1 1 0000
381 244 8 5 102 456 -1 -1 -3 0000
386 234 8 5 83 440 0 1 0 0000
368 220 7 4 134 459 -3 0 3 0000
334 199 7 4 116 486 0 0 -1 0000
291 115 6 3 174 421 -2 0 0 0000
379 230 8 5 140 439 -1 3 -1 0000
373 259 7 4 160 454 5 -3 2 0000
326 171 7 4 177 466 -2 2 0 0000
304 225 6 4 190 434 0 4 -1 0000
342 236 7 4 188 450 1 -5 0 0000
276 191 6 3 217 477 -1 1 -4 0000
304 186 6 4 209 457 -2 -1 0 0000
233 138 5 3 229 435 0 1 -3 0000
287 143 6 3 237 456 -3 -1 0 0000
256 154 5 3 249 491 3 1 5 0000
233 137 5 3 268 484 2 -1 2 0000
213 112 4 3 261 463 -1 0 3 0000
242 136 5 3 250 502 -1 3 1 0000
228 131 5 3 280 488 -2 3 1 0000
219 150 4 3 264 472 0 -1 -4 0000
239 119 5 3 262 465 3 2 1 0000
135 79 3 2 297 458 -2 2 3 0000
114 74 2 1 311 470 -2 2 -3 0000
193 102 4 2 321 497 3 3 -1 0000
126 86 3 2 290 429 1 -1 0 0000
148 124 3 2 300 551 0 4 2 0000
106 66 2 1 311 456 -3 -1 -1 0000
49 18 1 1 339 476 -1 2 -1 0000
113 73 2 1 312 471 -3 2 3 0000
90 60 2 1 266 470 0 0 0 0000
29 41 1 0 314 456 1 -2 3 0000
43 19 1 1 294 495 -1 4 -2 0000
40 24 1 0 309 501 2 -3 1 0000
45 23 1 1 284 483 0 -2 -2 0000
21 -9 0 0 302 462 -2 0 4 0000
16 26 0 0 269 485 3 3 -3 0000
34 16 1 0 281 521 0 2 -1 0000
26 24 1 0 265 484 -1 3 1 0000
-48 -49 -1 -1 283 501 3 -1 -2 0000
-9 -6 0 0 231 487 -1 1 0 0000
2 13 0 0 228 524 -3 -3 -2 0000
25 38 0 0 185 515 -2 -2 0 0000
23 -7 0 0 234 499 0 3 -3 0000
-8 -6 0 0 196 483 0 3 1 0000
-22 -41 0 0 223 473 -1 1 0 0000
-13 -43 0 0 167 521 -1 -3 3 0000
-4 -17 0 0 185 470 -1 -2 3 0000
-10 -25 0 0 157 489 0 -2 -2 0000
-9 8 0 0 165 505 -2 0 0 0000
-10 10 0 0 129 474 -1 -3 -1 0000
-75 -29 -2 -1 133 530 0 0 0 0000
37 23 1 0 117 515 -1 2 -3 0000
-46 -22 -1 -1 99 486 -3 -2 0 0000
-45 -29 -1 -1 95 462 -3 -3 0 0000
-17 -7 0 0 56 465 3 3 -2 0000
11 9 0 0 47 521 -1 1 2 0000
-19 -29 0 0 22 499 0 2 -1 0000
9 9 0 0 41 505 -4 1 0 0000
-23 34 0 0 11 477 -5 0 0 0000
-17 -24 0 0 -14 537 -1 -1 0 0000
-37 -40 -1 0 -30 462 -2 -2 -1 0000
-26 -21 -1 0 -34 516 -1 -2 3 0000
-66 -40 -1 -1 -22 507 -3 -4 -2 0000
-21 -48 0 0 -43 516 2 -1 0 0000
-69 -41 -1 -1 -51 465 0 5 2 0000
-7 -23 0 0 -63 490 0 1 1 0000
72 62 1 1 -57 509 -6 -2 -1 0000
-69 -16 -1 -1 -90 497 -4 3 1 0000
-54 -35 -1 -1 -119 459 -3 -2 0 0000
-21 -36 0 0 -126 508 -3 -2 -1 0000
-39 -37 -1 0 -130 508 4 0 -4 0000
-5 -35 0 0 -151 488 -3 -3 1 0000
40 44 1 0 -169 501 -3 1 -1 0000
26 -22 1 0 -137 496 -2 -3 3 0000
-33 -16 -1 0 -151 487 1 3 -1 0000
23 37 0 0 -156 498 2 -2 -2 0000
13 1 0 0 -182 546 1 -2 -2 0000
4 -23 0 0 -209 506 -5 -4 2 0000
-40 -65 -1 0 -200 478 1 -2 1 0000
12 -10 0 0 -211 491 0 2 -1 0000
7 -22 0 0 -195 474 1 0 2 0000
27 26 1 0 -210 478 1 1 -5 0000
-38 12 -1 0 -229 518 -3 -4 2 0000
-16 -34 0 0 -228 513 -2 2 0 0000
-37 -15 -1 0 -256 456 2 4 -1 0000
-65 -70 -1 -1 -228 515 5 -1 2 0000
-23 -9 0 0 -238 479 0 3 0 0000
1 42 0 0 -233 474 3 -3 1 0000
-2 -24 0 0 -232 496 3 1 0 0000
-60 -27 -1 -1 -210 497 -2 3 2 0000
25 21 0 0 -227 491 -1 0 4 0000
14 -23 0 0 -269 490 -1 -3 3 0000
-36 8 -1 0 -274 471 -3 -4 -2 0000
3 17 0 0 -274 511 -1 0 0 0000
-67 -56 -1 -1 -291 484 0 0 -1 0000
-42 -42 -1 0 -298 470 6 -2 1 0000
11 0 0 0 -272 456 -2 2 0 0000
-27 -20 -1 0 -279 485 -1 1 -2 0000
-38 -25 -1 0 -296 472 -2 1 0 0000
-9 -3 0 0 -302 448 0 -2 -1 0000
-44 -16 -1 -1 -282 478 0 0 -5 0000
-65 -47 -1 -1 -296 449 3 0 -2 0000
-10 5 0 0 -297 425 -4 0 1 0000
-21 -36 0 0 -294 433 0 -3 -3 0000
-21 -12 0 0 -298 461 0 2 -2 0000
8 7 0 0 -286 443 1 0 4 0000
-26 15 -1 0 -276 433 1 3 -2 0000
-23 -3 0 0 -301 467 -2 -4 1 0000
-58 -68 -1 -1 -309 475 0 2 1 0000
-71 -39 -1 -1 -282 434 1 2 2 0000
-29 -1 -1 0 -302 454 -1 1 -1 0000
-55 -31 -1 -1 -266 430 1 0 2 0000
-13 -10 0 0 -276 494 1 1 2 0000
-26 -38 -1 0 -291 460 2 4 1 0000
21 20 0 0 -288 402 2 2 1 0000
-30 -17 -1 0 -306 463 -3 2 0 0000
-27 34 -1 0 -302 451 0 -2 1 0000
-33 -11 -1 0 -286 437 2 0 2 0000
-24 -18 0 0 -294 386 3 1 0 0000
-25 17 0 0 -286 420 0 3 -3 0000
4 -8 0 0 -316 431 3 0 -5 0000
-56 -52 -1 -1 -311 410 5 3 3 0000
-8 9 0 0 -315 450 2 0 1 0000
-23 -22 0 0 -286 415 -1 1 -1 0000
40 77 1 0 -307 385 -1 1 4 0000
-65 -65 -1 -1 -308 409 3 2 0 0000
-57 -28 -1 -1 -298 416 0 -3 0 0000
-26 -9 -1 0 -280 405 0 -2 -4 0000
-2 -7 0 0 -308 430 -2 -1 5 0000
-21 -15 0 0 -285 432 -3 1 1 0000
-69 -21 -1 -1 -289 405 0 2 -1 0000
-69 -21 -1 -1 -311 363 -2 3 0 0000
-156 -78 -3 -2 -285 424 1 -1 3 0000
-121 -92 -2 -1 -283 396 0 -2 -1 0000
-129 -89 -3 -2 -283 370 -2 -2 2 0000
-203 -115 -4 -2 -298 411 3 2 1 0000
-248 -167 -5 -3 -320 393 0 -1 0 0000
-293 -177 -6 -4 -297 375 -2 -1 3 0000
-282 -169 -6 -3 -308 391 -3 -2 -1 0000
-213 -159 -4 -3 -298 394 1 1 -1 0000
-237 -137 -5 -3 -302 354 0 0 -1 0000
-200 -115 -4 -2 -301 349 2 3 0 0000
-71 -64 -1 -1 -282 381 2 -2 2 0000
-61 -48 -1 -1 -268 344 2 -4 -2 0000
143 73 3 2 -286 405 1 1 -4 0000
388 232 8 5 -274 391 2 0 0 0000
677 446 14 8 -260 339 -4 1 -2 0000
1044 595 21 13 -283 334 0 -1 2 0000
1432 870 29 17 -270 323 3 -2 0 0000
1707 1063 34 20 -253 383 -1 5 -2 0000
1789 1051 36 21 -262 324 1 -1 -2 0001
1679 1027 34 20 -250 353 3 -2 1 0000
1380 855 28 17 -290 384 -4 -1 0 0000
1053 666 21 13 -275 345 2 -3 -1 0000
627 384 13 8 -283 306 1 4 0 0000
324 166 6 4 -305 305 -1 0 2 0000
97 60 2 1 -254 340 -3 0 1 0000
-114 -56 -2 -1 -271 304 -2 -1 -1 0000
-176 -121 -4 -2 -251 330 -3 -3 3 0000
-242 -133 -5 -3 -234 323 -4 2 -1 0000
-224 -122 -4 -3 -262 311 5 3 2 0000
-194 -103 -4 -2 -264 310 2 2 5 0000
-248 -154 -5 -3 -259 286 1 2 -1 0000
-141 -102 -3 -2 -277 309 2 -2 -2 0000
-108 -41 -2 -1 -219 302 -3 1 -2 0000
-54 -38 -1 -1 -249 280 -1 -2 1 0000
26 0 1 0 -234 287 2 -2 3 0000
52 27 1 1 -229 307 -1 -1 -1 0000
69 40 1 1 -222 332 -1 3 -4 0000
90 55 2 1 -209 275 2 -2 0 0000
111 82 2 1 -239 276 1 -1 0 0000
136 52 3 2 -203 289 -1 -2 3 0000
132 68 3 2 -218 305 0 -4 -1 0000
205 153 4 2 -195 265 -3 0 -1 0000
199 158 4 2 -178 283 2 1 2 0000
217 132 4 3 -168 253 0 -2 0 0000
215 121 4 3 -159 261 -1 1 0 0000
230 112 5 3 -160 265 -2 1 3 0000
241 155 5 3 -143 237 0 2 0 0000
287 179 6 3 -149 227 1 -2 -2 0000
252 167 5 3 -141 217 1 1 3 0000
244 140 5 3 -123 246 1 0 -1 0000
307 176 6 4 -101 271 -1 -3 2 0000
325 199 7 4 -88 248 0 1 -1 0000
273 144 5 3 -74 207 2 3 3 0000
349 170 7 4 -68 248 -2 1 0 0000
321 181 6 4 -64 246 4 0 1 0000
337 201 7 4 -61 194 -1 1 -1 0000
369 233 7 4 -11 211 -2 1 -3 0000
358 216 7 4 -20 231 3 1 0 0000
411 249 8 5 -4 205 -3 -1 -1 0000
401 241 8 5 1 191 1 -1 1 0000
331 152 7 4 31 257 2 -2 3 0000
386 214 8 5 20 195 -1 2 -1 0000
385 212 8 5 32 211 0 2 0 0000
362 206 7 4 53 165 1 -2 -3 0000
441 259 9 5 63 210 1 -2 2 0000
304 188 6 4 114 135 -1 0 0 0000
347 203 7 4 78 186 -1 -3 -1 0000
396 212 8 5 94 167 4 -3 -6 0000
330 249 7 4 146 183 0 0 -1 0000
319 177 6 4 143 186 -1 0 1 0000
322 181 6 4 161 151 1 1 2 0000
330 211 7 4 157 141 -4 -1 3 0000
310 162 6 4 186 157 2 -1 -4 0000
334 210 7 4 194 153 0 0 -2 0000
262 89 5 3 197 144 1 -2 -4 0000
360 229 7 4 217 157 0 -3 -1 0000
299 166 6 4 214 136 1 -1 3 0000
276 168 6 3 219 94 0 1 1 0000
224 136 4 3 208 151 -2 -1 0 0000
271 195 5 3 251 126 -2 -1 -1 0000
236 143 5 3 250 99 1 -5 -1 0000
209 128 4 3 256 112 2 3 0 0000
204 151 4 2 267 127 -2 1 1 0000
175 104 4 2 257 78 1 0 0 0000
142 83 3 2 265 91 1 -2 1 0000
180 113 4 2 288 111 0 3 -2 0000
207 115 4 2 283 107 -4 2 -2 0000
158 65 3 2 301 111 2 -2 1 0000
109 39 2 1 293 85 -2 -2 1 0000
56 38 1 1 287 75 -1 -2 0 0000
135 66 3 2 300 111 1 -1 3 0000
61 60 1 1 319 92 -2 -1 1 0000
95 33 2 1 310 83 1 3 -3 0000
91 33 2 1 322 47 1 1 1 0000
81 20 2 1 317 48 1 2 -1 0000
78 64 2 1 298 53 4 5 1 0000
73 42 1 1 287 39 6 -1 1 0000
12 46 0 0 275 83 1 1 0 0000
-1 -6 0 0 290 14 -1 1 2 0000
-26 -26 -1 0 286 19 0 0 -1 0000
21 -28 0 0 271 52 1 1 0 0000
52 83 1 1 262 38 0 2 -4 0000
47 30 1 1 256 -13 3 3 -1 0000
-10 -41 0 0 262 21 1 0 -1 0000
-1 -7 0 0 233 12 -2 1 2 0000
-45 -44 -1 -1 215 12 -1 0 1 0000
-52 -50 -1 -1 228 -12 -1 -1 -3 0000
-33 -12 -1 0 202 -9 -1 5 0 0000
15 28 0 0 192 27 -3 0 1 0000
-19 -27 0 0 207 18 1 2 0 0000
27 29 1 0 180 17 0 -1 1 0000
-1 -20 0 0 181 14 1 1 -4 0000
50 3 1 1 153 -18 -1 0 -1 0000
-51 -48 -1 -1 157 -29 -4 1 2 0000
-63 -36 -1 -1 145 -5 -2 -1 3 0000
3 11 0 0 113 -26 -2 0 0 0000
-31 6 -1 0 103 -23 -1 -2 -5 0000
-54 -69 -1 -1 75 -61 1 4 2 0000
-66 -51 -1 -1 123 -61 0 2 0 0000
-45 11 -1 -1 65 -15 -4 2 3 0000
-22 -28 0 0 62 -40 4 0 -1 0000
4 12 0 0 67 -33 -1 3 2 0000
-6 8 0 0 40 -49 0 3 1 0000
-24 -5 0 0 8 -82 -2 -2 -2 0000
-20 -18 0 0 17 -78 -2 -1 0 0000
-34 14 -1 0 13 -60 0 -1 -1 0000
-23 -9 0 0 -38 -72 -2 4 -1 0000
4 7 0 0 -16 -124 2 -2 -3 0000
-51 -49 -1 -1 -16 -80 1 1 -1 0000
-61 -96 -1 -1 -36 -82 -1 0 0 0000
-47 -46 -1 -1 -56 -109 0 1 -1 0000
-31 -47 -1 0 -68 -124 -2 -2 0 0000
-26 -31 -1 0 -80 -112 2 0 2 0000
-9 -31 0 0 -111 -113 -1 1 -3 0000
-57 -53 -1 -1 -114 -121 1 0 -2 0000
-32 -15 -1 0 -123 -127 1 0 -3 0000
-49 -61 -1 -1 -107 -100 2 2 6 0000
-56 -22 -1 -1 -144 -114 1 0 0 0000
34 10 1 0 -148 -116 -1 -3 0 0000
-42 -4 -1 -1 -154 -106 4 2 -4 0000
-4 -4 0 0 -171 -123 -1 2 4 0000
-72 -35 -1 -1 -183 -137 0 0 -3 0000
1 -42 0 0 -155 -129 2 -3 -1 0000
-77 -33 -2 -1 -179 -163 -2 -1 0 0000
36 31 1 0 -205 -143 0 4 3 0000
-35 -34 -1 0 -191 -131 -1 -3 -3 0000
-23 -15 0 0 -208 -176 -1 3 0 0000
13 20 0 0 -209 -147 2 -3 1 0000
7 1 0 0 -239 -195 0 -1 3 0000
-56 -34 -1 -1 -204 -181 0 1 -1 0000
-48 -50 -1 -1 -218 -160 0 0 0 0000
0 -11 0 0 -230 -189 -1 -1 -1 0000
-44 -2 -1 -1 -229 -146 -1 -2 1 0000
-41 -3 -1 0 -238 -202 4 2 -2 0000
-36 -3 -1 0 -246 -203 1 2 1 0000
-101 -80 -2 -1 -235 -180 -2 -2 0 0000
-1 18 0 0 -243 -174 0 3 -1 0000
-17 -3 0 0 -243 -200 0 0 0 0000
-19 28 0 0 -249 -184 2 2 1 0000
10 -14 0 0 -270 -205 1 -1 0 0000
-73 -47 -1 -1 -236 -234 -4 0 3 0000
11 33 0 0 -269 -214 -5 0 -3 0000
-8 -13 0 0 -264 -175 2 -2 0 0000
34 40 1 0 -281 -217 -1 -1 -2 0000
-8 0 0 0 -277 -234 2 -3 -3 0000
-57 -52 -1 -1 -277 -201 -4 -2 0 0000
-81 -56 -2 -1 -279 -206 -1 1 -1 0000
-48 -22 -1 -1 -299 -225 4 1 -1 0000
-26 15 -1 0 -284 -237 0 3 3 0000
-59 -23 -1 -1 -276 -280 -3 0 -1 0000
-63 -40 -1 -1 -297 -242 1 1 3 0000
2 -16 0 0 -254 -246 0 0 1 0000
-18 15 0 0 -293 -235 1 4 -2 0000
-24 -12 0 0 -284 -262 0 -3 -1 0000
-43 -49 -1 -1 -299 -305 2 -2 -2 0000
-8 -16 0 0 -293 -274 0 1 1 0000
52 39 1 1 -286 -252 1 2 -2 0000
-119 -60 -2 -1 -297 -272 0 -2 -1 0000
-37 -30 -1 0 -291 -263 2 2 1 0000
-7 10 0 0 -317 -250 0 2 2 0000
-28 -46 -1 0 -288 -281 3 1 1 0000
-15 -33 0 0 -288 -296 0 0 0 0000
-66 -44 -1 -1 -298 -311 -2 -2 -3 0000
-36 -47 -1 0 -314 -290 -2 5 0 0000
-74 -47 -1 -1 -326 -296 -4 2 0 0000
-32 8 -1 0 -322 -327 -1 -3 -1 0000
-33 3 -1 0 -300 -301 2 1 0 0000
-21 16 0 0 -307 -313 1 1 2 0000
2 12 0 0 -304 -300 -1 0 -3 0000
-52 -45 -1 -1 -284 -313 1 2 -1 0000
19 37 0 0 -285 -318 -1 3 0 0000
26 24 1 0 -291 -299 2 0 -1 0000
-59 -28 -1 -1 -317 -315 1 1 1 0000
-59 -75 -1 -1 -321 -313 1 -1 -2 0000
-48 -24 -1 -1 -283 -319 0 2 1 0000
-58 -70 -1 -1 -288 -296 0 2 -4 0000
-19 -9 0 0 -331 -351 -3 1 -2 0000
-32 4 -1 0 -313 -386 -3 -1 -1 0000
-82 -31 -2 -1 -317 -342 -3 -1 -1 0000
-179 -120 -4 -2 -264 -360 -2 -1 -3 0000
-181 -108 -4 -2 -304 -356 0 0 -1 0000
-230 -155 -5 -3 -353 -331 4 2 -2 0000
-173 -123 -3 -2 -308 -333 2 -1 -2 0000
-264 -153 -5 -3 -281 -348 1 1 -3 0000
-238 -129 -5 -3 -275 -354 2 2 -2 0000
-294 -150 -6 -4 -305 -367 -1 -1 3 0000
-192 -116 -4 -2 -287 -384 -2 4 -2 0000
-162 -145 -3 -2 -293 -378 4 3 -2 0000
-120 -98 -2 -1 -284 -337 -1 -1 -1 0000
-5 -3 0 0 -312 -364 -3 0 -2 0000
110 95 2 1 -275 -381 -1 -2 -4 0000
357 198 7 4 -316 -363 1 1 2 0000
683 397 14 8 -297 -387 3 0 0 0000
1080 624 22 13 -290 -393 0 -3 3 0000
1432 867 29 17 -282 -406 0 1 1 0000
1687 994 34 20 -298 -332 -3 -2 1 0000
1738 1051 35 21 -285 -398 -1 1 -1 0001
1653 996 33 20 -278 -380 -1 -1 -2 0000
1363 837 27 16 -267 -391 2 0 -2 0000
1012 605 20 12 -264 -384 0 1 0 0000
603 393 12 7 -272 -426 -1 -3 2 0000
283 153 6 3 -272 -386 -1 -1 3 0000
63 37 1 1 -257 -415 1 1 -2 0000
-162 -106 -3 -2 -279 -427 0 1 0 0000
-203 -104 -4 -2 -268 -400 2 -3 1 0000
-262 -161 -5 -3 -281 -405 -1 -4 0 0000
-264 -133 -5 -3 -287 -428 -3 -2 0 0000
-314 -197 -6 -4 -267 -422 1 1 0 0000
-206 -110 -4 -2 -266 -431 2 1 -1 0000
-132 -47 -3 -2 -251 -411 2 1 -1 0000
-172 -110 -3 -2 -249 -418 1 -1 1 0000
-111 -37 -2 -1 -249 -423 3 -1 3 0000
31 -4 1 0 -216 -449 2 0 7 0000
31 32 1 0 -241 -411 0 -1 -3 0000
47 23 1 1 -218 -405 -2 -1 -4 0000
123 53 2 1 -234 -421 2 -2 -4 0000
68 30 1 1 -197 -396 -2 -1 1 0000
163 107 3 2 -205 -434 -2 -3 -4 0000
100 47 2 1 -206 -438 -1 -2 2 0000
210 137 4 3 -184 -470 0 0 1 0000
159 79 3 2 -169 -457 3 -2 5 0000
198 128 4 2 -162 -393 2 0 0 0000
256 140 5 3 -164 -459 1 5 0 0000
204 124 4 2 -150 -461 -3 3 3 0000
229 133 5 3 -133 -454 -2 -1 -1 0000
171 108 3 2 -139 -476 1 -3 -2 0000
246 128 5 3 -112 -478 1 2 -1 0000
286 183 6 3 -95 -500 2 0 -1 0000
296 174 6 4 -116 -467 1 0 -4 0000
270 149 5 3 -76 -463 -3 -3 -2 0000
268 170 5 3 -103 -449 -1 -1 0 0000
311 200 6 4 -89 -497 1 -3 0 0000
383 235 8 5 -76 -466 3 -1 0 0000
344 178 7 4 -32 -486 0 -4 -1 0000
317 197 6 4 -25 -495 2 0 -5 0000
388 254 8 5 -34 -504 1 -3 1 0000
384 213 8 5 -9 -472 2 0 -1 0000
355 203 7 4 29 -496 4 0 0 0000
346 218 7 4 37 -467 0 3 1 0000
342 192 7 4 44 -465 0 2 0 0000
386 209 8 5 27 -460 -3 -1 2 0000
405 267 8 5 49 -502 2 0 -1 0000
360 203 7 4 78 -488 -3 0 0 0000
309 192 6 4 65 -471 0 1 2 0000
375 242 7 4 96 -501 0 2 -3 0000
369 232 7 4 94 -470 -1 1 2 0000
299 147 6 4 94 -488 0 1 -4 0000
407 255 8 5 133 -500 -1 0 1 0000
309 177 6 4 151 -498 -4 1 1 0000
277 161 6 3 152 -459 -1 3 3 0000
270 175 5 3 172 -481 3 -1 2 0000
284 233 6 3 150 -508 0 -1 0 0000
270 147 5 3 209 -486 0 5 3 0000
312 182 6 4 187 -493 0 -2 1 0000
291 191 6 3 200 -461 -1 0 -3 0000
243 155 5 3 203 -479 2 -2 0 0000
225 108 5 3 213 -481 2 -2 0 0000
184 123 4 2 251 -472 1 1 5 0000
230 113 5 3 232 -491 2 -2 2 0000
179 106 4 2 248 -477 -1 2 0 0000
221 111 4 3 302 -487 -3 -3 3 0000
163 66 3 2 256 -485 -3 -3 0 0000
196 77 4 2 305 -517 -4 5 4 0000
122 78 2 1 276 -494 2 -5 -5 0000
114 44 2 1 292 -491 3 0 0 0000
125 80 2 1 289 -475 -2 0 5 0000
139 73 3 2 272 -478 -1 -1 -2 0000
124 72 2 1 287 -530 -2 3 -3 0000
82 42 2 1 319 -484 2 0 -1 0000
58 61 1 1 306 -516 -1 0 -2 0000
98 62 2 1 321 -521 -1 3 -1 0000
65 0 1 1 306 -507 0 0 2 0000
77 66 2 1 327 -495 0 2 1 0000
109 33 2 1 291 -484 -1 1 -3 0000
46 38 1 1 316 -482 -2 3 0 0000
76 48 2 1 296 -495 -1 -1 -1 0000
-7 -17 0 0 276 -498 0 1 -3 0000
20 18 0 0 295 -483 -4 0 1 0000
8 45 0 0 288 -494 0 -3 0 0000
-35 -21 -1 0 245 -493 -2 0 1 0000
19 52 0 0 261 -493 0 4 -2 0000
-35 -16 -1 0 239 -498 3 -1 -3 0000
12 17 0 0 264 -495 0 -1 -2 0000
-30 -47 -1 0 227 -532 -3 -2 1 0000
-26 -4 -1 0 241 -482 -4 3 0 0000
-24 -34 0 0 250 -501 -1 -1 -2 0000
-59 -30 -1 -1 229 -521 -2 1 -1 0000
14 -27 0 0 196 -491 1 -1 1 0000
-35 -41 -1 0 181 -499 0 -1 2 0000
5 -34 0 0 198 -486 2 -1 0 0000
-29 -40 -1 0 149 -518 0 -1 -1 0000
-30 -39 -1 0 128 -516 -2 3 0 0000
-60 -20 -1 -1 144 -490 1 0 0 0000
-11 -47 0 0 171 -503 1 -1 -1 0000
-26 14 -1 0 131 -471 0 -3 -2 0000
-43 -8 -1 -1 99 -498 3 2 -4 0000
-6 6 0 0 61 -485 0 0 1 0000
-19 21 0 0 82 -519 1 2 -1 0000
-29 18 -1 0 37 -533 -3 3 2 0000
-31 -15 -1 0 56 -508 1 1 3 0000
2 -25 0 0 46 -479 0 -2 -4 0000
-35 -11 -1 0 17 -456 -1 -1 2 0000
28 -1 1 0 -13 -492 1 2 1 0000
-19 -32 0 0 -6 -476 -3 -3 1 0000
-40 -24 -1 0 -2 -497 0 1 0 0000
0 21 0 0 -8 -469 -2 0 3 0000
-77 -82 -2 -1 -27 -472 0 -2 0 0000
4 25 0 0 -65 -479 4 -2 2 0000
-93 -71 -2 -1 -68 -419 2 0 -1 0000
-5 -17 0 0 -84 -492 -1 3 2 0000
5 -18 0 0 -75 -481 0 0 1 0000
-84 -47 -2 -1 -71 -503 -3 -1 -1 0000
-44 -39 -1 -1 -79 -506 0 -2 1 0000
-65 -70 -1 -1 -130 -467 0 0 0 0000
-34 -4 -1 0 -126 -461 3 3 -1 0000
-56 -16 -1 -1 -130 -470 2 1 3 0000
-49 -11 -1 -1 -151 -443 3 -2 -1 0000
-62 -40 -1 -1 -152 -497 -1 1 -1 0000
-4 1 0 0 -131 -469 1 0 0 0000
-10 3 0 0 -173 -491 0 -3 1 0000
-19 -8 0 0 -163 -500 -1 2 -1 0000
-29 -17 -1 0 -161 -455 -2 0 2 0000
-24 0 0 0 -205 -476 1 0 1 0000
-44 -40 -1 -1 -198 -433 0 2 1 0000
35 40 1 0 -183 -466 1 0 1 0000
-32 -55 -1 0 -184 -471 1 -1 0 0000
-16 -22 0 0 -213 -441 1 -1 0 0000
-13 -69 0 0 -243 -449 0 1 2 0000
-11 -9 0 0 -226 -433 1 -1 0 0000
5 -35 0 0 -232 -441 0 -3 0 0000
-43 3 -1 -1 -234 -455 -3 3 0 0000
-91 -74 -2 -1 -225 -462 1 -1 0 0000
32 3 1 0 -232 -441 2 1 1 0000
-45 -24 -1 -1 -227 -436 -1 2 -1 0000
-43 -37 -1 -1 -249 -430 1 -4 1 0000
11 13 0 0 -253 -448 0 3 0 0000
-21 -47 0 0 -265 -422 2 1 1 0000
-72 -27 -1 -1 -286 -426 1 0 -1 0000
-27 -13 -1 0 -314 -424 0 0 -1 0000
-81 -63 -2 -1 -286 -459 0 -4 -2 0000
-42 -59 -1 -1 -290 -423 -1 -1 2 0000
-101 -29 -2 -1 -280 -439 2 2 -3 0000
-22 -9 0 0 -273 -393 1 -1 3 0000
-84 -73 -2 -1 -250 -404 2 -2 -1 0000
-72 -5 -1 -1 -287 -399 0 0 -3 0000
-92 -69 -2 -1 -310 -416 1 -1 -1 0000
-16 2 0 0 -287 -439 1 0 -1 0000
-71 -47 -1 -1 -247 -398 -2 2 3 0000
-83 -37 -2 -1 -268 -424 -3 -1 1 0000
-112 -47 -2 -1 -285 -402 0 0 -4 0000
3 33 0 0 -298 -432 0 4 1 0000
-49 -26 -1 -1 -286 -399 1 -2 -2 0000
-70 -37 -1 -1 -283 -422 1 -2 0 0000
-58 -5 -1 -1 -315 -418 2 1 0 0000
-89 -60 -2 -1 -300 -444 -3 -2 -2 0000
8 -27 0 0 -304 -371 1 2 1 0000
-51 -25 -1 -1 -298 -413 1 -3 -2 0000
-54 -12 -1 -1 -314 -400 2 1 1 0000
-14 -37 0 0 -278 -390 0 1 0 0000
-7 24 0 0 -271 -407 0 0 -1 0000
-14 -29 0 0 -310 -352 -1 1 -1 0000
-62 -36 -1 -1 -288 -378 0 -1 1 0000
-83 -45 -2 -1 -296 -360 3 -1 1 0000
-60 -14 -1 -1 -271 -362 1 3 0 0000
-42 18 -1 -1 -325 -374 2 0 1 0000
-47 -19 -1 -1 -304 -352 2 -3 2 0000
-9 -31 0 0 -315 -347 1 -5 -1 0000
-17 12 0 0 -293 -361 1 1 1 0000
-50 -24 -1 -1 -302 -346 -2 -4 0 0000
-25 -36 -1 0 -300 -340 2 1 1 0000
-40 -14 -1 0 -295 -360 0 3 0 0000
-42 -72 -1 0 -303 -360 -2 4 0 0000
-40 6 -1 0 -298 -343 3 -1 -4 0000
-6 -31 0 0 -294 -332 -2 -1 2 0000
-76 -40 -2 -1 -308 -337 4 2 -2 0000
-110 -64 -2 -1 -299 -336 -1 1 0 0000
-161 -107 -3 -2 -307 -328 -1 1 -3 0000
-151 -98 -3 -2 -301 -344 0 -2 2 0000
-131 -99 -3 -2 -281 -294 2 -2 -2 0000
-213 -123 -4 -3 -299 -337 0 -1 0 0000
-264 -122 -5 -3 -269 -330 -1 0 -2 0000
-242 -125 -5 -3 -297 -274 -2 1 2 0000
-331 -195 -7 -4 -271 -327 1 -2 -1 0000
-316 -197 -6 -4 -318 -343 2 -1 1 0000
-200 -110 -4 -2 -291 -299 -2 1 -4 0000
-205 -159 -4 -2 -322 -296 -1 3 -2 0000
-102 -75 -2 -1 -297 -316 1 0 1 0000
-28 15 -1 0 -297 -325 1 0 -1 0000
162 81 3 2 -269 -306 0 0 3 0000
442 275 9 5 -289 -285 1 -1 -1 0000
715 434 14 9 -286 -287 -1 -2 -2 0000
1011 589 20 12 -299 -282 -1 2 -1 0000
1389 817 28 17 -268 -258 -2 -3 0 0000
1643 1000 33 20 -256 -263 -1 -4 3 0000
1740 1075 35 21 -288 -279 3 -1 1 0001
1688 968 34 20 -308 -282 1 3 1 0000
1395 841 28 17 -274 -265 0 1 -1 0000
1061 638 21 13 -270 -257 1 0 3 0000
665 409 13 8 -285 -253 -2 0 1 0000
291 171 6 3 -272 -230 -1 -3 -1 0000
76 70 2 1 -286 -245 2 2 2 0000
-58 -31 -1 -1 -280 -228 0 0 1 0000
-199 -118 -4 -2 -278 -258 -2 -3 -1 0000
-266 -160 -5 -3 -266 -202 3 1 -1 0000
-303 -185 -6 -4 -263 -240 -1 -1 3 0000
-231 -136 -5 -3 -233 -207 -1 -1 0 0000
-191 -129 -4 -2 -229 -222 -4 1 3 0000
-187 -93 -4 -2 -242 -261 -4 0 -1 0000
-117 -59 -2 -1 -220 -231 0 4 4 0000
-57 4 -1 -1 -256 -179 1 1 -1 0000
-57 -45 -1 -1 -223 -205 0 -2 3 0000
64 40 1 1 -258 -199 1 0 -3 0000
7 -17 0 0 -236 -225 3 4 -3 0000
91 65 2 1 -220 -192 1 -1 2 0000
118 104 2 1 -196 -194 1 -4 -3 0000
132 83 3 2 -185 -161 -2 1 2 0000
138 78 3 2 -187 -172 -1 0 1 0000
152 54 3 2 -166 -183 -1 0 0 0000
141 97 3 2 -150 -180 -4 -5 1 0000
166 59 3 2 -174 -201 2 1 2 0000
185 99 4 2 -135 -162 0 -5 0 0000
133 97 3 2 -172 -168 -1 2 0 0000
226 115 5 3 -114 -123 -2 4 -1 0000
238 146 5 3 -121 -135 -1 2 1 0000
225 136 5 3 -142 -166 -2 0 -1 0000
294 190 6 4 -112 -158 -2 1 -3 0000
227 156 5 3 -75 -156 2 -1 1 0000
278 189 6 3 -114 -146 0 -1 -1 0000
332 201 7 4 -75 -96 -1 0 -3 0000
336 217 7 4 -80 -133 0 1 -2 0000
393 236 8 5 -86 -135 -3 -2 2 0000
351 194 7 4 -36 -132 -1 -3 3 0000
332 185 7 4 -57 -105 -3 -3 -4 0000
310 182 6 4 0 -150 -1 -4 -2 0000
393 243 8 5 -37 -113 -1 2 2 0000
319 172 6 4 -37 -74 1 -2 -1 0000
354 164 7 4 21 -96 -1 0 -2 0000
365 236 7 4 23 -88 0 0 0 0000
360 212 7 4 47 -115 -3 -1 -1 0000
365 202 7 4 66 -139 -3 2 2 0000
373 206 7 4 64 -86 -2 1 -1 0000
362 240 7 4 86 -47 1 -3 -1 0000
339 169 7 4 96 -46 -3 1 -1 0000
303 181 6 4 100 -93 1 0 1 0000
344 218 7 4 98 -55 2 0 1 0000
351 212 7 4 115 -45 1 -1 -2 0000
336 166 7 4 139 -47 -4 2 1 0000
360 243 7 4 135 -45 1 3 -2 0000
355 225 7 4 157 -31 3 -2 -1 0000
279 154 6 3 182 -65 -3 2 -2 0000
319 203 6 4 177 -38 -1 4 3 0000
261 161 5 3 206 -38 1 3 2 0000
308 164 6 4 206 6 3 -1 0 0000
282 192 6 3 229 -21 1 -4 1 0000
229 108 5 3 262 -63 0 0 1 0000
172 93 3 2 266 -12 4 1 0 0000
263 153 5 3 239 -9 -2 0 5 0000
199 117 4 2 269 -9 1 -1 1 0000
171 109 3 2 266 -17 0 3 4 0000
157 96 3 2 250 36 2 -1 -3 0000
212 128 4 3 276 -25 -1 -2 0 0000
234 122 5 3 278 32 2 2 -1 0000
152 87 3 2 281 4 2 2 4 0000
110 50 2 1 274 25 -2 -1 -1 0000
147 60 3 2 286 8 -3 1 0 0000
119 82 2 1 288 43 2 -2 0 0000
111 65 2 1 285 22 0 0 0 0000
94 80 2 1 307 -1 -3 1 0 0000
69 29 1 1 318 22 -2 -2 1 0000
120 98 2 1 310 64 2 0 -2 0000
46 42 1 1 291 -6 4 3 -1 0000
80 45 2 1 315 19 1 -1 -3 0000
37 2 1 0 291 12 -2 0 -1 0000
83 70 2 1 299 46 1 2 4 0000
-19 -49 0 0 273 62 1 -2 3 0000
22 -2 0 0 277 67 -3 0 1 0000
41 12 1 0 276 53 1 3 -2 0000
9 6 0 0 264 25 -2 3 -1 0000
3 -6 0 0 241 58 2 0 0 0000
-8 1 0 0 260 83 1 -1 0 0000
21 29 0 0 256 71 -3 -1 -1 0000
38 27 1 0 221 75 0 0 0 0000
-40 -39 -1 0 233 94 -2 2 2 0000
-4 -29 0 0 190 149 -1 1 3 0000
40 -1 1 0 201 111 0 0 4 0000
-53 -65 -1 -1 197 89 3 -1 -1 0000
-9 -2 0 0 192 105 1 0 0 0000
-20 -48 0 0 175 94 1 -1 3 0000
1 -27 0 0 164 131 4 2 4 0000
-54 -27 -1 -1 154 99 -3 -1 -1 0000
-24 24 0 0 147 87 0 3 -1 0000
-71 -67 -1 -1 129 131 2 1 2 0000
-45 -72 -1 -1 120 159 -1 -2 1 0000
-40 -64 -1 0 97 140 -1 3 2 0000
-84 -73 -2 -1 118 118 -1 3 -1 0000
4 16 0 0 87 142 1 1 2 0000
-46 -9 -1 -1 88 147 0 -3 0 0000
-44 -25 -1 -1 56 148 1 0 -1 0000
-55 -44 -1 -1 27 157 -2 -1 1 0000
-39 -11 -1 0 31 149 -3 0 -1 0000
-45 -24 -1 -1 35 194 -1 0 -2 0000
-64 -49 -1 -1 7 208 0 0 1 0000
-85 -46 -2 -1 -4 137 -2 -3 3 0000
-16 -26 0 0 -8 198 -2 -1 0 0000
-9 2 0 0 -40 178 -2 6 1 0000
-29 4 -1 0 -51 157 -5 -1 1 0000
-14 -14 0 0 -86 176 0 1 -1 0000
-89 -68 -2 -1 -66 223 2 -3 0 0000
-63 -55 -1 -1 -62 146 -3 1 1 0000
-37 4 -1 0 -103 193 2 -3 2 0000
-50 -41 -1 -1 -120 222 -3 -3 3 0000
-63 -17 -1 -1 -92 188 -2 1 2 0000
-74 -36 -1 -1 -100 223 2 0 0 0000
-49 -70 -1 -1 -140 231 2 1 2 0000
-42 -26 -1 -1 -140 225 4 -3 -2 0000
-80 -42 -2 -1 -134 234 -2 -3 1 0000
-22 15 0 0 -147 227 0 0 1 0000
-58 19 -1 -1 -188 219 2 -1 4 0000
-2 -25 0 0 -194 245 3 1 0 0000
-73 -77 -1 -1 -206 244 -4 -1 -1 0000
-44 -26 -1 -1 -177 234 1 4 -2 0000
4 -30 0 0 -191 229 -2 1 0 0000
-48 -47 -1 -1 -185 232 4 1 -2 0000
-25 -44 0 0 -197 255 -1 2 -2 0000
-74 -71 -1 -1 -243 229 3 -2 -3 0000
-21 -28 0 0 -253 278 0 1 1 0000
-31 -60 -1 0 -227 263 2 3 -2 0000
-28 -44 -1 0 -265 269 2 -1 1 0000
-42 -3 -1 0 -238 275 3 0 -2 0000
-77 -72 -2 -1 -272 286 4 -2 -1 0000
-96 -49 -2 -1 -242 261 -4 -2 1 0000
-17 35 0 0 -281 271 2 0 2 0000
-1 22 0 0 -250 253 -2 0 -4 0000
-19 -20 0 0 -244 254 -1 -3 -1 0000
-42 5 -1 -1 -254 267 0 -1 2 0000
-77 -82 -2 -1 -256 314 3 -2 0 0000
-52 -22 -1 -1 -285 294 0 -1 -1 0000
-35 -34 -1 0 -264 296 -2 1 -1 0000
26 2 1 0 -277 300 2 -1 2 0000
-53 -47 -1 -1 -280 338 -1 4 5 0000
-19 -31 0 0 -284 297 -5 -3 -2 0000
-37 -36 -1 0 -263 294 0 1 0 0000
-78 -62 -2 -1 -278 327 2 3 2 0000
-28 -2 -1 0 -269 309 0 -1 0 0000
-67 -50 -1 -1 -299 312 1 1 2 0000
-18 -15 0 0 -273 328 -4 -1 3 0000
-19 -13 0 0 -292 320 -1 1 -2 0000
-39 -7 -1 0 -289 316 3 1 -3 0000
-43 -39 -1 -1 -296 329 0 -1 -1 0000
-35 -38 -1 0 -311 341 -2 -1 -1 0000
-11 5 0 0 -293 357 -1 1 0 0000
20 35 0 0 -292 335 -6 1 1 0000
-70 -67 -1 -1 -290 335 2 1 1 0000
-67 -37 -1 -1 -280 370 -2 -3 1 0000
14 8 0 0 -287 368 2 0 1 0000
-41 -54 -1 0 -268 348 1 1 0 0000
-58 -16 -1 -1 -285 364 -2 -1 3 0000
-24 -36 0 0 -319 370 1 3 -5 0000
20 -12 0 0 -311 370 -3 0 1 0000
-55 -11 -1 -1 -301 395 -3 2 -1 0000
-29 -29 -1 0 -270 340 -2 1 -2 0000
-24 -5 0 0 -307 384 1 -5 -1 0000
-48 -35 -1 -1 -266 387 -4 -3 2 0000
-3 -29 0 0 -266 373 0 1 -1 0000
-39 -34 -1 0 -295 371 1 -3 1 0000
-75 -34 -2 -1 -316 402 0 -2 -3 0000
-21 -39 0 0 -287 411 1 -1 0 0000
-18 37 0 0 -302 426 -1 -1 2 0000
-33 -13 -1 0 -296 422 3 -3 2 0000
-32 -62 -1 0 -309 455 0 1 -1 0000
-22 -34 0 0 -307 413 1 0 -1 0000
-56 -33 -1 -1 -321 395 -1 2 2 0000
-82 -69 -2 -1 -284 421 1 1 0 0000
-156 -81 -3 -2 -304 382 3 3 2 0000
-106 -87 -2 -1 -328 435 -3 -5 -1 0000
-177 -125 -4 -2 -301 407 1 -2 1 0000
-188 -104 -4 -2 -312 443 0 -1 0 0000
-248 -160 -5 -3 -269 447 1 -1 -2 0000
-305 -183 -6 -4 -290 427 -3 -3 4 0000
-355 -197 -7 -4 -317 420 -2 -2 2 0000
-289 -142 -6 -3 -341 397 -3 0 -1 0000
-245 -114 -5 -3 -295 395 2 0 3 0000
-255 -136 -5 -3 -295 410 -2 0 1 0000
-180 -120 -4 -2 -305 431 0 1 2 0000
-84 -60 -2 -1 -292 426 -2 -1 0 0000
-58 -10 -1 -1 -320 416 -4 0 0 0000
120 39 2 1 -289 423 3 -2 -2 0000
341 225 7 4 -306 411 -2 -1 1 0000
671 423 13 8 -303 402 0 -3 2 0000
1013 602 20 12 -299 443 3 2 0 0000
1366 820 27 16 -257 447 0 2 0 0000
1650 986 33 20 -305 475 2 0 5 0000
1790 1071 36 21 -288 439 0 0 3 0001
1631 961 33 20 -302 459 -1 2 0 0000
1363 838 27 16 -277 469 -4 1 -1 0000
996 611 20 12 -281 497 -1 2 3 0000
588 326 12 7 -267 446 4 2 2 0000
278 187 6 3 -284 442 -2 0 -3 0000
29 15 1 0 -281 478 0 1 0 0000
-149 -107 -3 -2 -273 455 0 1 0 0000
-206 -125 -4 -2 -256 466 -2 -1 2 0000
-270 -154 -5 -3 -257 458 -5 0 -2 0000
-291 -133 -6 -3 -276 437 -2 -5 -3 0000
-222 -126 -4 -3 -273 466 2 2 4 0000
-249 -152 -5 -3 -275 457 -1 2 0 0000
-204 -132 -4 -2 -234 489 2 -2 -3 0000
-188 -128 -4 -2 -270 437 1 -1 0 0000
-55 -14 -1 -1 -224 447 1 -2 0 0000
-25 -17 -1 0 -235 453 -2 -1 -1 0000
12 41 0 0 -220 452 0 -1 -3 0000
62 28 1 1 -246 478 2 -1 1 0000
87 46 2 1 -191 490 1 1 -1 0000
70 57 1 1 -177 474 1 -2 0 0000
158 104 3 2 -207 479 -2 -5 2 0000
113 67 2 1 -171 496 2 0 -1 0000
121 76 2 1 -187 537 2 1 -1 0000
134 45 3 2 -194 501 2 2 0 0000
117 83 2 1 -173 431 2 1 3 0000
202 148 4 2 -143 472 0 2 -5 0000
181 87 4 2 -158 467 -4 -2 -1 0000
227 119 5 3 -126 469 -1 0 -3 0000
174 134 3 2 -165 552 0 0 -2 0000
223 147 4 3 -121 513 -2 1 -3 0000
257 179 5 3 -88 465 1 5 2 0000
237 145 5 3 -97 480 0 0 -1 0000
304 199 6 4 -88 479 2 -1 -4 0000
218 158 4 3 -69 536 0 4 -1 0000
288 198 6 3 -71 531 0 -2 -1 0000
314 174 6 4 -87 460 -1 0 1 0000
282 170 6 3 -54 462 -1 -3 -1 0000
303 187 6 4 -21 536 -1 2 3 0000
301 188 6 4 -15 514 -1 6 2 0000
344 215 7 4 -29 472 -1 2 -1 0000
365 209 7 4 -8 500 -2 4 -4 0000
322 219 6 4 20 485 2 1 3 0000
390 218 8 5 2 492 0 1 0 0000
322 223 6 4 18 466 -3 0 3 0000
374 203 7 4 47 495 0 1 1 0000
347 205 7 4 64 509 2 2 0 0000
364 234 7 4 81 499 1 -2 -6 0000
324 190 6 4 92 520 2 2 -3 0000
366 201 7 4 74 492 -2 -3 1 0000
356 184 7 4 127 510 1 0 -2 0000
349 226 7 4 129 516 0 1 -1 0000
336 207 7 4 145 503 4 0 -1 0000
283 172 6 3 132 477 -3 2 0 0000
313 186 6 4 196 537 1 -1 2 0000
302 193 6 4 170 489 -1 -1 2 0000
284 179 6 3 199 544 2 0 -1 0000
293 172 6 4 192 497 5 3 0 0000
286 194 6 3 190 495 -5 2 1 0000
307 199 6 4 198 470 0 4 1 0000
261 138 5 3 232 513 -2 5 3 0000
210 122 4 3 252 489 -1 0 -2 0000
208 99 4 2 228 503 1 0 -4 0000
198 93 4 2 254 508 3 -5 3 0000
209 141 4 3 246 521 -1 3 0 0000
201 142 4 2 283 501 0 0 -3 0000
165 144 3 2 283 463 -1 5 5 0000
147 93 3 2 275 515 0 -3 -1 0000
122 59 2 1 314 463 1 0 1 0000
69 44 1 1 267 510 4 0 -1 0000
102 19 2 1 295 510 1 -1 -1 0000
94 46 2 1 319 484 0 -4 1 0000
85 21 2 1 309 496 1 -3 0 0000
69 39 1 1 290 470 2 1 1 0000
56 73 1 1 294 494 -1 3 1 0000
28 34 1 0 305 504 -1 3 -2 0000
23 4 0 0 320 570 1 1 1 0000
-17 -25 0 0 325 469 -1 2 3 0000
80 50 2 1 300 461 -1 2 1 0000
33 11 1 0 289 457 3 0 2 0000
-8 15 0 0 276 524 -2 -3 0 0000
-7 -14 0 0 305 490 -1 1 0 0000
17 -26 0 0 269 475 -2 3 1 0000
10 0 0 0 268 453 -3 4 1 0000
-46 -30 -1 -1 253 509 3 -1 -4 0000
0 13 0 0 231 507 -1 2 -2 0000
-25 -34 0 0 263 479 0 0 0 0000
-42 -28 -1 -1 238 478 2 0 4 0000
-31 -19 -1 0 219 501 4 4 -3 0000
-19 14 0 0 217 418 -1 -1 1 0000
9 21 0 0 195 504 1 3 -1 0000
-78 -3 -2 -1 221 446 3 -1 1 0000
-61 -19 -1 -1 229 461 1 2 -1 0000
-89 -72 -2 -1 155 440 -2 -2 -1 0000
-53 -86 -1 -1 166 478 2 -3 2 0000
-14 -9 0 0 169 487 1 -1 0 0000
-10 -10 0 0 145 449 0 -2 -1 0000
-3 -11 0 0 125 460 1 -1 -2 0000
-24 12 0 0 122 442 1 0 2 0000
-22 -3 0 0 136 443 4 -1 -3 0000
-79 -50 -2 -1 85 478 2 0 -3 0000
-61 -37 -1 -1 80 475 1 1 1 0000
-6 37 0 0 58 471 -1 2 -2 0000
-65 -77 -1 -1 37 446 1 4 -2 0000
-31 -55 -1 0 42 466 2 1 -2 0000
-62 -29 -1 -1 27 459 -1 -1 -3 0000
-57 -29 -1 -1 15 442 -1 -4 2 0000
-74 -24 -1 -1 -3 441 0 0 -1 0000
-54 -45 -1 -1 -37 444 1 4 1 0000
-42 -6 -1 -1 -16 467 -3 0 -2 0000
-40 -8 -1 0 -32 411 0 0 -1 0000
-39 -45 -1 0 -18 481 -5 1 2 0000
-48 -41 -1 -1 -75 441 -1 -1 0 0000
-50 7 -1 -1 -44 435 0 1 2 0000
-12 -35 0 0 -64 444 2 -2 1 0000
-46 -28 -1 -1 -112 431 2 1 0 0000
-42 -2 -1 -1 -110 396 0 1 -1 0000
-4 -1 0 0 -112 439 -1 4 -3 0000
-67 -48 -1 -1 -132 435 0 1 2 0000
-74 -21 -1 -1 -180 392 1 -3 -2 0000
-13 -24 0 0 -123 443 -1 -2 2 0000
28 15 1 0 -144 416 -2 -1 -1 0000
-44 -11 -1 -1 -164 403 1 0 -2 0000
-12 -18 0 0 -165 440 -1 0 -1 0000
-71 -33 -1 -1 -208 390 2 1 0 0000
-62 -9 -1 -1 -185 391 1 -3 0 0000
-15 -18 0 0 -169 412 2 3 1 0000
-81 12 -2 -1 -191 408 -3 -1 1 0000
-77 -54 -2 -1 -224 367 1 -1 0 0000
9 23 0 0 -227 420 2 -1 2 0000
-96 -28 -2 -1 -225 438 1 -2 -3 0000
-22 -19 0 0 -241 386 1 1 1 0000
-10 -16 0 0 -226 417 3 -3 2 0000
-7 -33 0 0 -211 402 -2 2 -1 0000
-44 -14 -1 -1 -246 354 0 -1 -2 0000
-39 2 -1 0 -255 376 -4 0 0 0000
-35 -60 -1 0 -232 398 1 -1 -2 0000
-35 -12 -1 0 -253 401 -3 1 1 0000
-47 -3 -1 -1 -251 402 1 -2 3 0000
-64 -15 -1 -1 -251 421 1 0 2 0000
-40 8 -1 0 -261 344 -1 1 1 0000
-20 -9 0 0 -237 345 2 -1 -1 0000
-39 -50 -1 0 -279 379 -3 0 -2 0000
-46 -20 -1 -1 -261 376 2 -1 -1 0000
-48 -16 -1 -1 -267 357 -2 -2 -1 0000
-89 -37 -2 -1 -290 377 -3 -1 2 0000
-21 -21 0 0 -269 352 -2 5 -1 0000
-39 14 -1 0 -259 360 0 -2 3 0000
-34 -3 -1 0 -302 378 -1 1 2 0000
-39 -27 -1 0 -252 371 -1 -1 3 0000
-45 -9 -1 -1 -303 353 -1 1 -1 0000
-28 12 -1 0 -281 290 -1 0 2 0000
-21 -53 0 0 -285 324 3 2 1 0000
-120 -53 -2 -1 -296 371 -3 4 1 0000
-30 22 -1 0 -296 334 1 0 -2 0000
-14 -14 0 0 -280 372 -1 2 3 0000
-61 -49 -1 -1 -295 300 2 4 0 0000
-23 -2 0 0 -300 352 2 -1 1 0000
-2 1 0 0 -287 327 -2 0 -2 0000
-5 0 0 0 -291 295 2 -3 2 0000
-92 -35 -2 -1 -273 344 3 -1 -1 0000
-133 -63 -3 -2 -297 293 -1 -3 1 0000
-44 -46 -1 -1 -283 305 0 -1 -4 0000
-33 -25 -1 0 -288 263 -2 -2 2 0000
-34 -23 -1 0 -259 309 -1 -3 -1 0000
-23 -11 0 0 -296 291 0 -1 2 0000
-91 -40 -2 -1 -309 272 0 -1 1 0000
-64 -46 -1 -1 -306 291 -1 0 -2 0000
-25 -36 -1 0 -304 319 -6 -1 2 0000
-73 -53 -1 -1 -256 287 0 -1 0 0000
-16 -27 0 0 -279 241 -2 1 -1 0000
-37 -58 -1 0 -316 321 -2 1 5 0000
16 16 0 0 -307 262 2 -2 0 0000
-42 -42 -1 -1 -308 259 2 -2 0 0000
-50 -65 -1 -1 -272 265 0 1 -3 0000
-36 -13 -1 0 -291 313 3 2 1 0000
-104 -65 -2 -1 -287 232 3 2 0 0000
-38 -8 -1 0 -292 272 3 5 2 0000
-61 6 -1 -1 -274 271 -1 -1 -1 0000
-43 -34 -1 -1 -299 240 -1 2 0 0000
-76 -25 -2 -1 -300 248 3 1 0 0000
-157 -111 -3 -2 -306 231 -2 -2 2 0000
-186 -117 -4 -2 -292 245 -1 -2 2 0000
-254 -164 -5 -3 -294 263 -1 2 -2 0000
-223 -157 -4 -3 -285 250 1 1 1 0000
-286 -198 -6 -3 -303 220 -3 -1 0 0000
-328 -132 -7 -4 -311 263 1 -2 -2 0000
-252 -195 -5 -3 -317 203 -4 -1 -5 0000
-227 -142 -5 -3 -298 224 2 -3 -4 0000
-186 -141 -4 -2 -297 234 2 0 -1 0000
-115 -90 -2 -1 -285 247 0 -1 0 0000
-16 -11 0 0 -293 189 1 -2 2 0000
152 61 3 2 -255 223 0 1 1 0000
361 200 7 4 -274 195 0 2 -2 0000
718 416 14 9 -298 222 1 2 2 0000
1045 620 21 13 -305 186 2 3 -1 0000
1428 823 29 17 -301 171 2 2 -1 0000
1638 926 33 20 -283 208 2 3 2 0000
1707 1009 34 20 -276 141 2 -3 1 0001
1663 1013 33 20 -289 171 -1 -1 2 0000
1353 804 27 16 -254 214 -1 3 1 0000
929 544 19 11 -254 188 -2 1 0 0000
635 408 13 8 -263 174 1 -2 2 0000
319 188 6 4 -285 137 2 2 0 0000
83 33 2 1 -254 188 4 -2 -1 0000
-142 -69 -3 -2 -278 128 -1 -2 0 0000
-223 -148 -4 -3 -242 92 1 -2 2 0000
-213 -130 -4 -3 -245 201 3 2 0 0000
-264 -152 -5 -3 -258 143 -2 -4 -1 0000
-280 -166 -6 -3 -259 157 3 -3 -2 0000
-194 -118 -4 -2 -206 142 0 1 0 0000
-184 -137 -4 -2 -259 109 1 -3 -1 0000
-163 -92 -3 -2 -260 134 0 4 5 0000
-113 -48 -2 -1 -227 112 -1 1 0 0000
-32 8 -1 0 -247 111 0 -3 3 0000
31 24 1 0 -227 129 1 -2 -2 0000
59 30 1 1 -251 91 -3 0 0 0000
87 28 2 1 -235 116 -2 1 4 0000
61 27 1 1 -224 81 1 -2 -2 0000
125 68 2 1 -194 117 0 1 -1 0000
148 99 3 2 -204 73 0 1 -2 0000
90 70 2 1 -209 121 2 -1 -1 0000
211 101 4 3 -191 83 1 -1 -2 0000
186 83 4 2 -166 59 -2 3 -2 0000
192 100 4 2 -151 58 -3 -2 -1 0000
185 157 4 2 -159 68 1 1 1 0000
193 142 4 2 -159 77 2 -1 -1 0000
190 129 4 2 -149 18 2 0 1 0000
223 127 4 3 -124 67 1 -1 2 0000
254 169 5 3 -112 53 1 -1 -2 0000
238 146 5 3 -124 49 1 0 3 0000
257 158 5 3 -108 53 -2 0 3 0000
242 147 5 3 -92 57 -2 -2 0 0000
268 161 5 3 -61 19 -2 -2 0 0000
331 196 7 4 -49 25 -1 -2 2 0000
258 144 5 3 -60 45 -2 0 -2 0000
322 210 6 4 -41 34 -2 -4 0 0000
313 186 6 4 -16 35 -1 0 2 0000
336 248 7 4 15 6 -2 1 1 0000
371 231 7 4 -9 -13 -5 0 1 0000
335 179 7 4 2 15 -1 3 0 0000
341 228 7 4 30 1 -3 -1 2 0000
338 222 7 4 31 -37 -2 -2 1 0000
333 204 7 4 60 -19 1 -2 1 0000
368 205 7 4 42 24 -1 -1 2 0000
347 196 7 4 89 -39 -1 -1 0 0000
335 192 7 4 112 24 2 1 -1 0000
336 204 7 4 90 -29 -3 -1 -1 0000
335 219 7 4 93 -21 3 1 1 0000
369 220 7 4 133 -61 -1 1 -2 0000
280 146 6 3 129 -57 -2 2 2 0000
317 204 6 4 147 -41 2 2 2 0000
280 159 6 3 163 -89 -1 1 -1 0000
296 156 6 4 141 -27 0 0 -1 0000
289 159 6 3 211 -65 -1 -1 -2 0000
299 190 6 4 172 -74 2 1 1 0000
250 175 5 3 226 -42 3 0 -2 0000
223 137 4 3 215 -94 3 -2 -1 0000
266 137 5 3 242 -73 1 -4 3 0000
177 107 4 2 232 -99 -2 1 0 0000
274 178 5 3 247 -95 -2 0 1 0000
149 92 3 2 252 -86 0 0 -1 0000
208 114 4 2 276 -96 -1 -3 1 0000
215 170 4 3 254 -74 0 2 0 0000
98 18 2 1 268 -112 -1 -1 3 0000
90 55 2 1 280 -74 -1 -1 -2 0000
168 98 3 2 311 -126 4 -3 -3 0000
95 74 2 1 299 -133 2 0 -3 0000
112 65 2 1 285 -96 1 -2 -3 0000
221 152 4 3 299 -117 0 0 -3 0000
76 13 2 1 308 -154 0 0 1 0000
74 65 1 1 291 -121 0 -1 -1 0000
15 -7 0 0 295 -127 -1 0 -1 0000
65 26 1 1 305 -136 1 -3 1 0000
-8 -5 0 0 294 -117 -1 2 -2 0000
56 49 1 1 295 -162 3 -1 1 0000
-26 -3 -1 0 290 -184 1 -2 -1 0000
-19 1 0 0 284 -196 -1 -1 1 0000
-15 21 0 0 303 -163 -2 0 -1 0000
27 2 1 0 273 -133 0 0 0 0000
41 6 1 0 278 -163 0 -1 1 0000
26 5 1 0 286 -127 3 2 -1 0000
-57 -36 -1 -1 262 -126 -1 4 1 0000
-26 -24 -1 0 253 -175 1 1 1 0000
-39 -35 -1 0 241 -176 -1 1 -1 0000
-66 -10 -1 -1 237 -170 0 -3 3 0000
-27 -52 -1 0 191 -191 0 2 0 0000
-6 39 0 0 215 -202 3 -1 1 0000
-21 -13 0 0 204 -155 -3 1 -2 0000
12 41 0 0 193 -181 2 -3 -2 0000
-37 -2 -1 0 175 -202 1 -1 -1 0000
-51 13 -1 -1 191 -173 -1 3 -3 0000
-35 6 -1 0 161 -199 -1 1 -3 0000
-55 -30 -1 -1 155 -238 3 -1 0 0000
-37 -56 -1 0 135 -198 0 -1 1 0000
-51 -19 -1 -1 129 -231 0 -3 0 0000
-41 -10 -1 0 141 -210 1 0 0 0000
-70 -38 -1 -1 143 -239 3 4 3 0000
-39 -44 -1 0 72 -243 -1 2 1 0000
-7 -17 0 0 93 -266 2 -1 0 0000
-108 -78 -2 -1 61 -220 2 -2 0 0000
-73 -56 -1 -1 51 -223 2 1 4 0000
-47 -19 -1 -1 60 -235 -5 1 0 0000
-78 -41 -2 -1 15 -249 3 1 0 0000
-21 -10 0 0 2 -271 -3 1 1 0000
-54 -63 -1 -1 -16 -232 1 1 0 0000
-35 -49 -1 0 -37 -253 1 -6 3 0000
-47 -36 -1 -1 -22 -278 -2 2 -4 0000
-106 -69 -2 -1 -19 -298 -3 4 0 0000
-96 -49 -2 -1 -51 -267 -1 3 1 0000
-41 -47 -1 0 -64 -243 1 -3 -2 0000
-54 -12 -1 -1 -88 -306 0 -3 -1 0000
-22 18 0 0 -103 -274 3 -2 4 0000
-22 7 0 0 -94 -295 -2 2 -1 0000
-103 -43 -2 -1 -114 -313 -1 2 2 0000
-54 -62 -1 -1 -131 -261 0 -3 1 0000
-33 -26 -1 0 -125 -298 -1 -2 -1 0000
-28 -31 -1 0 -129 -331 0 0 -3 0000
-27 -3 -1 0 -145 -306 -1 -2 -1 0000
-34 -35 -1 0 -142 -296 -2 -2 0 0000
9 7 0 0 -157 -296 2 1 0 0000
-93 -62 -2 -1 -167 -316 -1 -1 -3 0000
-91 -56 -2 -1 -166 -294 4 -4 1 0000
-81 -50 -2 -1 -164 -311 -1 -2 2 0000
-20 -2 0 0 -205 -312 0 3 1 0000
6 -5 0 0 -221 -315 3 2 0 0000
-49 -43 -1 -1 -200 -341 0 4 0 0000
-79 1 -2 -1 -207 -353 5 0 1 0000
-83 -102 -2 -1 -233 -344 3 0 -2 0000
-24 -15 0 0 -230 -311 3 0 0 0000
-40 -19 -1 0 -208 -334 -2 -3 0 0000
-40 -41 -1 0 -235 -325 3 0 1 0000
-115 -57 -2 -1 -188 -353 1 1 2 0000
-113 -47 -2 -1 -241 -343 -1 1 -2 0000
-42 -48 -1 -1 -252 -338 -1 -2 0 0000
11 17 0 0 -250 -386 -3 1 3 0000
-51 -26 -1 -1 -247 -355 2 -3 3 0000
-31 -9 -1 0 -285 -321 -3 2 0 0000
-43 -16 -1 -1 -226 -386 -2 3 -2 0000
-94 -56 -2 -1 -256 -343 0 -2 -2 0000
-13 -49 0 0 -288 -383 1 1 2 0000
-12 -10 0 0 -264 -346 0 0 0 0000
1 -1 0 0 -274 -369 -1 -1 1 0000
-93 -42 -2 -1 -283 -371 1 2 1 0000
-75 -43 -1 -1 -277 -383 0 0 4 0000
20 -26 0 0 -271 -384 4 0 2 0000
-105 -47 -2 -1 -283 -363 4 2 -4 0000
-63 -80 -1 -1 -278 -380 0 1 4 0000
-29 -18 -1 0 -307 -376 2 -2 -1 0000
-41 -6 -1 0 -264 -433 2 4 0 0000
-41 1 -1 0 -290 -382 5 -2 1 0000
-75 -71 -1 -1 -281 -386 0 2 -2 0000
-25 9 0 0 -291 -423 3 1 -2 0000
-94 -37 -2 -1 -276 -437 1 0 1 0000
-66 -35 -1 -1 -255 -386 -1 -1 -1 0000
-57 -41 -1 -1 -289 -415 1 -2 2 0000
-77 -62 -2 -1 -301 -432 -1 2 1 0000
-23 0 0 0 -296 -423 1 0 -1 0000
-51 -36 -1 -1 -265 -465 -2 0 1 0000
-28 -55 -1 0 -306 -417 2 2 3 0000
-46 -11 -1 -1 -290 -406 0 0 1 0000
-62 -50 -1 -1 -290 -395 0 -1 -1 0000
-26 -14 -1 0 -270 -392 0 -2 -1 0000
11 28 0 0 -302 -461 1 0 0 0000
-27 11 -1 0 -320 -447 -1 2 1 0000
-23 15 0 0 -286 -476 3 -1 -2 0000
-51 -48 -1 -1 -295 -416 0 2 -1 0000
-13 2 0 0 -261 -408 -1 2 0 0000
-46 -26 -1 -1 -306 -453 -3 0 -2 0000
-39 -50 -1 0 -280 -463 -2 1 0 0000
-43 -28 -1 -1 -295 -432 2 -4 -6 0000
-66 -6 -1 -1 -309 -465 4 0 -3 0000
-33 -30 -1 0 -315 -459 -2 -1 2 0000
-100 -52 -2 -1 -322 -448 1 3 0 0000
-69 -41 -1 -1 -338 -442 5 1 2 0000
-106 -59 -2 -1 -284 -444 0 1 -1 0000
-125 -100 -3 -2 -294 -462 1 -3 -1 0000
-93 -89 -2 -1 -277 -486 1 3 -2 0000
-173 -108 -3 -2 -279 -490 -1 0 0 0000
-166 -101 -3 -2 -328 -506 -2 -4 3 0000
-209 -117 -4 -3 -288 -432 2 -2 0 0000
-282 -175 -6 -3 -287 -479 2 0 -3 0000
-321 -202 -6 -4 -264 -483 2 1 -2 0000
-276 -155 -6 -3 -311 -472 -2 -3 -1 0000
-285 -155 -6 -3 -274 -467 4 0 4 0000
-298 -184 -6 -4 -312 -487 -4 -3 -3 0000
-279 -185 -6 -3 -308 -414 2 -1 -1 0000
-258 -145 -5 -3 -310 -466 1 -1 1 0000
-173 -101 -3 -2 -313 -483 -1 -2 2 0000
-86 -56 -2 -1 -308 -465 2 -1 -2 0000
161 84 3 2 -275 -434 -5 -3 -3 0000
296 176 6 4 -282 -473 3 1 3 0000
621 383 12 7 -279 -449 -1 0 0 0000
1048 643 21 13 -279 -446 -2 -3 -1 0000
1340 779 27 16 -283 -502 0 -3 1 0000
1688 1025 34 20 -266 -446 2 2 -2 0000
1758 1068 35 21 -300 -445 3 0 1 0001
1691 982 34 20 -246 -512 -1 -1 1 0000
1371 781 27 16 -283 -463 0 2 -1 0000
1012 592 20 12 -300 -513 2 1 0 0000
639 372 13 8 -254 -487 1 3 -1 0000
303 172 6 4 -251 -505 3 0 -1 0000
57 25 1 1 -286 -505 3 2 -4 0000
-105 -55 -2 -1 -259 -490 2 -1 -2 0000
-230 -130 -5 -3 -253 -448 -1 0 -2 0000
-275 -156 -5 -3 -266 -472 -1 2 2 0000
-232 -140 -5 -3 -241 -504 1 0 0 0000
-261 -176 -5 -3 -242 -514 1 -2 2 0000
-220 -88 -4 -3 -229 -497 0 0 2 0000
-206 -165 -4 -2 -211 -482 -2 -1 2 0000
-111 -54 -2 -1 -270 -457 -4 3 1 0000
-67 -29 -1 -1 -256 -504 0 2 4 0000
-44 -67 -1 -1 -235 -520 0 0 -1 0000
13 -26 0 0 -244 -518 -1 -1 2 0000
19 13 0 0 -218 -460 1 -4 -2 0000
95 34 2 1 -198 -477 -1 -1 -1 0000
75 35 1 1 -207 -514 0 6 2 0000
127 25 3 2 -205 -498 3 -1 2 0000
170 124 3 2 -225 -517 -1 3 0 0000
197 107 4 2 -172 -475 2 0 -1 0000
126 49 3 2 -164 -496 0 0 2 0000
146 56 3 2 -158 -511 -1 -1 1 0000
194 139 4 2 -162 -504 0 3 3 0000
174 51 3 2 -156 -514 3 2 -1 0000
186 133 4 2 -193 -474 1 0 -3 0000
280 188 6 3 -126 -506 -1 0 2 0000
291 163 6 3 -118 -496 2 3 2 0000
267 181 5 3 -136 -490 2 1 2 0000
300 177 6 4 -113 -440 2 5 1 0000
251 145 5 3 -87 -496 0 -1 2 0000
283 186 6 3 -84 -542 -5 4 2 0000
321 171 6 4 -100 -509 0 2 -2 0000
341 178 7 4 -75 -501 1 0 4 0000
286 176 6 3 -40 -486 -1 0 2 0000
280 175 6 3 -52 -535 1 0 1 0000
402 278 8 5 -23 -499 -1 2 2 0000
406 230 8 5 -1 -488 -1 -2 2 0000
385 256 8 5 -16 -508 -4 2 1 0000
373 211 7 4 29 -509 0 -2 2 0000
306 194 6 4 40 -549 0 -1 0 0000
389 223 8 5 37 -481 2 1 1 0000
341 199 7 4 49 -516 3 -1 0 0000
354 196 7 4 64 -524 2 -1 1 0000
269 195 5 3 91 -471 -1 -1 -4 0000
382 264 8 5 75 -524 0 1 0 0000
347 226 7 4 90 -465 -2 -2 -1 0000
303 162 6 4 113 -509 -2 -2 -2 0000
327 171 7 4 128 -480 0 -4 -3 0000
281 194 6 3 136 -508 1 2 2 0000
295 181 6 4 157 -471 0 1 0 0000
325 195 7 4 165 -482 0 2 -1 0000
304 187 6 4 177 -521 3 -1 -3 0000
303 166 6 4 193 -519 0 2 -3 0000
259 152 5 3 179 -471 0 0 0 0000
317 200 6 4 202 -475 0 1 1 0000
213 129 4 3 213 -452 2 -3 0 0000
262 157 5 3 210 -471 1 -1 3 0000
236 127 5 3 232 -485 -1 -1 2 0000
190 117 4 2 240 -532 0 -1 -1 0000
214 123 4 3 257 -465 -1 -2 3 0000
251 156 5 3 253 -468 -4 -4 -4 0000
151 63 3 2 268 -495 0 -2 -1 0000
116 92 2 1 276 -507 1 0 -1 0000
109 89 2 1 297 -468 0 1 1 0000
130 110 3 2 275 -450 -2 3 -2 0000
90 41 2 1 291 -469 2 -3 -2 0000
70 54 1 1 303 -471 0 -3 2 0000
70 30 1 1 287 -503 0 -1 -1 0000
110 52 2 1 354 -490 1 0 2 0000
79 28 2 1 291 -462 2 -1 0 0000
-21 27 0 0 318 -498 2 2 0 0000
47 34 1 1 294 -447 0 -4 2 0000
30 29 1 0 299 -457 1 1 -4 0000
19 -6 0 0 292 -459 -2 3 1 0000
0 40 0 0 290 -465 -1 0 -1 0000
59 30 1 1 266 -455 -1 2 1 0000
-18 -7 0 0 304 -468 1 -3 1 0000
7 10 0 0 296 -435 -1 -2 2 0000
31 23 1 0 289 -454 2 0 -1 0000
8 -3 0 0 255 -506 2 0 0 0000
-11 -19 0 0 263 -450 3 3 2 0000
-49 -38 -1 -1 267 -422 -2 1 1 0000
-72 -4 -1 -1 273 -466 3 -2 0 0000
-45 11 -1 -1 253 -458 3 2 3 0000
-1 15 0 0 228 -442 0 -1 3 0000
-44 -41 -1 -1 230 -423 -1 1 2 0000
-38 -46 -1 0 211 -463 0 2 0 0000
-34 -20 -1 0 192 -457 1 0 1 0000
0 6 0 0 190 -462 0 2 0 0000
-59 -23 -1 -1 163 -397 0 2 -5 0000
-59 -30 -1 -1 158 -464 3 -2 -2 0000
-13 36 0 0 162 -409 2 0 1 0000
-48 -29 -1 -1 161 -444 -2 1 -1 0000
-23 -19 0 0 113 -415 -3 2 0 0000
-37 -43 -1 0 104 -464 0 1 -3 0000
14 -1 0 0 127 -407 -3 -2 -1 0000
-24 -2 0 0 57 -426 0 -2 -2 0000
-63 -8 -1 -1 87 -393 -4 -2 2 0000
-53 -49 -1 -1 64 -429 0 0 2 0000
-19 -19 0 0 59 -420 -2 1 0 0000
-41 -15 -1 0 53 -412 -2 2 -3 0000
-98 -57 -2 -1 14 -407 2 -1 2 0000
-44 3 -1 -1 45 -404 1 1 2 0000
-19 -38 0 0 3 -364 -3 0 1 0000
-79 -67 -2 -1 8 -387 0 -1 2 0000
-25 -74 0 0 -39 -415 0 2 -1 0000
-79 -56 -2 -1 -41 -407 1 -1 -3 0000
-40 -35 -1 0 -69 -396 2 -2 3 0000
-33 -16 -1 0 -57 -408 -2 -1 0 0000
-103 -45 -2 -1 -76 -392 0 -2 2 0000
-54 -61 -1 -1 -71 -395 -4 -3 0 0000
-49 -50 -1 -1 -92 -382 -1 -5 0 0000
-84 -36 -2 -1 -96 -357 0 -3 0 0000
-53 -17 -1 -1 -119 -357 1 3 3 0000
-48 -9 -1 -1 -125 -371 -3 -1 -1 0000
-80 -34 -2 -1 -110 -354 -1 -3 1 0000
-33 -5 -1 0 -169 -392 -1 -1 -1 0000
-72 -29 -1 -1 -125 -378 3 3 -2 0000
-84 -72 -2 -1 -142 -329 0 -3 1 0000
-17 -3 0 0 -166 -357 1 -1 2 0000
-55 18 -1 -1 -212 -333 4 -1 5 0000
-5 16 0 0 -159 -307 2 1 4 0000
-90 -47 -2 -1 -201 -333 -4 2 0 0000
-46 -25 -1 -1 -217 -355 3 -1 1 0000
-56 -22 -1 -1 -205 -345 -2 1 3 0000
-97 -25 -2 -1 -219 -321 0 -5 4 0000
-27 1 -1 0 -191 -315 -1 -2 0 0000
-36 -31 -1 0 -239 -317 0 1 0 0000
-40 -4 -1 0 -234 -301 0 -1 0 0000
-58 -31 -1 -1 -255 -332 0 0 -2 0000
-12 -28 0 0 -249 -328 1 1 2 0000
-57 -13 -1 -1 -233 -308 -3 2 1 0000
-73 -48 -1 -1 -262 -321 -1 -3 1 0000
-41 -28 -1 0 -232 -308 3 -3 1 0000
-69 -24 -1 -1 -274 -272 -2 -1 -4 0000
-128 -41 -3 -2 -242 -325 -2 2 2 0000
-41 -13 -1 0 -275 -327 1 -1 3 0000
-55 -34 -1 -1 -282 -325 -3 -3 0 0000
-29 -11 -1 0 -287 -301 0 -1 1 0000
-33 -25 -1 0 -251 -319 -5 -2 -1 0000
-41 -26 -1 0 -298 -291 2 -2 -3 0000
-60 -62 -1 -1 -274 -266 1 3 1 0000
-72 -43 -1 -1 -286 -270 -1 -2 0 0000
-29 -31 -1 0 -282 -285 0 2 3 0000
5 -8 0 0 -313 -272 -3 0 -1 0000
-75 -51 -2 -1 -279 -283 -1 0 3 0000
-12 3 0 0 -298 -267 -1 -3 -1 0000
7 36 0 0 -307 -216 -4 4 3 0000
-2 -7 0 0 -318 -287 -2 0 -2 0000
-61 -77 -1 -1 -280 -260 -2 -5 -2 0000
-45 -29 -1 -1 -288 -261 -1 -3 0 0000
-95 -64 -2 -1 -288 -261 -2 -2 -2 0000
-56 -29 -1 -1 -273 -250 3 2 -3 0000
-64 -55 -1 -1 -301 -212 -2 -3 -2 0000
-22 -5 0 0 -300 -264 3 1 0 0000
-71 -28 -1 -1 -312 -268 2 1 0 0000
-68 -100 -1 -1 -321 -255 2 2 -1 0000
-46 -33 -1 -1 -299 -244 -2 -1 0 0000
-75 -78 -2 -1 -309 -264 2 0 -4 0000
-100 -62 -2 -1 -303 -222 3 -5 0 0000
-35 2 -1 0 -313 -230 -1 -3 -3 0000
-100 -69 -2 -1 -284 -230 1 2 -4 0000
-58 -45 -1 -1 -288 -216 -1 1 -1 0000
-14 -2 0 0 -294 -225 0 0 0 0000
-37 -28 -1 0 -312 -192 -2 -1 3 0000
-31 -36 -1 0 -276 -218 1 0 3 0000
-78 -38 -2 -1 -315 -183 -4 0 -2 0000
-87 -84 -2 -1 -327 -186 1 0 1 0000
-24 -16 0 0 -285 -214 -1 1 0 0000
-86 -50 -2 -1 -286 -144 -1 1 0 0000
-11 -5 0 0 -314 -171 2 -1 -3 0000
-43 -73 -1 -1 -289 -175 4 -4 0 0000
-57 -52 -1 -1 -304 -149 0 -2 1 0000
-58 -47 -1 -1 -289 -142 -5 0 -1 0000
-119 -54 -2 -1 -289 -185 0 -1 -2 0000
-87 -55 -2 -1 -282 -221 -1 1 0 0000
-98 -92 -2 -1 -302 -123 2 -1 2 0000
-190 -83 -4 -2 -300 -154 2 -1 0 0000
-204 -136 -4 -2 -303 -109 -1 1 -2 0000
-261 -142 -5 -3 -300 -169 -4 -1 -1 0000
-264 -133 -5 -3 -311 -133 0 1 -1 0000
-301 -194 -6 -4 -285 -145 -4 1 -1 0000
-265 -177 -5 -3 -293 -118 0 1 1 0000
-321 -218 -6 -4 -328 -117 0 -6 1 0000
-261 -124 -5 -3 -278 -110 1 -1 -3 0000
-211 -126 -4 -3 -309 -148 1 -3 -3 0000
-197 -133 -4 -2 -302 -167 -2 -1 -1 0000
-46 -63 -1 -1 -332 -98 2 -3 0 0000
94 42 2 1 -289 -106 2 0 -1 0000
335 203 7 4 -305 -95 -1 0 -4 0000
689 404 14 8 -284 -73 1 2 5 0000
1058 637 21 13 -277 -72 1 -3 1 0000
1354 841 27 16 -290 -74 -1 2 2 0000
1655 994 33 20 -297 -116 0 4 1 0000
1706 1051 34 20 -253 -79 1 1 2 0001
1675 983 34 20 -271 -54 0 1 4 0000
1359 832 27 16 -292 -64 2 1 1 0000
1035 604 21 12 -282 -62 -1 2 4 0000
587 366 12 7 -283 -84 4 1 -4 0000
336 219 7 4 -286 -57 0 4 -1 0000
34 10 1 0 -273 -53 -2 1 3 0000
-137 -61 -3 -2 -265 -43 -4 -4 1 0000
-226 -144 -5 -3 -246 -33 0 1 -3 0000
-297 -173 -6 -4 -221 -8 1 0 -1 0000
-346 -198 -7 -4 -255 -39 2 -1 -2 0000
-269 -161 -5 -3 -261 -32 -1 -1 2 0000
-183 -129 -4 -2 -253 -15 1 1 0 0000
-189 -104 -4 -2 -211 -32 1 0 -3 0000
-131 -49 -3 -2 -215 14 -1 3 2 0000
-34 -26 -1 0 -246 -35 -2 0 -4 0000
-43 0 -1 -1 -221 -51 -1 2 1 0000
-20 -9 0 0 -216 -20 -1 0 0 0000
52 55 1 1 -215 -21 -2 -2 0 0000
68 68 1 1 -196 -9 1 -1 0 0000
82 70 2 1 -185 19 2 -3 0 0000
117 87 2 1 -199 1 -3 -4 2 0000
117 51 2 1 -204 26 1 -3 -3 0000
117 92 2 1 -178 24 -1 5 -2 0000
103 28 2 1 -173 58 0 2 1 0000
139 103 3 2 -185 31 0 0 -1 0000
160 119 3 2 -154 23 1 -2 -2 0000
203 146 4 2 -139 51 0 -2 -1 0000
201 140 4 2 -136 39 3 -2 2 0000
200 148 4 2 -142 25 3 -3 -3 0000
196 117 4 2 -120 40 0 1 -1 0000
249 133 5 3 -132 78 -3 0 -3 0000
295 175 6 4 -122 59 1 2 -1 0000
250 181 5 3 -96 84 -2 -4 -2 0000
320 219 6 4 -78 56 1 1 -1 0000
276 151 6 3 -72 55 0 -2 1 0000
381 242 8 5 -52 33 3 2 -2 0000
303 171 6 4 -56 106 0 2 0 0000
352 187 7 4 -20 58 -1 -1 3 0000
345 259 7 4 -25 53 -2 0 0 0000
333 201 7 4 -26 112 -3 0 0 0000
311 169 6 4 34 101 -4 -2 1 0000
355 247 7 4 53 72 2 -2 4 0000
381 247 8 5 21 123 0 1 -5 0000
349 246 7 4 30 104 0 -1 2 0000
346 167 7 4 54 131 -4 -5 -1 0000
409 202 8 5 71 124 2 1 1 0000
326 207 7 4 75 114 0 1 2 0000
339 178 7 4 102 131 0 -2 2 0000
326 176 7 4 76 166 1 3 -2 0000
393 211 8 5 119 115 -2 -2 0 0000
361 210 7 4 139 121 2 -2 1 0000
334 222 7 4 131 105 0 -5 -1 0000
305 211 6 4 177 154 -2 -4 0 0000
343 191 7 4 139 164 4 0 0 0000
319 172 6 4 161 141 -4 0 -1 0000
297 193 6 4 202 170 -2 4 1 0000
270 196 5 3 210 157 0 -3 2 0000
268 159 5 3 205 153 4 -1 -1 0000
195 102 4 2 215 197 1 2 1 0000
160 113 3 2 246 171 1 2 1 0000
241 157 5 3 239 120 1 4 -3 0000
252 162 5 3 248 126 4 -1 -3 0000
178 118 4 2 244 186 -2 -1 3 0000
229 128 5 3 259 179 -2 0 1 0000
190 102 4 2 276 207 -3 -1 -2 0000
199 106 4 2 291 209 -1 -3 2 0000
186 98 4 2 266 208 -4 3 0 0000
122 33 2 1 283 195 -1 1 -3 0000
134 60 3 2 299 224 3 1 0 0000
111 69 2 1 297 220 -2 0 -1 0000
68 61 1 1 316 206 0 2 -1 0000
92 57 2 1 289 179 -1 0 1 0000
60 46 1 1 301 241 0 -3 0 0000
89 80 2 1 291 232 -2 1 2 0000
66 25 1 1 319 247 -2 -2 0 0000
47 57 1 1 281 198 3 3 1 0000
78 70 2 1 308 229 -3 -3 -4 0000
43 52 1 1 309 235 -2 1 0 0000
69 80 1 1 260 231 -1 -2 1 0000
-56 -24 -1 -1 289 252 -1 -2 -1 0000
31 -19 1 0 271 290 -3 -1 0 0000
-43 -14 -1 -1 258 244 -2 -2 -3 0000
13 -18 0 0 274 268 2 -1 -1 0000
-35 -21 -1 0 261 300 0 0 -1 0000
-16 9 0 0 251 272 -2 -2 0 0000
-9 7 0 0 257 297 1 -1 -4 0000
22 33 0 0 239 287 -3 2 -2 0000
-23 -28 0 0 238 285 -1 0 2 0000
13 -10 0 0 190 328 1 2 -1 0000
-7 -21 0 0 230 279 -1 1 4 0000
-58 -11 -1 -1 195 317 -1 2 -4 0000
-48 -49 -1 -1 192 262 0 3 2 0000
-128 -98 -3 -2 184 315 -4 -1 0 0000
-57 -54 -1 -1 160 320 0 3 0 0000
-28 -34 -1 0 140 288 -1 1 0 0000
-41 -18 -1 0 154 283 0 1 -1 0000
-66 -35 -1 -1 144 320 2 1 3 0000
-61 5 -1 -1 127 311 -1 -1 -1 0000
-36 1 -1 0 105 319 -2 -1 -2 0000
-40 -36 -1 0 72 281 -6 3 5 0000
-108 -58 -2 -1 51 287 2 -1 -3 0000
-71 -64 -1 -1 63 305 4 0 1 0000
-46 1 -1 -1 36 335 -1 1 2 0000
-18 -1 0 0 48 357 -1 -3 -2 0000
-106 -22 -2 -1 9 348 3 2 -2 0000
-46 4 -1 -1 -3 334 -1 -1 -3 0000
-83 -21 -2 -1 10 353 -1 2 -1 0000
-21 6 0 0 -12 333 -1 1 1 0000
-58 -58 -1 -1 -44 369 -2 -2 1 0000
-57 -39 -1 -1 -23 346 0 -1 2 0000
-70 -11 -1 -1 -61 353 -1 0 2 0000
-92 -78 -2 -1 -49 351 0 2 2 0000
-84 -18 -2 -1 -79 367 0 -2 2 0000
-59 -45 -1 -1 -99 370 -1 -1 -1 0000
-29 -23 -1 0 -107 367 5 -2 -2 0000
-35 -17 -1 0 -94 337 0 -1 -2 0000
8 4 0 0 -142 367 0 -5 -1 0000
-37 -1 -1 0 -124 375 -1 1 2 0000
-60 -24 -1 -1 -144 360 -1 2 0 0000
-29 -46 -1 0 -138 350 0 -1 3 0000
-55 -35 -1 -1 -157 394 -2 1 1 0000
-5 -8 0 0 -159 381 4 -2 0 0000
-43 -49 -1 -1 -199 383 2 -1 -4 0000
26 23 1 0 -175 394 3 -3 4 0000
-113 -66 -2 -1 -199 378 4 0 -1 0000
-83 -22 -2 -1 -168 407 -1 0 -1 0000
-23 30 0 0 -225 375 -1 2 2 0000
-26 -53 -1 0 -196 382 -3 0 -3 0000
-45 -53 -1 -1 -216 404 -1 -1 0 0000
-108 -48 -2 -1 -206 392 -1 1 0 0000
-71 -39 -1 -1 -222 416 1 -5 1 0000
-13 -10 0 0 -243 400 1 -3 -1 0000
-15 -11 0 0 -230 419 0 1 0 0000
-61 -53 -1 -1 -227 422 0 4 -1 0000
-57 -23 -1 -1 -262 375 -1 1 0 0000
-92 -19 -2 -1 -238 411 -1 -2 2 0000
-48 2 -1 -1 -262 414 2 -2 -1 0000
-33 -11 -1 0 -278 408 1 1 -2 0000
-27 -13 -1 0 -271 430 -3 2 -2 0000
15 -29 0 0 -285 438 2 -5 -3 0000
-2 5 0 0 -252 433 -2 3 0 0000
-19 -10 0 0 -268 460 -2 -1 -1 0000
-82 -57 -2 -1 -274 469 2 0 0 0000
-43 -17 -1 -1 -280 426 1 3 1 0000
-21 -8 0 0 -260 453 -1 -2 -3 0000
-70 -21 -1 -1 -276 450 2 -2 0 0000
-75 -88 -2 -1 -301 456 -1 -2 -1 0000
-91 -59 -2 -1 -269 466 0 -2 -2 0000
-45 -34 -1 -1 -281 478 2 1 4 0000
-74 -43 -1 -1 -288 433 -1 4 -1 0000
-71 -56 -1 -1 -288 480 0 -2 0 0000
-60 -71 -1 -1 -284 474 -1 4 0 0000
-46 -43 -1 -1 -301 458 2 1 4 0000
-35 -16 -1 0 -272 476 0 -1 1 0000
-70 -67 -1 -1 -276 432 1 1 -3 0000
-49 -37 -1 -1 -313 455 -1 -1 -3 0000
-14 -18 0 0 -265 454 -1 0 -2 0000
-26 -22 -1 0 -277 459 -3 -1 3 0000
32 57 1 0 -287 446 -1 0 -2 0000
-69 -31 -1 -1 -303 451 0 1 -1 0000
-41 -20 -1 0 -275 483 -1 2 6 0000
-46 -40 -1 -1 -289 455 2 -1 0 0000
14 22 0 0 -273 482 -5 -1 0 0000
-60 -33 -1 -1 -314 472 -2 -1 0 0000
-66 -27 -1 -1 -318 478 -1 -2 0 0000
-17 -12 0 0 -289 483 1 1 -2 0000
-8 -8 0 0 -329 512 -1 0 -2 0000
-15 -22 0 0 -309 493 -1 2 2 0000
-73 -43 -1 -1 -300 484 0 5 -2 0000
-54 4 -1 -1 -314 472 -1 -3 0 0000
29 53 1 0 -306 477 1 0 0 0000
-100 -65 -2 -1 -284 473 -4 0 3 0000
10 -20 0 0 -295 469 1 -2 -1 0000
-22 -1 0 0 -282 451 -2 -1 -4 0000
-68 -46 -1 -1 -287 525 2 -1 -1 0000
-63 -44 -1 -1 -290 480 1 0 2 0000
-93 -70 -2 -1 -261 498 2 1 5 0000
-88 -83 -2 -1 -297 498 2 -2 -1 0000
-85 -76 -2 -1 -262 501 -2 2 0 0000
-104 -62 -2 -1 -310 460 3 2 0 0000
-216 -156 -4 -3 -316 481 -2 -3 1 0000
-204 -145 -4 -2 -282 525 -1 2 0 0000
-240 -145 -5 -3 -303 497 4 -1 -4 0000
-284 -188 -6 -3 -303 485 1 1 -1 0000
-259 -152 -5 -3 -291 479 3 -1 1 0000
-257 -126 -5 -3 -301 486 0 0 4 0000
-262 -192 -5 -3 -312 495 -2 1 -4 0000
-280 -137 -6 -3 -323 503 1 0 2 0000
-206 -151 -4 -2 -282 507 4 0 2 0000
-121 -59 -2 -1 -300 524 0 -1 2 0000
-21 -13 0 0 -303 466 0 1 -2 0000
89 91 2 1 -298 509 1 0 -1 0000
352 203 7 4 -280 479 1 -3 2 0000
651 392 13 8 -302 499 -4 0 -1 0000
1040 633 21 12 -281 472 -2 1 0 0000
1396 836 28 17 -284 509 -1 -4 1 0000
1635 981 33 20 -275 483 -2 -1 -1 0000
1828 1091 37 22 -274 486 -2 -1 -2 0001
1697 1016 34 20 -264 496 -3 0 0 0000
1419 854 28 17 -275 495 0 -1 0 0000
966 606 19 12 -280 492 0 -3 -1 0000
660 383 13 8 -271 508 1 2 0 0000
289 168 6 3 -273 520 3 -1 2 0000
60 16 1 1 -270 489 -1 -3 -1 0000
-185 -90 -4 -2 -258 493 1 -2 -1 0000
-217 -126 -4 -3 -267 511 0 0 -3 0000
-244 -151 -5 -3 -258 524 -5 -2 2 0000
-337 -183 -7 -4 -226 498 -3 0 -2 0000
-265 -154 -5 -3 -245 517 -1 2 -3 0000
-247 -169 -5 -3 -260 495 0 1 -4 0000
-131 -73 -3 -2 -258 522 -1 1 -3 0000
-138 -108 -3 -2 -261 487 4 -2 -3 0000
-92 -37 -2 -1 -238 516 -2 -3 -3 0000
-21 42 0 0 -236 495 0 -2 3 0000
-17 -20 0 0 -231 511 1 4 2 0000
59 38 1 1 -210 481 -5 4 -2 0000
84 30 2 1 -198 479 6 -2 -4 0000
37 53 1 0 -206 511 -2 -2 -3 0000
107 57 2 1 -197 494 1 0 -2 0000
114 69 2 1 -194 475 0 2 0 0000
132 54 3 2 -174 488 0 -1 2 0000
140 107 3 2 -166 469 0 1 0 0000
213 116 4 3 -170 495 2 -1 3 0000
169 93 3 2 -164 465 0 -1 1 0000
219 121 4 3 -187 458 -4 -2 -2 0000
248 136 5 3 -152 520 -2 1 3 0000
208 130 4 2 -173 481 -4 3 1 0000
235 131 5 3 -112 499 1 4 -1 0000
191 111 4 2 -121 440 0 -1 -2 0000
276 159 6 3 -110 484 1 -2 -2 0000
249 146 5 3 -126 456 3 1 1 0000
316 197 6 4 -90 465 1 -2 -3 0000
310 208 6 4 -75 460 0 -3 2 0000
328 210 7 4 -68 478 0 1 2 0000
347 235 7 4 -54 469 1 1 0 0000
326 182 7 4 -33 476 0 0 -2 0000
343 216 7 4 -22 460 3 1 2 0000
361 212 7 4 -1 473 0 1 3 0000
340 195 7 4 -4 485 1 0 1 0000
336 195 7 4 17 485 2 0 -1 0000
381 227 8 5 6 462 0 -2 2 0000
359 225 7 4 18 447 1 2 -3 0000
381 238 8 5 26 479 -4 1 -3 0000
369 212 7 4 56 453 1 2 1 0000
343 229 7 4 90 491 2 2 2 0000
350 203 7 4 134 486 -1 -1 3 0000
360 232 7 4 120 513 3 4 -3 0000
341 224 7 4 148 429 -2 2 0 0000
321 212 6 4 132 499 -3 1 -3 0000
281 180 6 3 130 443 1 0 2 0000
347 207 7 4 174 461 -5 0 3 0000
286 194 6 3 172 418 1 -1 -1 0000
289 154 6 3 183 481 1 2 5 0000
281 160 6 3 198 444 -1 0 -2 0000
292 156 6 4 200 488 0 3 0 0000
265 132 5 3 202 462 -1 -1 -2 0000
244 160 5 3 229 464 1 -1 1 0000
219 100 4 3 236 470 1 2 -3 0000
251 117 5 3 256 431 1 -3 0 0000
218 151 4 3 241 439 2 4 2 0000
277 165 6 3 264 435 2 4 -1 0000
128 84 3 2 275 425 4 -1 1 0000
223 140 4 3 270 419 1 -1 -1 0000
137 98 3 2 257 459 0 0 1 0000
141 56 3 2 263 415 -1 -1 -2 0000
158 79 3 2 284 427 3 1 -2 0000
143 110 3 2 276 427 1 -3 -2 0000
121 72 2 1 278 421 -1 3 2 0000
89 67 2 1 280 411 -3 -2 0 0000
71 52 1 1 281 419 2 1 0 0000
163 111 3 2 292 436 1 -2 -3 0000
-21 -10 0 0 270 411 3 0 1 0000
71 27 1 1 277 427 -2 -1 -1 0000
63 36 1 1 288 465 -2 3 1 0000
40 14 1 0 280 433 -1 0 0 0000
39 20 1 0 281 423 1 -2 -2 0000
39 3 1 0 272 410 -2 -4 -2 0000
30 22 1 0 314 379 0 -1 0 0000
28 49 1 0 307 418 -2 -1 4 0000
65 27 1 1 247 390 2 -3 -1 0000
-35 -16 -1 0 264 424 0 0 2 0000
-4 4 0 0 249 377 2 3 4 0000
-16 -2 0 0 239 371 2 1 -2 0000
-5 -15 0 0 222 379 1 0 0 0000
-15 -14 0 0 243 392 0 2 0 0000
-50 -33 -1 -1 229 394 -2 0 0 0000
-31 -15 -1 0 223 389 1 1 -3 0000
-14 -58 0 0 185 442 1 0 3 0000
-26 14 -1 0 193 409 1 -1 -1 0000
-8 -11 0 0 192 394 1 1 -3 0000
-6 13 0 0 151 377 2 0 -5 0000
-45 -47 -1 -1 152 355 0 1 3 0000
-57 -36 -1 -1 157 394 1 -1 2 0000
-45 -54 -1 -1 132 364 -2 -1 -2 0000
-41 -27 -1 0 122 326 4 -1 -1 0000
-74 -64 -1 -1 117 339 1 -2 5 0000
-77 -9 -2 -1 73 340 1 2 1 0000
-69 -69 -1 -1 105 376 1 -1 -2 0000
-5 -9 0 0 71 349 0 1 -3 0000
-16 -28 0 0 70 367 0 3 -2 0000
-10 -38 0 0 57 295 -3 -1 -1 0000
-50 -8 -1 -1 41 324 2 0 0 0000
-68 -43 -1 -1 18 347 0 -3 3 0000
-32 -20 -1 0 -5 325 -2 0 1 0000
-2 5 0 0 -2 320 2 -1 1 0000
-45 -14 -1 -1 -7 313 2 1 1 0000
-28 -32 -1 0 -37 325 2 -2 -2 0000
-30 -31 -1 0 -34 323 1 0 0 0000
-12 -3 0 0 -46 249 0 -4 -2 0000
-47 -47 -1 -1 -58 325 0 0 3 0000
-30 -47 -1 0 -78 319 -2 1 -2 0000
-55 -56 -1 -1 -86 345 2 -4 3 0000
-22 -15 0 0 -85 290 4 -2 3 0000
-61 -16 -1 -1 -99 292 -2 1 0 0000
-35 -30 -1 0 -125 315 0 1 -1 0000
-1 5 0 0 -145 283 2 0 -4 0000
-42 -29 -1 -1 -130 283 2 0 -3 0000
27 37 1 0 -116 308 -1 3 1 0000
-48 -41 -1 -1 -161 305 0 1 2 0000
-23 -53 0 0 -178 283 1 -3 0 0000
-77 -64 -2 -1 -181 274 0 4 2 0000
-42 1 -1 -1 -193 265 -2 4 0 0000
-79 -4 -2 -1 -198 285 -3 1 0 0000
-61 -33 -1 -1 -199 250 -1 -1 0 0000
-75 -66 -2 -1 -175 249 3 2 1 0000
-90 -36 -2 -1 -223 224 0 0 1 0000
-48 -21 -1 -1 -223 259 0 -1 1 0000
-93 -19 -2 -1 -229 272 -1 1 0 0000
-47 -52 -1 -1 -227 285 0 0 1 0000
-7 28 0 0 -202 234 2 0 2 0000
-33 -1 -1 0 -216 246 0 1 -1 0000
-67 -28 -1 -1 -232 245 4 0 3 0000
-67 -42 -1 -1 -225 256 1 0 -3 0000
-15 -11 0 0 -236 267 2 -1 4 0000
-95 -40 -2 -1 -247 236 1 1 0 0000
-40 -41 -1 0 -236 212 1 1 -1 0000
-83 -73 -2 -1 -270 229 -3 -1 3 0000
-35 -23 -1 0 -260 204 1 2 -1 0000
-87 -26 -2 -1 -267 210 1 -1 2 0000
-27 -17 -1 0 -252 216 0 -3 -2 0000
-71 -33 -1 -1 -302 230 0 -1 0 0000
-25 -12 -1 0 -264 202 2 1 -4 0000
0 14 0 0 -250 161 -1 4 1 0000
-84 -57 -2 -1 -246 181 0 2 0 0000
-63 -26 -1 -1 -293 192 1 0 -1 0000
-72 -44 -1 -1 -272 172 0 -1 0 0000
-32 -41 -1 0 -300 205 0 0 -2 0000
-8 4 0 0 -274 207 0 1 -3 0000
-32 11 -1 0 -290 223 1 0 3 0000
62 62 1 1 -313 180 1 0 2 0000
-40 -10 -1 0 -262 197 -5 -6 1 0000
-32 -35 -1 0 -293 180 0 4 1 0000
-42 -42 -1 0 -269 138 1 -2 -1 0000
-18 -5 0 0 -324 147 2 -2 1 0000
-41 -47 -1 0 -292 153 3 2 2 0000
-44 -55 -1 -1 -315 163 1 3 2 0000
-52 -10 -1 -1 -294 134 -1 -3 1 0000
-60 -3 -1 -1 -281 135 2 -1 2 0000
3 7 0 0 -288 157 2 -1 -4 0000
-18 -16 0 0 -322 140 2 0 0 0000
4 -9 0 0 -279 120 2 2 1 0000
-52 -42 -1 -1 -267 129 -1 -2 -1 0000
-28 -42 -1 0 -292 109 0 2 0 0000
-25 -25 -1 0 -286 101 0 1 1 0000
-86 -20 -2 -1 -310 93 1 -1 2 0000
-7 28 0 0 -265 101 0 -1 -2 0000
-35 5 -1 0 -284 94 0 1 2 0000
-22 -15 0 0 -290 100 -1 -1 2 0000
-17 7 0 0 -288 87 -1 2 -2 0000
-31 9 -1 0 -302 95 1 0 2 0000
-81 -23 -2 -1 -308 75 2 -1 -3 0000
-19 -22 0 0 -312 92 -4 -2 -2 0000
-21 8 0 0 -297 62 0 1 -2 0000
-52 -59 -1 -1 -285 78 -1 1 1 0000
-33 -35 -1 0 -275 76 -2 1 -5 0000
-68 -34 -1 -1 -297 49 -2 0 3 0000
-139 -73 -3 -2 -287 48 -1 3 1 0000
-97 -59 -2 -1 -306 46 1 1 -1 0000
-139 -103 -3 -2 -263 11 0 3 -1 0000
-153 -63 -3 -2 -310 54 0 1 0 0000
-259 -141 -5 -3 -311 38 1 -1 0 0000
-277 -186 -6 -3 -314 64 2 1 6 0000
-315 -197 -6 -4 -302 32 3 2 -1 0000
-305 -194 -6 -4 -294 36 0 2 -1 0000
-253 -167 -5 -3 -304 23 1 1 -1 0000
-220 -125 -4 -3 -324 23 3 -2 3 0000
-208 -127 -4 -3 -313 11 -1 -2 0 0000
-150 -96 -3 -2 -281 -25 3 3 -1 0000
-59 -19 -1 -1 -316 16 -3 -3 2 0000
189 110 4 2 -279 -5 1 1 -2 0000
397 255 8 5 -289 -22 -1 -4 1 0000
647 398 13 8 -314 -23 -1 2 1 0000
1051 631 21 13 -288 -25 -4 -2 -3 0000
1398 836 28 17 -305 -28 1 -2 2 0000
1671 1003 33 20 -283 -17 2 -2 2 0000
1777 1027 36 21 -279 -54 1 0 0 0001
1728 1053 35 21 -278 -24 -1 2 0 0000
1420 868 28 17 -288 -8 0 0 0 0000
1030 631 21 12 -289 -56 2 0 -2 0000
609 337 12 7 -278 -40 2 3 -2 0000
358 241 7 4 -262 -35 -2 0 2 0000
84 69 2 1 -254 -40 -1 -3 5 0000
-91 -36 -2 -1 -275 -43 -2 -1 3 0000
-210 -130 -4 -3 -281 -65 -3 -1 1 0000
-296 -157 -6 -4 -273 -95 -4 -2 2 0000
-240 -146 -5 -3 -260 -45 0 -2 -4 0000
-260 -124 -5 -3 -240 -64 0 0 -2 0000
-190 -142 -4 -2 -237 -72 -2 -1 0 0000
-146 -65 -3 -2 -250 -93 -5 1 -2 0000
-128 -78 -3 -2 -262 -97 0 -1 -3 0000
-85 -36 -2 -1 -212 -83 -1 -2 -2 0000
20 1 0 0 -218 -74 -3 -1 -2 0000
38 66 1 0 -194 -80 -1 0 2 0000
62 58 1 1 -203 -87 -3 -1 1 0000
122 103 2 1 -224 -134 1 -2 3 0000
164 102 3 2 -188 -117 -1 1 0 0000
81 34 2 1 -195 -86 -2 2 -2 0000
150 86 3 2 -221 -117 -1 0 -1 0000
186 102 4 2 -179 -110 0 -2 5 0000
148 90 3 2 -165 -115 0 1 -1 0000
166 103 3 2 -184 -149 -2 0 1 0000
155 94 3 2 -161 -96 0 -2 -3 0000
207 148 4 2 -128 -119 -2 -1 -2 0000
203 124 4 2 -144 -147 0 0 3 0000
200 123 4 2 -155 -135 1 -2 -1 0000
301 168 6 4 -139 -140 -1 1 -1 0000
226 149 5 3 -117 -170 -2 2 -1 0000
276 167 6 3 -97 -160 3 -2 -1 0000
289 207 6 3 -89 -134 5 2 2 0000
315 174 6 4 -90 -160 1 -6 0 0000
276 169 6 3 -81 -140 -2 -2 -2 0000
329 187 7 4 -28 -148 2 0 0 0000
399 248 8 5 -33 -160 0 -1 -3 0000
382 260 8 5 -36 -197 -4 1 0 0000
323 220 6 4 -46 -195 -1 -1 0 0000
343 200 7 4 -54 -190 0 -3 0 0000
366 244 7 4 16 -212 0 0 1 0000
383 198 8 5 21 -180 -2 -2 4 0000
377 251 8 5 27 -171 4 -1 -2 0000
360 237 7 4 43 -226 2 0 5 0000
391 228 8 5 41 -232 -2 3 3 0000
350 205 7 4 51 -206 -3 1 2 0000
368 219 7 4 79 -195 -3 -2 2 0000
371 199 7 4 84 -218 0 -3 0 0000
359 216 7 4 93 -210 0 1 -2 0000
378 230 8 5 119 -239 2 -2 -1 0000
323 196 6 4 124 -205 -4 2 1 0000
320 202 6 4 146 -227 -1 0 -1 0000
337 190 7 4 155 -234 -3 0 0 0000
307 179 6 4 141 -247 -4 2 -1 0000
329 178 7 4 172 -267 -1 -2 2 0000
262 185 5 3 189 -223 0 -3 7 0000
279 193 6 3 171 -235 0 -4 1 0000
219 127 4 3 233 -238 0 2 -3 0000
319 178 6 4 216 -267 1 1 5 0000
259 148 5 3 229 -274 2 3 1 0000
243 168 5 3 243 -291 0 4 1 0000
212 122 4 3 224 -276 1 1 1 0000
202 73 4 2 251 -280 1 1 1 0000
143 117 3 2 259 -246 0 -1 -3 0000
181 130 4 2 232 -270 2 2 0 0000
160 98 3 2 279 -250 1 5 1 0000
171 84 3 2 282 -316 3 -2 1 0000
127 55 3 2 300 -278 4 0 1 0000
143 93 3 2 266 -276 -3 1 -3 0000
128 87 3 2 275 -299 0 1 2 0000
159 116 3 2 308 -299 0 1 5 0000
113 87 2 1 284 -298 -1 -3 -3 0000
117 68 2 1 336 -315 -2 3 1 0000
95 66 2 1 310 -310 2 -1 -3 0000
46 25 1 1 306 -342 4 -5 -2 0000
43 42 1 1 301 -284 -1 -1 -1 0000
45 14 1 1 285 -350 -2 -3 -1 0000
6 -10 0 0 306 -327 2 0 1 0000
66 29 1 1 281 -365 3 0 0 0000
27 8 1 0 289 -335 0 0 -2 0000
25 3 0 0 298 -351 -1 -2 -5 0000
25 2 0 0 266 -359 -1 0 2 0000
48 50 1 1 253 -309 -3 -2 -3 0000
-3 24 0 0 279 -306 1 1 5 0000
-27 24 -1 0 249 -345 -2 -2 -4 0000
17 7 0 0 258 -349 2 0 0 0000
-38 14 -1 0 247 -340 1 -1 -2 0000
-13 -30 0 0 242 -376 2 1 0 0000
-9 29 0 0 202 -333 -1 -1 -2 0000
-63 -36 -1 -1 191 -396 3 2 1 0000
-17 -2 0 0 187 -363 -2 0 2 0000
16 8 0 0 215 -372 -1 -2 -3 0000
-1 11 0 0 199 -390 -2 0 3 0000
-4 26 0 0 158 -346 2 -2 5 0000
-24 -6 0 0 149 -370 0 -1 -1 0000
-10 2 0 0 153 -376 3 -1 1 0000
-38 -32 -1 0 132 -382 -2 -1 -1 0000
18 19 0 0 88 -360 -3 0 2 0000
-32 -31 -1 0 88 -400 -1 0 -2 0000
25 19 0 0 100 -399 1 2 1 0000
-88 -77 -2 -1 76 -373 -1 -2 0 0000
-42 7 -1 0 49 -391 2 -1 -2 0000
-20 -24 0 0 45 -393 -3 -1 1 0000
31 -6 1 0 12 -405 1 -1 1 0000
-56 -49 -1 -1 9 -422 -1 -2 1 0000
-21 -45 0 0 19 -388 0 1 1 0000
-49 -1 -1 -1 10 -413 -3 -2 -1 0000
-51 -26 -1 -1 -47 -379 -1 0 1 0000
2 17 0 0 -17 -431 1 1 -2 0000
-32 -10 -1 0 -51 -379 0 0 -2 0000
-64 -33 -1 -1 -56 -389 -3 1 2 0000
-25 -21 0 0 -61 -412 0 -3 -4 0000
-17 -20 0 0 -72 -448 1 2 -2 0000
-51 -42 -1 -1 -92 -405 0 -1 2 0000
-38 -43 -1 0 -98 -391 -1 1 -1 0000
12 15 0 0 -101 -438 1 1 0 0000
-35 10 -1 0 -102 -390 0 -1 -3 0000
-109 -71 -2 -1 -107 -415 1 2 1 0000
-5 1 0 0 -106 -436 2 -3 -2 0000
-49 -13 -1 -1 -171 -445 1 2 1 0000
-28 -38 -1 0 -160 -448 -3 1 -2 0000
-12 -4 0 0 -160 -478 2 -5 -2 0000
-99 -63 -2 -1 -164 -429 -1 -2 -1 0000
22 7 0 0 -206 -463 0 3 0 0000
29 29 1 0 -199 -450 -2 2 1 0000
-55 -13 -1 -1 -218 -429 1 1 -1 0000
0 9 0 0 -228 -459 -2 1 -3 0000
53 29 1 1 -199 -431 -1 -2 0 0000
-61 -41 -1 -1 -188 -459 3 2 -4 0000
-5 14 0 0 -212 -452 2 -3 0 0000
-59 -43 -1 -1 -227 -469 0 -3 -1 0000
-47 -25 -1 -1 -229 -444 -1 2 2 0000
-40 -44 -1 0 -256 -455 1 0 -3 0000
-34 -35 -1 0 -244 -436 0 5 0 0000
18 -19 0 0 -216 -485 -1 2 1 0000
6 -7 0 0 -262 -453 1 0 1 0000
3 -11 0 0 -274 -462 0 1 -3 0000
-15 -15 0 0 -278 -474 3 -3 -1 0000
0 36 0 0 -265 -511 -1 2 -1 0000
-34 -1 -1 0 -265 -510 -1 0 1 0000
-44 -11 -1 -1 -249 -511 2 -1 -2 0000
-56 -44 -1 -1 -274 -443 1 2 2 0000
-56 -42 -1 -1 -280 -468 -4 -2 4 0000
-1 -4 0 0 -244 -469 2 1 -1 0000
-43 -9 -1 -1 -260 -496 1 -2 0 0000
-64 -50 -1 -1 -311 -490 -2 0 1 0000
21 26 0 0 -267 -484 1 2 3 0000
20 -7 0 0 -286 -457 -1 -1 2 0000
7 -23 0 0 -259 -505 -2 1 5 0000
-30 -12 -1 0 -282 -504 2 5 0 0000
-77 -4 -2 -1 -271 -493 1 3 0 0000
0 -15 0 0 -300 -457 -1 -1 1 0000
-23 -4 0 0 -294 -463 -1 -3 0 0000
-47 -58 -1 -1 -279 -479 2 2 0 0000
-25 -20 -1 0 -310 -516 1 -1 2 0000
-39 -50 -1 0 -273 -466 2 2 1 0000
4 -24 0 0 -286 -488 0 1 0 0000
-67 -21 -1 -1 -299 -493 1 1 0 0000
10 23 0 0 -297 -473 0 1 2 0000
-38 -68 -1 0 -297 -474 2 -1 2 0020
-8 27 0 0 -284 -458 -1 -2 0 0000
-50 -36 -1 -1 -320 -455 -1 4 0 0000
-7 -4 0 0 -284 -492 1 -1 -1 0000
-75 -31 -2 -1 -277 -518 0 -1 1 0000
-59 -72 -1 -1 -265 -506 0 1 1 0000
13 18 0 0 -291 -491 -3 -3 2 0000
-105 -44 -2 -1 -271 -499 -2 1 -1 0000
-6 1 0 0 -288 -453 -2 -1 3 0000
-26 -28 -1 0 -306 -500 -3 0 -1 0000
-64 -4 -1 -1 -302 -495 -3 -3 -2 0000
-43 -23 -1 -1 -311 -463 -2 2 0 0000
-19 -36 0 0 -301 -481 2 2 0 0000
-33 -10 -1 0 -292 -481 -4 -3 -1 0000
-16 -9 0 0 -294 -519 2 -1 -3 0000
-20 -12 0 0 -298 -483 3 -2 -1 0000
31 2 1 0 -308 -504 -2 4 -2 0000
-60 -35 -1 -1 -308 -491 3 3 -2 0000
-42 -32 -1 -1 -303 -513 1 0 0 0000
-86 -37 -2 -1 -303 -476 3 2 0 0000
-147 -80 -3 -2 -299 -490 -5 -2 -1 0000
-128 -58 -3 -2 -317 -523 1 2 -3 0000
-226 -128 -5 -3 -288 -493 -3 0 0 0000
-190 -64 -4 -2 -286 -508 0 0 3 0000
-242 -122 -5 -3 -303 -510 1 1 -1 0000
-247 -111 -5 -3 -300 -495 0 0 3 0000
-300 -169 -6 -4 -270 -494 2 -1 0 0000
-273 -184 -5 -3 -311 -494 1 1 -1 0000
-266 -162 -5 -3 -322 -498 -6 0 3 0000
-159 -77 -3 -2 -284 -497 0 1 2 0000
-164 -97 -3 -2 -300 -510 1 1 -1 0000
9 15 0 0 -282 -493 -1 -1 -2 0000
153 82 3 2 -286 -487 4 -1 1 0000
405 266 8 5 -303 -494 2 1 -3 0000
698 433 14 8 -264 -491 -6 1 -2 0000
1082 640 22 13 -293 -522 -1 -1 3 0000
1410 828 28 17 -300 -517 0 -1 -1 0000
1651 977 33 20 -273 -516 1 -1 -1 0000
1715 1009 34 21 -310 -500 0 0 0 0001
1720 1027 34 21 -287 -503 -1 1 -1 0000
1437 845 29 17 -280 -515 2 -3 -1 0000
975 585 20 12 -294 -490 3 -3 0 0000
680 389 14 8 -278 -478 -3 0 1 0000
303 206 6 4 -285 -496 -2 -2 0 0000
91 66 2 1 -251 -505 2 -2 2 0000
-105 -83 -2 -1 -274 -499 -6 0 2 0000
-141 -79 -3 -2 -277 -540 1 1 2 0000
-201 -84 -4 -2 -278 -502 5 0 2 0000
-223 -92 -4 -3 -260 -458 1 0 -2 0000
-259 -140 -5 -3 -251 -486 0 -2 1 0000
-225 -129 -4 -3 -240 -470 3 0 1 0000
-164 -94 -3 -2 -231 -494 0 3 1 0000
-131 -48 -3 -2 -230 -505 0 1 2 0000
-97 -45 -2 -1 -242 -505 -1 1 0 0000
-18 -26 0 0 -219 -499 1 -3 -3 0000
-2 -9 0 0 -222 -437 -1 2 1 0000
75 24 1 1 -240 -501 -2 2 -4 0000
79 51 2 1 -236 -491 -2 2 4 0000
105 65 2 1 -202 -450 0 1 -2 0000
84 96 2 1 -215 -463 1 0 -4 0000
201 92 4 2 -207 -485 -5 3 -1 0000
160 95 3 2 -165 -462 1 -3 -5 0000
170 112 3 2 -202 -453 1 -1 4 0000
227 90 5 3 -182 -483 2 4 2 0000
175 96 4 2 -162 -469 -2 -2 0 0000
197 145 4 2 -171 -482 -3 -4 -1 0000
254 135 5 3 -133 -463 -2 0 4 0000
270 182 5 3 -124 -433 1 1 -3 0000
208 139 4 2 -141 -492 2 2 1 0000
275 198 6 3 -117 -446 -2 2 -2 0000
290 162 6 3 -94 -448 4 -3 2 0000
302 186 6 4 -90 -446 0 1 2 0000
341 188 7 4 -81 -458 1 -2 0 0000
278 216 6 3 -81 -490 0 0 -1 0000
318 203 6 4 -57 -470 3 2 -3 0000
297 181 6 4 -35 -437 1 5 3 0000
342 202 7 4 -34 -449 -2 0 4 0000
320 198 6 4 -37 -415 1 4 4 0000
355 181 7 4 -39 -450 0 -2 0 0000
376 234 8 5 21 -408 -1 3 1 0000
390 259 8 5 42 -439 2 0 3 0000
369 233 7 4 19 -446 0 2 -1 0000
377 219 8 5 40 -407 2 2 3 0000
376 231 8 5 46 -416 1 0 2 0000
365 231 7 4 91 -456 -2 2 -1 0000
375 255 8 5 58 -401 0 -1 0 0000
325 161 7 4 80 -451 0 1 1 0000
326 174 7 4 91 -417 -2 -1 -3 0000
353 212 7 4 129 -389 -1 -2 -3 0000
304 162 6 4 141 -401 -3 4 -2 0000
366 222 7 4 152 -432 -2 3 3 0000
299 158 6 4 155 -450 -1 3 0 0000
328 191 7 4 174 -390 3 1 -3 0000
318 169 6 4 179 -410 1 -3 -1 0000
365 189 7 4 190 -381 4 -1 0 0000
269 164 5 3 206 -399 -2 1 -1 0000
248 129 5 3 210 -380 1 -4 1 0000
322 232 6 4 227 -417 0 -2 0 0000
207 124 4 2 221 -423 -2 0 -1 0000
235 154 5 3 218 -388 0 2 -2 0000
265 150 5 3 224 -371 0 -1 1 0000
221 158 4 3 255 -361 2 -2 -1 0000
212 148 4 3 270 -367 0 0 3 0000
232 147 5 3 280 -410 -5 -4 -1 0000
198 85 4 2 269 -374 1 -1 1 0000
129 55 3 2 271 -409 0 -2 -2 0000
161 101 3 2 287 -396 0 0 -1 0000
119 75 2 1 266 -357 -3 1 3 0000
152 91 3 2 275 -358 -5 1 1 0000
124 101 2 1 292 -375 0 -1 0 0000
109 90 2 1 297 -366 -1 -1 5 0000
41 6 1 0 296 -352 2 3 0 0000
105 53 2 1 290 -377 1 4 -1 0000
88 62 2 1 295 -387 -2 2 0 0000
24 21 0 0 289 -353 2 -3 3 0000
39 -18 1 0 309 -375 0 -1 2 0000
37 0 1 0 298 -301 -1 -1 0 0000
65 48 1 1 300 -352 0 2 -2 0000
-7 21 0 0 268 -323 2 2 -3 0000
-5 8 0 0 293 -323 -1 3 1 0000
40 -22 1 0 292 -322 -2 2 -1 0000
23 2 0 0 277 -347 2 -1 -3 0000
7 -19 0 0 295 -328 -2 0 -1 0000
22 -9 0 0 251 -333 3 -2 1 0000
2 3 0 0 261 -347 -3 1 2 0000
-49 -47 -1 -1 234 -290 -1 0 1 0000
-33 -36 -1 0 233 -339 0 0 -2 0000
15 35 0 0 234 -319 3 -2 -1 0000
-37 16 -1 0 191 -279 -3 2 -2 0000
39 10 1 0 196 -290 4 0 0 0000
38 48 1 0 188 -314 -2 -1 0 0000
-53 -14 -1 -1 162 -301 -4 0 2 0000
21 21 0 0 172 -264 1 1 -1 0000
-7 -34 0 0 140 -283 -1 0 1 0000
-5 -11 0 0 130 -315 -1 -6 0 0000
-11 -42 0 0 104 -289 -1 2 2 0000
-4 5 0 0 115 -274 0 0 -3 0000
-27 -16 -1 0 112 -242 2 -2 -1 0000
-33 -27 -1 0 91 -275 -1 3 3 0000
36 41 1 0 48 -281 -3 -3 -2 0000
-43 -45 -1 -1 54 -260 -2 1 -1 0000
-38 -22 -1 0 45 -245 -4 0 -2 0000
-51 -17 -1 -1 37 -263 0 0 -2 0000
-9 -31 0 0 25 -273 1 -2 -2 0000
-37 -28 -1 0 13 -267 2 2 1 0000
-15 -26 0 0 4 -261 2 -4 -1 0000
-9 -32 0 0 13 -237 -4 1 -3 0000
56 18 1 1 -42 -222 -1 3 -1 0000
-57 -14 -1 -1 -45 -248 -1 1 1 0000
18 -27 0 0 -68 -219 -2 -1 -2 0000
-15 -13 0 0 -70 -231 0 -2 -2 0000
-55 -36 -1 -1 -78 -258 -1 0 0 0000
40 1 1 0 -67 -186 0 0 0 0000
23 12 0 0 -95 -245 2 4 0 0000
-3 -19 0 0 -120 -205 3 2 -1 0000
37 -6 1 0 -101 -194 5 2 -5 0000
-8 12 0 0 -137 -213 0 0 0 0000
-27 -17 -1 0 -150 -186 0 -1 0 0000
11 0 0 0 -143 -206 2 -1 3 0000
20 9 0 0 -160 -214 -1 3 -4 0000
-73 -72 -1 -1 -159 -226 -2 4 2 0000
-7 -31 0 0 -175 -211 -2 -1 -2 0000
14 32 0 0 -208 -211 -1 1 -2 0000
-2 9 0 0 -189 -191 2 1 -2 0000
-27 -25 -1 0 -165 -183 0 -1 -1 0000
-35 4 -1 0 -180 -141 -1 -1 1 0000
-28 -10 -1 0 -215 -177 1 4 1 0000
-12 -9 0 0 -215 -156 1 0 2 0000
-27 -14 -1 0 -215 -194 -2 1 -1 0000
-15 11 0 0 -230 -141 3 1 -1 0000
0 -9 0 0 -248 -151 0 -1 2 0000
5 36 0 0 -245 -166 2 -2 3 0000
-22 -19 0 0 -224 -160 2 -1 3 0000
-46 -22 -1 -1 -246 -173 2 -2 -3 0000
-20 4 0 0 -273 -149 -1 1 -1 0000
-14 7 0 0 -260 -137 0 0 2 0000
-80 -39 -2 -1 -250 -104 -2 1 -1 0000
-74 -63 -1 -1 -279 -125 -3 0 -4 0000
-26 -9 -1 0 -258 -117 -3 3 -2 0000
-41 -54 -1 0 -284 -116 3 2 0 0000
-31 10 -1 0 -262 -83 2 0 0 0000
-37 -7 -1 0 -273 -75 -1 -1 -1 0000
-82 -58 -2 -1 -252 -82 -2 -1 -3 0000
-25 -15 -1 0 -259 -119 0 1 -1 0000
-30 -9 -1 0 -290 -100 -4 -1 -2 0000
-27 -49 -1 0 -262 -88 -2 0 1 0000
-39 -3 -1 0 -276 -101 -5 0 -1 0000
25 2 1 0 -285 -82 -4 1 1 0000
-29 -3 -1 0 -278 -60 -1 3 -1 0000
-37 -16 -1 0 -301 -51 1 -1 -1 0000
-13 -16 0 0 -299 -18 -3 -2 0 0000
-12 -51 0 0 -311 -54 0 0 2 0000
-4 16 0 0 -297 -33 -3 -3 2 0000
-68 -53 -1 -1 -287 -58 -1 -2 0 0000
10 2 0 0 -293 -69 0 -1 0 0000
-20 -2 0 0 -297 -33 2 1 -1 0000
-10 -9 0 0 -301 -42 1 5 1 0000
-27 -54 -1 0 -284 -50 0 1 0 0000
-30 -11 -1 0 -303 -13 -2 -1 3 0000
-5 -7 0 0 -316 -15 -5 0 -1 0000
-7 -24 0 0 -311 4 0 -1 -2 0000
-19 6 0 0 -312 -11 2 2 -1 0000
2 -25 0 0 -288 -33 0 0 2 0000
19 -26 0 0 -294 -28 1 -1 2 0000
-43 -35 -1 -1 -296 -24 0 3 1 0000
-29 1 -1 0 -273 -8 -1 3 3 0000
-20 -21 0 0 -302 -2 1 2 0 0000
-53 -47 -1 -1 -287 -42 4 -1 3 0000
12 -30 0 0 -268 -1 0 2 -1 0000
-17 -3 0 0 -296 -34 -3 -1 -2 0000
-51 -56 -1 -1 -302 0 0 3 -2 0000
-10 2 0 0 -308 13 -4 2 -1 0000
-24 -7 0 0 -305 28 -2 -2 0 0000
-36 -69 -1 0 -301 37 1 1 0 0000
-48 -51 -1 -1 -300 21 -1 1 -1 0000
22 0 0 0 -303 -4 -1 0 0 0000
-11 -44 0 0 -317 47 1 3 0 0000
-85 -77 -2 -1 -306 37 1 2 -3 0000
-87 -47 -2 -1 -275 23 0 0 -3 0000
-123 -65 -2 -1 -323 38 -1 -1 1 0000
-143 -62 -3 -2 -307 52 0 1 0 0000
-216 -123 -4 -3 -306 47 2 -2 0 0000
-183 -90 -4 -2 -319 31 -2 -2 -1 0000
-233 -145 -5 -3 -296 34 -1 -1 -1 0000
-242 -149 -5 -3 -321 65 0 0 1 0000
-264 -168 -5 -3 -297 75 1 2 2 0000
-194 -119 -4 -2 -282 70 2 -3 -2 0000
-158 -75 -3 -2 -319 112 0 3 -5 0000
-90 -24 -2 -1 -305 92 -2 -1 1 0000
-26 13 -1 0 -291 86 2 1 1 0000
165 91 3 2 -282 58 1 3 0 0000
385 230 8 5 -303 90 -3 1 1 0000
703 446 14 8 -299 105 -2 2 -2 0000
1071 643 21 13 -290 94 2 -3 -2 0000
1388 821 28 17 -288 93 1 -1 -1 0000
1700 1020 34 20 -274 148 2 -1 -2 0000
1748 1039 35 21 -280 106 0 -2 -2 0001
1691 987 34 20 -266 100 -3 -3 4 0000
1457 868 29 17 -275 106 0 -2 3 0000
1074 661 21 13 -260 132 -2 4 -1 0000
670 451 13 8 -297 126 1 1 1 0000
300 157 6 4 -274 103 1 -3 0 0000
71 70 1 1 -249 118 0 -2 2 0000
-78 -54 -2 -1 -256 151 0 0 2 0000
-198 -132 -4 -2 -257 132 3 1 1 0000
-228 -142 -5 -3 -254 176 -1 0 3 0000
-275 -165 -5 -3 -234 144 -4 1 2 0000
-219 -104 -4 -3 -253 169 1 3 -1 0000
-206 -143 -4 -2 -284 208 2 -1 0 0000
-179 -137 -4 -2 -244 190 0 2 2 0000
-126 -62 -3 -2 -244 182 -2 0 1 0000
-62 -30 -1 -1 -237 163 -1 -1 -2 0000
6 18 0 0 -235 181 1 2 -2 0000
46 1 1 1 -240 181 1 1 -1 0000
73 73 1 1 -179 204 -2 2 2 0000
79 4 2 1 -219 218 -1 -3 1 0000
164 73 3 2 -192 208 -3 -1 -2 0000
153 70 3 2 -204 179 1 -4 -1 0000
147 45 3 2 -195 200 -5 -4 1 0000
172 123 3 2 -204 189 0 -1 1 0000
205 90 4 2 -168 221 1 -2 2 0000
149 90 3 2 -167 193 -1 4 -4 0000
180 114 4 2 -143 231 -1 0 -1 0000
202 90 4 2 -165 206 -1 2 3 0000
270 167 5 3 -151 285 2 1 4 0000
252 161 5 3 -129 247 1 2 4 0000
291 179 6 3 -115 250 1 0 -2 0000
271 157 5 3 -113 222 5 -2 -1 0000
334 162 7 4 -103 205 4 2 2 0000
342 237 7 4 -55 279 0 -2 -2 0000
330 210 7 4 -72 237 1 0 0 0000
293 180 6 4 -72 233 -3 0 0 0000
334 198 7 4 -59 261 -1 -1 2 0000
310 187 6 4 -54 254 1 0 0 0000
312 168 6 4 -61 263 5 0 3 0000
342 190 7 4 -15 267 6 -1 1 0000
399 240 8 5 -30 267 0 0 4 0000
413 280 8 5 10 255 4 -1 3 0000
391 238 8 5 22 299 1 -3 3 0000
406 236 8 5 14 283 -1 3 -1 0000
366 223 7 4 24 295 4 -3 -2 0000
384 206 8 5 87 266 2 -2 -2 0000
351 199 7 4 73 303 2 0 2 0000
382 231 8 5 66 312 -2 0 0 0000
451 289 9 5 116 300 3 0 0 0000
388 239 8 5 97 315 -2 2 -1 0000
378 242 8 5 120 306 0 0 -2 0000
412 252 8 5 132 310 -1 2 -1 0000
415 232 8 5 133 311 0 -1 2 0000
354 217 7 4 153 317 -3 2 0 0000
370 214 7 4 161 298 2 0 2 0000
311 177 6 4 154 336 1 -2 0 0000
257 149 5 3 193 358 -3 1 0 0000
307 212 6 4 195 348 -1 -1 -1 0000
281 135 6 3 201 342 3 1 0 0000
318 210 6 4 196 313 3 2 -2 0000
302 173 6 4 234 352 0 -4 -5 0000
275 196 5 3 239 348 1 -1 -1 0000
262 146 5 3 277 353 -1 0 -3 0000
246 151 5 3 278 347 1 2 1 0000
224 151 4 3 255 333 -1 2 -1 0000
203 119 4 2 255 346 -1 1 1 0000
179 118 4 2 268 345 0 1 -2 0000
174 121 3 2 269 370 0 -2 3 0000
161 117 3 2 281 383 1 2 0 0000
143 111 3 2 317 365 -1 1 1 0000
153 86 3 2 275 380 -1 0 -2 0000
145 105 3 2 309 392 1 -3 -2 0000
194 93 4 2 300 368 4 1 1 0000
125 65 3 2 293 373 2 4 -2 0000
112 70 2 1 308 341 -1 1 1 0000
102 74 2 1 290 385 1 0 -4 0000
44 44 1 1 282 386 0 0 -1 0000
69 52 1 1 321 373 -2 0 0 0000
45 9 1 1 274 375 0 1 0 0000
26 -5 1 0 286 350 1 0 0 0000
6 10 0 0 303 404 1 -3 0 0000
70 16 1 1 292 410 0 -4 -1 0000
56 16 1 1 280 436 -2 3 -2 0000
34 31 1 0 261 401 0 0 0 0000
-23 -1 0 0 262 446 1 1 0 0000
14 3 0 0 272 404 1 3 0 0000
33 38 1 0 257 382 -1 3 -2 0000
24 26 0 0 250 403 1 0 -1 0000
-15 -27 0 0 237 412 -2 -2 6 0000
45 -2 1 1 240 430 -2 0 -1 0000
-41 -6 -1 0 230 372 -1 -4 0 0000
11 20 0 0 186 428 2 -1 -5 0000
-6 41 0 0 180 426 1 2 3 0000
-21 -25 0 0 187 427 2 -4 -3 0000
-44 -17 -1 -1 161 413 2 1 1 0000
21 61 0 0 153 416 -1 -1 -2 0000
-16 -15 0 0 140 474 -3 0 2 0000
-26 -6 -1 0 101 428 -2 -3 0 0000
-45 -66 -1 -1 127 482 1 1 0 0000
38 8 1 0 117 451 0 0 -1 0000
13 21 0 0 88 472 -2 -2 1 0000
5 -2 0 0 76 469 1 1 -1 0000
-1 20 0 0 73 436 -2 1 2 0000
-15 -2 0 0 48 464 0 0 -1 0000
-13 -18 0 0 66 406 2 2 0 0000
24 0 0 0 15 447 2 1 -1 0000
-30 -26 -1 0 -1 448 3 1 1 0000
54 51 1 1 -12 434 -2 0 -1 0000
-31 -10 -1 0 2 482 0 -2 3 0000
36 37 1 0 -11 459 0 -1 -2 0000
-23 -8 0 0 -25 478 2 0 0 0000
9 -45 0 0 -56 500 -2 0 -2 0000
-37 -4 -1 0 -62 472 3 2 0 0000
-20 -17 0 0 -59 465 -3 3 -2 0000
-40 -28 -1 0 -75 469 1 1 -1 0000
-13 25 0 0 -84 472 1 0 0 0000
12 1 0 0 -74 493 -1 1 4 0000
35 -29 1 0 -100 485 -3 1 1 0000
-56 -36 -1 -1 -137 465 -3 1 2 0000
19 -23 0 0 -126 488 -1 -3 -3 0000
32 -13 1 0 -140 483 -1 2 -2 0000
-3 -16 0 0 -149 513 0 1 1 0000
-26 -7 -1 0 -181 440 1 0 4 0000
16 16 0 0 -165 457 1 -1 0 0000
23 26 0 0 -168 491 -1 0 -2 0000
4 23 0 0 -188 485 1 -1 0 0000
19 2 0 0 -192 493 -3 -1 -2 0000
-20 -17 0 0 -191 516 1 -5 0 0000
57 41 1 1 -208 512 -2 -1 3 0000
-56 -13 -1 -1 -201 489 -2 -1 2 0000
-15 -26 0 0 -214 468 -2 3 -2 0000
-18 -9 0 0 -209 482 1 4 -4 0000
-41 -10 -1 0 -249 497 1 -3 1 0000
4 13 0 0 -275 497 -7 0 -1 0000
-36 -23 -1 0 -269 488 0 1 3 0000
5 21 0 0 -251 490 0 1 -1 0000
-2 9 0 0 -274 479 0 2 2 0000
-8 -1 0 0 -256 518 3 -2 -1 0000
-27 -40 -1 0 -273 481 1 0 -1 0000
0 15 0 0 -269 498 -5 1 1 0000
3 -12 0 0 -263 476 1 -4 0 0000
0 30 0 0 -277 483 2 0 1 0000
-1 -13 0 0 -263 494 1 -1 1 0000
-1 13 0 0 -266 514 1 -2 -3 0000
-6 13 0 0 -275 499 -4 -2 0 0000
-45 -11 -1 -1 -289 536 4 3 -1 0000
-59 -26 -1 -1 -287 500 2 -1 0 0000
21 67 0 0 -254 487 2 -2 2 0000
-26 -12 -1 0 -284 481 -1 -1 -5 0000
-12 17 0 0 -290 498 2 4 -1 0000
-13 -30 0 0 -276 510 0 2 0 0000
47 41 1 1 -269 501 1 -2 -1 0000
38 28 1 0 -298 476 -1 -1 -3 0000
-12 1 0 0 -292 518 2 0 1 0000
-14 -21 0 0 -303 520 1 1 0 0000
-44 -30 -1 -1 -318 518 -1 1 3 0000
21 2 0 0 -277 490 0 -1 -1 0000
-78 -3 -2 -1 -273 489 2 0 -1 0000
-15 -7 0 0 -293 489 -2 -1 0 0000
1 9 0 0 -287 522 2 -1 -2 0000
-31 -26 -1 0 -312 501 -3 -1 3 0000
33 35 1 0 -272 484 0 0 -2 0000
2 14 0 0 -298 539 -1 -1 -1 0000
52 27 1 1 -307 466 -2 0 0 0000
88 43 2 1 -288 490 4 2 -3 0000
-14 -32 0 0 -310 495 -1 -1 -4 0000
-27 15 -1 0 -292 506 2 3 -3 0000
65 31 1 1 -309 499 4 -1 4 0000
-65 -32 -1 -1 -307 504 1 0 1 0000
5 -19 0 0 -291 504 5 0 -1 0000
14 6 0 0 -282 524 -2 2 1 0000
50 -5 1 1 -280 477 0 1 -2 0000
-25 -27 0 0 -291 494 0 -1 1 0000
-36 -14 -1 0 -285 483 1 2 2 0000
-2 27 0 0 -315 523 0 1 2 0000
15 -13 0 0 -287 475 3 -4 -3 0000
28 42 1 0 -299 514 -2 -3 0 0000
25 19 1 0 -298 506 -2 -2 -1 0000
-48 -27 -1 -1 -301 505 3 0 -1 0000
-103 -66 -2 -1 -335 509 1 -4 1 0000
-54 -38 -1 -1 -298 498 1 -2 1 0000
-128 -64 -3 -2 -266 491 2 1 -2 0000
-191 -123 -4 -2 -289 439 -1 2 0 0000
-166 -114 -3 -2 -287 502 -2 -1 -4 0000
-196 -83 -4 -2 -325 478 0 -1 -1 0000
-252 -130 -5 -3 -305 469 0 -1 -1 0000
-332 -210 -7 -4 -305 474 -1 -1 1 0000
-239 -152 -5 -3 -311 471 -2 -3 -4 0000
-203 -124 -4 -2 -299 488 0 -2 -2 0000
-176 -93 -4 -2 -308 492 2 2 -4 0000
-80 -40 -2 -1 -312 476 -1 0 4 0000
31 6 1 0 -300 488 3 1 4 0000
170 160 3 2 -295 512 -5 3 0 0000
421 280 8 5 -306 493 0 0 1 0000
687 390 14 8 -302 446 -1 -2 3 0000
1020 625 20 12 -253 451 -1 1 -1 0000
1399 855 28 17 -263 468 -2 2 -4 0000
1677 1038 34 20 -301 479 -1 2 -1 0000
1753 1043 35 21 -273 461 2 3 1 0001
1756 1042 35 21 -283 459 -2 -2 0 0000
1398 834 28 17 -261 482 -1 2 1 0000
1055 661 21 13 -295 475 2 0 -1 0000
654 384 13 8 -289 452 0 2 -1 0000
394 262 8 5 -254 479 0 1 -1 0000
103 57 2 1 -275 424 2 0 -2 0000
-15 -42 0 0 -246 450 0 1 -2 0000
-198 -116 -4 -2 -280 455 -2 2 0 0000
-201 -138 -4 -2 -260 478 -1 0 -2 0000
-276 -174 -6 -3 -261 437 -1 -1 -2 0000
-224 -139 -4 -3 -271 472 -1 -3 1 0000
-227 -162 -5 -3 -223 448 1 0 -1 0000
-151 -57 -3 -2 -236 440 0 4 1 0000
-77 -40 -2 -1 -250 449 -2 0 -1 0000
5 9 0 0 -264 444 0 0 0 0000
-17 15 0 0 -233 445 -4 -1 1 0000
79 16 2 1 -215 444 1 -2 1 0000
115 96 2 1 -225 424 0 0 2 0000
92 58 2 1 -220 448 1 -4 -2 0000
239 114 5 3 -202 433 2 -2 2 0000
